/*
SQLyog Ultimate v12.09 (64 bit)
MySQL - 5.5.53-log : Database - audit_integral
*********************************************************************
*/

/*!40101 SET NAMES utf8 */;

/*!40101 SET SQL_MODE=''*/;

/*!40014 SET @OLD_UNIQUE_CHECKS=@@UNIQUE_CHECKS, UNIQUE_CHECKS=0 */;
/*!40014 SET @OLD_FOREIGN_KEY_CHECKS=@@FOREIGN_KEY_CHECKS, FOREIGN_KEY_CHECKS=0 */;
/*!40101 SET @OLD_SQL_MODE=@@SQL_MODE, SQL_MODE='NO_AUTO_VALUE_ON_ZERO' */;
/*!40111 SET @OLD_SQL_NOTES=@@SQL_NOTES, SQL_NOTES=0 */;
CREATE DATABASE /*!32312 IF NOT EXISTS*/`audit_integral` /*!40100 DEFAULT CHARACTER SET utf8 */;

USE `audit_integral`;

/*Table structure for table `audit_report` */

DROP TABLE IF EXISTS `audit_report`;

CREATE TABLE `audit_report` (
  `id` int(11) NOT NULL AUTO_INCREMENT COMMENT '审计报告ID',
  `programme_id` int(11) NOT NULL DEFAULT '0' COMMENT '方案ID',
  `draft_id` int(11) NOT NULL DEFAULT '0' COMMENT '工作底稿ID',
  `confirmation_id` int(11) NOT NULL DEFAULT '0' COMMENT '事实确认书ID',
  `rectify_report_id` int(11) NOT NULL DEFAULT '0' COMMENT '整改报告ID',
  `state` enum('draft','publish') NOT NULL DEFAULT 'draft' COMMENT '状态（draft草稿|publish发布）',
  `update_time` timestamp NULL DEFAULT NULL COMMENT '更新时间',
  `delete` tinyint(1) NOT NULL DEFAULT '0' COMMENT '删除（0未删|1删除）',
  PRIMARY KEY (`id`)
) ENGINE=InnoDB AUTO_INCREMENT=6 DEFAULT CHARSET=utf8;

/*Data for the table `audit_report` */

insert  into `audit_report`(`id`,`programme_id`,`draft_id`,`confirmation_id`,`rectify_report_id`,`state`,`update_time`,`delete`) values (5,94,95,21,49,'publish','2019-01-08 00:17:13',0);

/*Table structure for table `audit_report_basic_info` */

DROP TABLE IF EXISTS `audit_report_basic_info`;

CREATE TABLE `audit_report_basic_info` (
  `id` int(11) NOT NULL AUTO_INCREMENT COMMENT '审计报告基本信息ID',
  `audit_report_id` int(11) NOT NULL DEFAULT '0' COMMENT '审计报告ID',
  `content` varchar(2500) DEFAULT NULL COMMENT '基本信息',
  `delete` tinyint(1) NOT NULL DEFAULT '0' COMMENT '删除（0未删|1删除）',
  PRIMARY KEY (`id`)
) ENGINE=InnoDB AUTO_INCREMENT=8 DEFAULT CHARSET=utf8;

/*Data for the table `audit_report_basic_info` */

insert  into `audit_report_basic_info`(`id`,`audit_report_id`,`content`,`delete`) values (7,5,'<p>本次审计根据以往我们对次级信贷业务内部控制了解及其对次级信贷业务的初步审阅，我们认为本次审计相对于上一年而言,信贷余额没有发生重大变化。因此，本次审计的重要性标准依据次级信贷的0.5%计算约为0.9亿元（即9000万元）作为本次审计的重要性标准,本次所有单独或汇总起来后对本行信贷业务产生重大影响的调整或重分类不超过上述标准</p>',0);

/*Table structure for table `audit_report_plan` */

DROP TABLE IF EXISTS `audit_report_plan`;

CREATE TABLE `audit_report_plan` (
  `id` int(11) NOT NULL AUTO_INCREMENT COMMENT '审计报告基本信息ID',
  `audit_report_id` int(11) NOT NULL DEFAULT '0' COMMENT '审计报告ID',
  `content` varchar(2500) DEFAULT NULL COMMENT '基本信息',
  `delete` tinyint(1) NOT NULL DEFAULT '0' COMMENT '删除（0未删|1删除）',
  PRIMARY KEY (`id`)
) ENGINE=InnoDB AUTO_INCREMENT=8 DEFAULT CHARSET=utf8;

/*Data for the table `audit_report_plan` */

insert  into `audit_report_plan`(`id`,`audit_report_id`,`content`,`delete`) values (7,5,'<div class=\"el-form-item__content\" style=\"margin-left: 50px;\">条法司在公开征求意见前，应当充分评估舆情风险，做好宣传引导和应急处置预案</div>',0);

/*Table structure for table `audit_report_reason` */

DROP TABLE IF EXISTS `audit_report_reason`;

CREATE TABLE `audit_report_reason` (
  `id` int(11) NOT NULL AUTO_INCREMENT COMMENT '审计报告基本信息ID',
  `audit_report_id` int(11) NOT NULL DEFAULT '0' COMMENT '审计报告ID',
  `content` varchar(2500) DEFAULT NULL COMMENT '基本信息',
  `delete` tinyint(1) NOT NULL DEFAULT '0' COMMENT '删除（0未删|1删除）',
  PRIMARY KEY (`id`)
) ENGINE=InnoDB AUTO_INCREMENT=8 DEFAULT CHARSET=utf8;

/*Data for the table `audit_report_reason` */

insert  into `audit_report_reason`(`id`,`audit_report_id`,`content`,`delete`) values (7,5,'<p>对规章送审稿作重大修改的，条法司可以将规章送审稿或者修改稿及其说明等向社会公布，征求意见。征求意见的期限一般不少于 30 日。条法司在公开征求意见前，应当充分评估舆情风险，做好宣传引导和应急处置预案</p>',0);

/*Table structure for table `clause` */

DROP TABLE IF EXISTS `clause`;

CREATE TABLE `clause` (
  `id` int(11) NOT NULL AUTO_INCREMENT COMMENT '管理办法及条款ID',
  `department_id` int(11) NOT NULL DEFAULT '-1' COMMENT '所属部门ID（为-1时所有部门通用）',
  `title` char(200) DEFAULT NULL COMMENT '管理办法及条款标题',
  `author_id` int(11) DEFAULT NULL COMMENT '发布人ID',
  `number` char(100) DEFAULT NULL COMMENT '文件号',
  `update_time` timestamp NOT NULL DEFAULT CURRENT_TIMESTAMP ON UPDATE CURRENT_TIMESTAMP COMMENT '更新时间',
  `state` enum('draft','publish') NOT NULL DEFAULT 'draft' COMMENT '状态（draft草稿publish发布）',
  `delete` tinyint(1) NOT NULL DEFAULT '0' COMMENT '删除（0未删1删除）',
  PRIMARY KEY (`id`)
) ENGINE=InnoDB AUTO_INCREMENT=44 DEFAULT CHARSET=utf8;

/*Data for the table `clause` */

insert  into `clause`(`id`,`department_id`,`title`,`author_id`,`number`,`update_time`,`state`,`delete`) values (37,-1,'中国人民银行规章制定程序与管理规定',-1,'〔2018〕第 3 号','2019-01-07 17:17:28','publish',0),(39,-1,'商业银行理财业务监督管理办法',2,'〔2018〕第 4 号','2019-01-07 17:59:28','draft',0),(40,-1,'商业银行理财业务监督管理办法',2,'〔2018〕第 4 号','2019-01-07 18:01:06','publish',0),(41,-1,'中国银保监会关于规范银行业金融机构异地非持牌机构的指导意见',-1,' 银保监发〔2018〕71号','2019-01-07 19:41:55','draft',0),(42,-1,'中国人民银行规章制定程序与管理规定',-1,'〔2018〕第 3 号','2019-01-07 19:42:14','draft',0);

/*Table structure for table `clause_content` */

DROP TABLE IF EXISTS `clause_content`;

CREATE TABLE `clause_content` (
  `id` int(11) NOT NULL AUTO_INCREMENT COMMENT '管理办法内容ID',
  `clause_id` int(11) DEFAULT NULL COMMENT '管理办法ID',
  `is_title` tinyint(1) NOT NULL DEFAULT '0' COMMENT '是否为标题（0内容1标题）',
  `title_level` char(20) NOT NULL DEFAULT '-' COMMENT '标题级别',
  `content` varchar(2000) DEFAULT NULL COMMENT '内容',
  `order` int(4) NOT NULL DEFAULT '0' COMMENT '顺序',
  `delete` tinyint(1) NOT NULL DEFAULT '0' COMMENT '删除（0未删1删除）',
  PRIMARY KEY (`id`)
) ENGINE=InnoDB AUTO_INCREMENT=3139 DEFAULT CHARSET=utf8;

/*Data for the table `clause_content` */

insert  into `clause_content`(`id`,`clause_id`,`is_title`,`title_level`,`content`,`order`,`delete`) values (1,4,1,'h1','标题测试',1,0),(2,5,1,'h1','标题测试1',1,0),(8,5,1,'h2','标题测试3',2,0),(39,9,0,'','1',1,0),(2168,37,1,'h1','第一章 总则',1,0),(2169,37,0,'h1','第一条 为加强对中国人民银行规章的管理，规范规章的制定、备案、解释和清理等工作，保障规章质量，根据《中华人民共和国立法法》《规章制定程序条例》和《法规规章备案条例》等法律法规，结合工作实际，制定本规定。',2,0),(2170,37,0,'h1','第二条 中国人民银行规章的立项、起草、审查、决定、公布、解释、修改、清理、备案等事项，适用本规定。',3,0),(2171,37,0,'h1','第三条 制定规章，应当贯彻落实党的路线方针政策和决策部署，体现全面深化改革精神，科学规范行政行为，切实保障公民、法人和其他组织的合法权益，遵循《中华人民共和国立法法》确定的立法原则，符合宪法、法律、行政法规和其他上位法的规定 。没有法律或者国务院的行政法规、决定、命令的依据，规章不得设定减损公民、法人和其他组织权利或者增加其义务的规范，不得增加中国人民银行的权力或者减少法定职责。',4,0),(2172,37,0,'h1','第四条 制定政治方面法律的配套规章和涉及金融体制改革、金融对外开放等重大经济社会方面的规章，应当在起草过程中按规定及时向中国人民银行党委报告。',5,0),(2173,37,0,'h1','第五条 规章的名称一般为“规定”、“办法”，不得称“法”、“条例”。第六条 涉及下列事项，原则上应当制定规章：',6,0),(2174,37,0,'h1','在上位法设定的行政许可事项范围内，对实施该行政许可作出具体规定；',7,0),(2175,37,0,'h1','设定行政处罚，或者在法律、行政法规规定的给予行政处罚的行为、种类和幅度的范围内作出具体规定；',8,0),(2176,37,0,'h1','委托符合《中华人民共和国行政处罚法》规定条件的组织实施行政处罚；',9,0),(2177,37,0,'h1','新设执法检查事项；',10,0),(2178,37,0,'h1','相关规定可能对公民、法人和其他组织权利义务造成重大影响的。对同一或者类似事项已经制定多部规范性文件、相关制度已经较为成熟的，应当及时制定规章。',11,0),(2179,37,0,'h1','第七条 中国人民银行条法司牵头负责规章的制定和管理工作，承担组织规章的立项、起草、审查、解释、备案、修改、清理等工作；办公厅负责规章的公文审核、公布、档案管理等工作。中国人民银行和国家外汇管理局内设机构（以下简称起草单位）依职责做好规章的立项、起草等工作。',12,0),(2180,37,1,'h1','第二章	立项',13,0),(2181,37,0,'h1','第八条 条法司组织编列年度规章制定工作计划。起草单位结合工作实际情况和监管工作需要，认为需要制定规章的，应当于每年年初提出本年度的规章立项申请。中国人民银行各省会（首府）城市中心支行以上分支机构可以于每年年初提出本年度规章制定项目建议。条法司可以视情况向社会公开征集规章制定项目建议。',14,0),(2182,37,0,'h1','第九条 立项申请应当着重说明以下内容：',15,0),(2183,37,0,'h1','制定规章的依据；',16,0),(2184,37,0,'h1','制定规章的必要性；',17,0),(2185,37,0,'h1','所要解决的主要问题；',18,0),(2186,37,0,'h1','拟确立的主要制度；',19,0),(2187,37,0,'h1','规章制定计划和拟发布时间。',20,0),(2188,37,0,'h1','第十条 条法司应当对立项申请和规章制定项目建议进行评估论证，拟订年度规章制定工作计划，报中国人民银行负责同志批准后向社会公布。规章制定工作计划包括规章名称、起草单位、拟发布时间等。',21,0),(2189,37,0,'h1','第十一条 中国人民银行按照相关财务管理规定对年度规章制定工作计划给予经费保障。',22,0),(2190,37,0,'h1','第十二条 对列入年度规章制定工作计划的项目，起草单位应当抓紧起草工作，按照计划及时上报。条法司应当及时跟踪了解年度规章制定工作计划执行情况，加强组织协调和督促指导。对列入年度规章制定工作计划但未完成的项目，原则上应当在下一年度重新立项。根据工作需要，未列入年度规章制定工作计划而又确有制定必要的规章，由起草单位商条法司并报中国人民银行负责同志批准后，可以作为补充计划项目执行。',23,0),(2191,37,1,'h1','第三章	起草',24,0),(2192,37,0,'h1','第十三条 规章一般由起草单位具体负责起草工作，条法司负责指导协调。涉及重大事项、多个内设机构职权等的规章，可以由条法司负责起草或者组织相关内设机构起草。',25,0),(2193,37,0,'h1','第十四条 规章应当采用条文形式，一般包括制定目的和依据、适用范围、职责分工、具体规范、法律责任、解释权、施行日期等内容。条文较多的规章可以区分章节。',26,0),(2194,37,0,'h1','第十五条 起草规章时，起草单位应当同时撰写起草说明，说明以下事项：',27,0),(2195,37,0,'h1','制定规章的依据和必要性；',28,0),(2196,37,0,'h1','主要起草过程；',29,0),(2197,37,0,'h1','拟解决的主要问题和拟确立的主要制度；',30,0),(2198,37,0,'h1','意见征求及采纳、协调处理情况；',31,0),(2199,37,0,'h1','开展贸易政策合规性评估和公平竞争审查的情况；',32,0),(2200,37,0,'h1','其他需要说明的问题。',33,0),(2201,37,0,'h1','第十六条 起草单位在起草过程中应当深入调查研究，广泛征求有关机关、组织和公民的意见。起草的规章涉及国务院其他部门的职责或者与其他部门关系紧密的，涉及中国人民银行其他内设机构职责的，起草单位应当征求国务院其他部门或者有关内设机构对规章条文或者规章涉及的主要问题的意见。征求意见可以采取书面征求意见、座谈会、论证会、听证会等多种形式。起草专业性较强的规章，起草单位可以吸收相关领域的专家参与起草工作，或者委托有关专家、教学科研单位、社会组织起草。起草规章符合《规章制定程序条例》第十六条规定的情况，需要听证的，起草单位应当按照相关程序举办听证会，广泛听取有关方面的意见。',34,0),(2202,37,0,'h1','第十七条 规章起草过程中，除依法需要保密的外，起草单位应当将规章条文及其说明等向社会公布，公开征求意见。公开征求意见的期限一般不少于 30 日。公开征求意见前，起草单位应当充分评估舆情风险，做好宣传引导和应急处置预案，商条法司、办公厅并报中国人民银行负责同志批准。',35,0),(2203,37,0,'h1','第十八条 起草的规章与贸易有关或者可能影响贸易的，起草单位应当在起草过程中按照规定开展贸易政策合规性评估。起草的规章涉及市场主体经济活动的，起草单位应当在起草过程中按照规定开展公平竞争审查。法律、行政法规规定和国务院文件要求对规章进行其他审查的，起草单位应当在起草过程中按照规定及时完成审查。',36,0),(2204,37,0,'h1','第十九条 起草的规章应当与现行法律、行政法规和相关规章相衔接，法律、行政法规已经明确规定的内容不作重复规定。新起草的规章拟替代相关规章或者修改相关规章部分条款的，应当明确拟废止的相应规章或者拟废止、修改相关规章的相应条款。',37,0),(2205,37,0,'h1','第二十条 起草政治方面法律的配套规章和涉及金融体制改革、金融对外开放等重大经济社会方面的规章，起草单位应当在起草过程中，及时商条法司将重大问题向中国人民银行党委报告 。',38,0),(2206,37,0,'h1','第二十一条 规章起草完成后，起草单位应当制作规章送审稿，并将规章送审稿及起草说明、对规章送审稿主要问题的不同意见和其他有关材料报送条法司审查。有关材料主要包括所规范领域的实际情况和相关数据、实践中存在的主要问题、汇总的意见、调研报告、国内外有关立法资料等。修改规章的，还应当提供修改内容对照表。',39,0),(2208,37,1,'h1','第四章	审查',40,0),(2209,37,0,'h1','第二十二条 规章送审稿由条法司负责统一审查。审查主要包括以下方面：',41,0),(2210,37,0,'h1','是否列入年度规章制定工作计划或者补充计划；',42,0),(2211,37,0,'h1','是否符合《规章制定程序条例》第三条、第四条、第五条、第六条的规定；',43,0),(2212,37,0,'h1','是否符合社会主义核心价值观的要求；',44,0),(2213,37,0,'h1','是否与现行法律、行政法规和规章协调、衔接；',45,0),(2214,37,0,'h1','是否按照本规定的要求广泛征求各方面意见，并充分采纳相关意见、协调正确处理主要争议；',46,0),(2215,37,0,'h1','条文结构和法律用语是否准确，是否符合立法技术要求；',47,0),(2216,37,0,'h1','主要规定是否具有针对性和可执行性；',48,0),(2217,37,0,'h1','开展贸易政策合规性评估和公平竞争审查的情况；',49,0),(2218,37,0,'h1','需要审查的其他内容。',50,0),(2219,37,0,'h1','第二十三条 规章送审稿有下列情形之一的，条法司经司务会审议通过，可以缓办或者退回起草单位：',51,0),(2220,37,0,'h1','立法依据不足，或者与宪法、法律、行政法规和其他上位法存在冲突的；',52,0),(2221,37,0,'h1','制定规章的基本条件尚不成熟、发生重大变化，或者没有制定规章必要的；',53,0),(2222,37,0,'h1','未充分征求意见，或者对主要制度存在较大争议，起草单位未与有关机构或者部门达成较为一致意见的；',54,0),(2223,37,0,'h1','主要内容严重脱离实际，或者缺乏针对性和可执行性的；',55,0),(2224,37,0,'h1','在立法技术上存在较大缺陷，需要作全面调整和修改的；',56,0),(2225,37,0,'h1','存在不符合本规定第二十一条或未通过第二十二条审查的其他情形的。',57,0),(2226,37,0,'h1','第二十四条 条法司应当就规章送审稿涉及的主要问题，深入基层进行实地调查研究，听取基层有关机关、组织和公民的意见；将规章送审稿或者规章送审稿涉及的主要问题发送至有关机关、组织和专家征求意见。对规章送审稿作重大修改的，条法司可以将规章送审稿或者修改稿及其说明等向社会公布，征求意见。征求意见的期限一般不少于 30 日。条法司在公开征求意见前，应当充分评估舆情风险，做好宣传引导和应急处置预案。',58,0),(2227,37,0,'h1','第二十五条 规章送审稿涉及重大利益调整的，条法司应当进行论证咨询，广泛听取有关方面的意见。论证咨询可以采取座谈会、论证会、听证会、委托研究等多种形式。规章送审稿涉及重大利益调整或者存在重大意见分歧，对公民、法人或者其他组织的权利义务有较大影响，人民群众普遍关注，起草单位在起草过程中未举行听证会的，经中国人民银行负责同志批准，条法司可以举行听证会。',59,0),(2228,37,0,'h1','第二十六条 有关机构或者部门对规章送审稿涉及的主要措施、管理体制、权限分工等问题有不同意见的，条法司应当进行协调，力求达成一致意见。经过充分协调不能达成一致意见的，条法司应当将主要问题、有关机构或者部门的意见和条法司倾向性的意见及时报中国人民银行负责同志决定。',60,0),(2229,37,0,'h1','第二十七条 在审查过程中，条法司应当加强与起草单位的沟通，及时将意见反馈至起草单位，需要补充材料的，起草单位应当及时补充。条法司应当认真研究各方面的意见，与起草单位协商后，对规章送审稿进行修改，形成规章草案和草案说明。草案说明应当包括制定规章拟解决的主要问题、确立的主要措施以及与有关部门的协调情况等。',61,0),(2230,37,0,'h1','第二十八条 规章草案和草案说明由条法司主要负责同志签署，经中国人民银行负责同志同意后，提请中国人民银行行长办公会议审议。',62,0),(2231,37,0,'h1','决定和公布',63,0),(2232,37,0,'h1','第二十九条 规章应当经中国人民银行行长办公会议审议。审议规章草案时，由条法司作说明，也可以由起草单位作说明。',64,0),(2233,37,0,'h1','第三十条 条法司应当在根据中国人民银行行长办公会议审议意见，对规章草案进行修改和完善后，报请中国人民银行行长签署命令予以公布。公布规章使用“中国人民银行令”，载明该规章的序号、名称、通过日期、施行日期、中国人民银行行长署名以及公布日期。',65,0),(2234,37,0,'h1','第三十一条 涉外规章有下列情形之一的，在正式发布前应当向国务院请示报告：',66,0),(2235,37,0,'h1','涉及对外开放的方针性、政策性、原则性的制度设定或者调整的；',67,0),(2236,37,0,'h1','（二）专门规范外国人和外国企业、组织及其活动的制度设定或者调整的；',68,0),(2237,37,0,'h1','（三）存在有必要向国务院请示报告的其他情形的。',69,0),(2238,37,1,'h1','第六章	解释、备案与清理',70,0),(2239,37,0,'h1','第三十二条 规章的规定需要进一步明确具体含义，或者制定后出现新的情况、需要明确适用规章依据的，由条法司参照规章送审稿审查程序提出意见，报中国人民银行负责同志批准后以“中国人民银行公告”的形式发布。规章的解释与规章具有同等效力。',71,0),(2240,37,0,'h1','第三十三条 条法司应当在规章公布之日起 30 日内，按照《中华人民共和国立法法》和《法规规章备案条例》的规定进行备案。第三十四条 条法司应当根据全面深化改革、经济社会发展需要以及上位法规定，及时组织开展规章清理工作，制定并发布有效规章目录。',72,0),(2241,37,1,'h1','第七章	附则',73,0),(2242,37,0,'h1','第三十五条 规章的修改、废止，参照本规定第二章至第五章规定的相关程序执行。修改、废止规章，以“中国人民银行令”及时公布。',74,0),(2243,37,0,'h1','第三十六条 条法司可以组织对已发布的规章进行立法后评估。条法司可以根据评估结果，提出修改、废止有关规章的建议。',75,0),(2244,37,0,'h1','第三十七条 国家外汇管理局以中国人民银行名义制定规章及相关规章的管理工作，适用本规定。国务院委托中国人民银行代拟的法律、行政法规草案的行内起草程序，参照本规定执行。中国人民银行与国务院其他部门联合制定规章，使用中国人民银行文号的，适用本规定；使用其他部门文号的，应当由主办单位提出意见，参照本规定第四章的规定报条法司审查，并经中国人民银行行长办公会议审议通过。',76,0),(2245,37,0,'h1','第三十八条 规章涉及或影响货物贸易、服务贸易以及与贸易有关的知识产权的，应当制作英文译本。规章的英文译本由起草单位负责制作，一般应当在规章实施前报条法司，确有特殊情况的，不晚于规章施行之日起 75 日内报送。条法司对规章的英文译本进行审核后，按照相关规定对外公布。',77,0),(2246,37,0,'h1','第三十九条 本规定由中国人民银行负责解释。',78,0),(2247,37,0,'h1','第四十条 本规定自 2018 年 11 月 1 日起施行。《规章制定标准规程》（银办发〔2002〕268 号文印发）同时废止。',79,0),(2493,39,1,'h1','第一章  总则',0,0),(2494,39,1,'h1','第二章  分类管理',1,0),(2495,39,1,'h1','第三章  业务规则与风险管理',2,0),(2496,39,1,'h1','第四章  监督管理',3,0),(2497,39,1,'h1','第五章  法律责任',4,0),(2498,39,1,'h1','第六章  附则',5,0),(2499,39,0,'',' ',6,0),(2500,39,1,'h1','第一章  总则',7,0),(2501,39,0,'','第一条 为加强对商业银行理财业务的监督管理，促进商业银行理财业务规范健康发展，依法保护投资者合法权益，根据《中华人民共和国银行业监督管理法》《中华人民共和国商业银行法》等法律、行政法规以及《关于规范金融机构资产管理业务的指导意见》（以下简称《指导意见》），制定本办法。',8,0),(2502,39,0,'','第二条 本办法适用于在中华人民共和国境内设立的商业银行，包括中资商业银行、外商独资银行、中外合资银行。',9,0),(2503,39,0,'','第三条 本办法所称理财业务是指商业银行接受投资者委托，按照与投资者事先约定的投资策略、风险承担和收益分配方式，对受托的投资者财产进行投资和管理的金融服务。',10,0),(2504,39,0,'','本办法所称理财产品是指商业银行按照约定条件和实际投资收益情况向投资者支付收益、不保证本金支付和收益水平的非保本理财产品。',11,0),(2505,39,0,'','第四条 商业银行理财产品财产独立于管理人、托管机构的自有资产，因理财产品财产的管理、运用、处分或者其他情形而取得的财产，均归入银行理财产品财产。',12,0),(2506,39,0,'','商业银行理财产品管理人、托管机构不得将银行理财产品财产归入其自有资产，因依法解散、被依法撤销或者被依法宣告破产等原因进行清算的，银行理财产品财产不属于其清算财产。',13,0),(2507,39,0,'','第五条 商业银行理财产品管理人管理、运用和处分理财产品财产所产生的债权，不得与管理人、托管机构因自有资产所产生的债务相抵销；管理人管理、运用和处分不同理财产品财产所产生的债权债务，不得相互抵销。',14,0),(2508,39,0,'','第六条 商业银行开展理财业务，应当按照《指导意见》第八条的相关规定，诚实守信、勤勉尽职地履行受人之托、代人理财职责，投资者自担投资风险并获得收益。',15,0),(2509,39,0,'','商业银行开展理财业务，应当遵守成本可算、风险可控、信息充分披露的原则，严格遵守投资者适当性管理要求，保护投资者合法权益。',16,0),(2510,39,0,'','第七条 银行业监督管理机构依法对商业银行理财业务活动实施监督管理。',17,0),(2511,39,0,'','银行业监督管理机构应当对理财业务实行穿透式监管，向上识别理财产品的最终投资者，向下识别理财产品的底层资产，并对理财产品运作管理实行全面动态监管。',18,0),(2512,39,0,'',' ',19,0),(2513,39,1,'h1','第二章 分类管理',20,0),(2514,39,0,'','第八条 商业银行应当根据募集方式的不同，将理财产品分为公募理财产品和私募理财产品。',21,0),(2515,39,0,'','本办法所称公募理财产品是指商业银行面向不特定社会公众公开发行的理财产品。公开发行的认定标准按照《中华人民共和国证券法》执行。',22,0),(2516,39,0,'','本办法所称私募理财产品是指商业银行面向合格投资者非公开发行的理财产品。合格投资者是指具备相应风险识别能力和风险承受能力，投资于单只理财产品不低于一定金额且符合下列条件的自然人、法人或者依法成立的其他组织：',23,0),(2517,39,0,'','（一）具有2年以上投资经历，且满足家庭金融净资产不低于300万元人民币，或者家庭金融资产不低于500万元人民币，或者近3年本人年均收入不低于40万元人民币；',24,0),(2518,39,0,'','（二）最近1年末净资产不低于1000万元人民币的法人或者依法成立的其他组织；',25,0),(2519,39,0,'','（三）国务院银行业监督管理机构规定的其他情形。',26,0),(2520,39,0,'','私募理财产品的投资范围由合同约定，可以投资于债权类资产和权益类资产等。权益类资产是指上市交易的股票、未上市企业股权及其受（收）益权。',27,0),(2521,39,0,'','第九条 商业银行应当根据投资性质的不同，将理财产品分为固定收益类理财产品、权益类理财产品、商品及金融衍生品类理财产品和混合类理财产品。固定收益类理财产品投资于存款、债券等债权类资产的比例不低于80%；权益类理财产品投资于权益类资产的比例不低于80%；商品及金融衍生品类理财产品投资于商品及金融衍生品的比例不低于80%；混合类理财产品投资于债权类资产、权益类资产、商品及金融衍生品类资产且任一资产的投资比例未达到前三类理财产品标准。',28,0),(2522,39,0,'','非因商业银行主观因素导致突破前述比例限制的，商业银行应当在流动性受限资产可出售、可转让或者恢复交易的15个交易日内将理财产品投资比例调整至符合要求，国务院银行业监督管理机构规定的特殊情形除外。',29,0),(2523,39,0,'','第十条 商业银行应当根据运作方式的不同，将理财产品分为封闭式理财产品和开放式理财产品。',30,0),(2524,39,0,'','本办法所称封闭式理财产品是指有确定到期日，且自产品成立日至终止日期间，投资者不得进行认购或者赎回的理财产品。开放式理财产品是指自产品成立日至终止日期间，理财产品份额总额不固定，投资者可以按照协议约定，在开放日和相应场所进行认购或者赎回的理财产品。',31,0),(2525,39,0,'','第十一条 商业银行发行投资衍生产品的理财产品的，应当具有衍生产品交易资格，并遵守国务院银行业监督管理机构关于衍生产品业务管理的有关规定。',32,0),(2526,39,0,'','商业银行开展理财业务涉及外汇业务的，应当具有开办相应外汇业务的资格，并遵守外汇管理的有关规定。',33,0),(2527,39,0,'','第十二条 商业银行总行应当按照以下要求，在全国银行业理财信息登记系统对理财产品进行集中登记：',34,0),(2528,39,0,'','（一）商业银行发行公募理财产品的，应当在理财产品销售前10日，在全国银行业理财信息登记系统进行登记；',35,0),(2529,39,0,'','（二）商业银行发行私募理财产品的，应当在理财产品销售前2日，在全国银行业理财信息登记系统进行登记；',36,0),(2530,39,0,'','（三）在理财产品募集和存续期间，按照有关规定持续登记理财产品的募集情况、认购赎回情况、投资者信息、投资资产、资产交易明细、资产估值、负债情况等信息；',37,0),(2531,39,0,'','（四）在理财产品终止后5日内完成终止登记。',38,0),(2532,39,0,'','商业银行应当确保本行理财产品登记信息的真实性、准确性、完整性和及时性。信息登记不齐全或者不符合要求的，应当进行补充或者重新登记。',39,0),(2533,39,0,'','商业银行不得发行未在全国银行业理财信息登记系统进行登记并获得登记编码的理财产品。商业银行应当在理财产品销售文件的显著位置列明该产品在全国银行业理财信息登记系统获得的登记编码，并提示投资者可以依据该登记编码在中国理财网查询产品信息。 ',40,0),(2534,39,0,'','银行业理财登记托管中心应当在国务院银行业监督管理机构的指导下，履行下列职责：',41,0),(2535,39,0,'','（一）持续加强全国银行业理财信息登记系统的建设和管理，确保系统独立、安全、高效运行；',42,0),(2536,39,0,'','（二）完善理财信息登记业务规则、操作规程和技术标准规范等，加强理财信息登记质量监控；',43,0),(2537,39,0,'','（三）向国务院银行业监督管理机构报告理财业务、理财信息登记质量和系统运行等有关情况；',44,0),(2538,39,0,'','（四）提供必要的技术支持、业务培训和投资者教育等服务；',45,0),(2539,39,0,'','（五）依法合规使用信息，建立保密制度并采取相应的保密措施，确保信息安全；',46,0),(2540,39,0,'','（六）国务院银行业监督管理机构规定的其他职责。',47,0),(2541,39,0,'',' ',48,0),(2542,39,1,'h1','第三章  业务规则与风险管理',49,0),(2543,39,1,'h2','第一节  管理体系与管理制度',50,0),(2544,39,0,'','第十三条 商业银行董事会和高级管理层应当充分了解理财业务及其所面临的各类风险，根据本行的经营目标、投资管理能力、风险管理水平等因素，确定开展理财业务的总体战略和政策，确保具备从事理财业务和风险管理所需要的专业人员、业务处理系统、会计核算系统和管理信息系统等人力、物力资源。',51,0),(2545,39,0,'','第十四条 商业银行应当通过具有独立法人地位的子公司开展理财业务。暂不具备条件的，商业银行总行应当设立理财业务专营部门，对理财业务实行集中统一经营管理。',52,0),(2546,39,0,'','商业银行设立理财子公司的监管规定由国务院银行业监督管理机构另行制定。',53,0),(2547,39,0,'','第十五条 商业银行开展理财业务，应当确保理财业务与其他业务相分离，理财产品与其代销的金融产品相分离，理财产品之间相分离，理财业务操作与其他业务操作相分离。',54,0),(2548,39,0,'','第十六条 商业银行应当根据理财业务性质和风险特征，建立健全理财业务管理制度，包括产品准入管理、风险管理与内部控制、人员管理、销售管理、投资管理、合作机构管理、产品托管、产品估值、会计核算和信息披露等。',55,0),(2549,39,0,'','商业银行应当针对理财业务的风险特征，制定和实施相应的风险管理政策和程序，确保持续有效地识别、计量、监测和控制理财业务的各类风险，并将理财业务风险管理纳入其全面风险管理体系。商业银行应当按照国务院银行业监督管理机构关于内部控制的相关规定，建立健全理财业务的内部控制体系，作为银行整体内部控制体系的有机组成部分。',56,0),(2550,39,0,'','商业银行内部审计部门应当按照国务院银行业监督管理机构关于内部审计的相关规定，至少每年对理财业务进行一次内部审计，并将审计报告报送审计委员会及董事会。董事会应当针对内部审计发现的问题，督促高级管理层及时采取整改措施。内部审计部门应当跟踪检查整改措施的实施情况，并及时向董事会提交有关报告。',57,0),(2551,39,0,'','商业银行应当按照国务院银行业监督管理机构关于外部审计的相关规定，委托外部审计机构至少每年对理财业务和公募理财产品进行一次外部审计，并针对外部审计发现的问题及时采取整改措施。',58,0),(2552,39,0,'','第十七条 商业银行应当建立理财产品的内部审批政策和程序，在发行新产品之前充分识别和评估各类风险。理财产品由负责风险管理、法律合规、财务会计管理和消费者保护等相关职能部门进行审核，并获得董事会、董事会授权的专门委员会、高级管理层或者相关部门的批准。',59,0),(2553,39,0,'','第十八条 商业银行开展理财业务，应当确保每只理财产品与所投资资产相对应，做到每只理财产品单独管理、单独建账和单独核算，不得开展或者参与具有滚动发行、集合运作、分离定价特征的资金池理财业务。',60,0),(2554,39,0,'','本办法所称单独管理是指对每只理财产品进行独立的投资管理。单独建账是指为每只理财产品建立投资明细账，确保投资资产逐项清晰明确。单独核算是指对每只理财产品单独进行会计账务处理，确保每只理财产品具有资产负债表、利润表、产品净值变动表等财务会计报表。',61,0),(2555,39,0,'','第十九条 商业银行开展理财业务，应当按照《企业会计准则》和《指导意见》等关于金融工具估值核算的相关规定，确认和计量理财产品的净值。',62,0),(2556,39,0,'','第二十条 商业银行开展理财业务，应当遵守市场交易和公平交易原则，不得在理财产品之间、理财产品投资者之间或者理财产品投资者与其他市场主体之间进行利益输送。',63,0),(2557,39,0,'','第二十一条 商业银行理财产品投资于本行或托管机构，其主要股东、控股股东、实际控制人、一致行动人、最终受益人，其控股的机构或者与其有重大利害关系的公司发行或者承销的证券，或者从事其他重大关联交易的，应当符合理财产品的投资目标、投资策略和投资者利益优先原则，按照商业原则，以不优于对非关联方同类交易的条件进行，并向投资者充分披露信息。',64,0),(2558,39,0,'','商业银行应当按照金融监督管理部门关于关联交易的相关规定，建立健全理财业务关联交易内部评估和审批机制。理财业务涉及重大关联交易的，应当提交有权审批机构审批，并向银行业监督管理机构报告。',65,0),(2559,39,0,'','商业银行不得以理财资金与关联方进行不正当交易、利益输送、内幕交易和操纵市场，包括但不限于投资于关联方虚假项目、与关联方共同收购上市公司、向本行注资等。',66,0),(2560,39,0,'','第二十二条 商业银行开展理财业务，应当按照《商业银行资本管理办法（试行）》的相关规定计提操作风险资本。',67,0),(2561,39,0,'','第二十三条 商业银行应当建立有效的理财业务投资者投诉处理机制，明确受理和处理投资者投诉的途径、程序和方式，根据法律、行政法规、金融监管规定和合同约定妥善处理投资者投诉。',68,0),(2562,39,0,'','第二十四条 商业银行应当建立健全理财业务人员的资格认定、培训、考核评价和问责制度，确保理财业务人员具备必要的专业知识、行业经验和管理能力，充分了解相关法律、行政法规、监管规定以及理财产品的法律关系、交易结构、主要风险及风险管控方式，遵守行为准则和职业道德标准。',69,0),(2563,39,0,'','商业银行的董事、监事、高级管理人员和其他理财业务人员不得有下列行为：',70,0),(2564,39,0,'','（一）将自有财产或者他人财产混同于理财产品财产从事投资活动；',71,0),(2565,39,0,'','（二）不公平地对待所管理的不同理财产品财产；',72,0),(2566,39,0,'','（三）利用理财产品财产或者职务之便为理财产品投资者以外的人牟取利益；',73,0),(2567,39,0,'','（四）向理财产品投资者违规承诺收益或者承担损失；',74,0),(2568,39,0,'','（五）侵占、挪用理财产品财产；',75,0),(2569,39,0,'','（六）泄露因职务便利获取的未公开信息，利用该信息从事或者明示、暗示他人从事相关的交易活动；',76,0),(2570,39,0,'','（七）玩忽职守，不按照规定履行职责；',77,0),(2571,39,0,'','（八）法律、行政法规和国务院银行业监督管理机构规定禁止的其他行为。',78,0),(2572,39,0,'',' ',79,0),(2573,39,1,'h2','第二节  销售管理',80,0),(2574,39,0,'','第二十五条 商业银行理财产品销售是指商业银行将本行发行的理财产品向投资者进行宣传推介和办理认购、赎回等业务活动。',81,0),(2575,39,0,'','第二十六条 商业银行销售理财产品，应当加强投资者适当性管理，向投资者充分披露信息和揭示风险，不得宣传或承诺保本保收益，不得误导投资者购买与其风险承受能力不相匹配的理财产品。',82,0),(2576,39,0,'','商业银行理财产品宣传销售文本应当全面、如实、客观地反映理财产品的重要特性，充分披露理财产品类型、投资组合、估值方法、托管安排、风险和收费等重要信息，所使用的语言表述必须真实、准确和清晰。',83,0),(2577,39,0,'','商业银行发行理财产品，不得宣传理财产品预期收益率，在理财产品宣传销售文本中只能登载该理财产品或者本行同类理财产品的过往平均业绩和最好、最差业绩，并以醒目文字提醒投资者“理财产品过往业绩不代表其未来表现，不等于理财产品实际收益，投资须谨慎”。',84,0),(2578,39,0,'','第二十七条 商业银行应当采用科学合理的方法，根据理财产品的投资组合、同类产品过往业绩和风险水平等因素，对拟销售的理财产品进行风险评级。',85,0),(2579,39,0,'','理财产品风险评级结果应当以风险等级体现，由低到高至少包括一级至五级，并可以根据实际情况进一步细分。',86,0),(2580,39,0,'','第二十八条 商业银行应当对非机构投资者的风险承受能力进行评估，确定投资者风险承受能力等级，由低到高至少包括一级至五级，并可以根据实际情况进一步细分。',87,0),(2581,39,0,'','商业银行不得在风险承受能力评估过程中误导投资者或者代为操作，确保风险承受能力评估结果的真实性和有效性。',88,0),(2582,39,0,'','第二十九条 商业银行只能向投资者销售风险等级等于或低于其风险承受能力等级的理财产品，并在销售文件中明确提示产品适合销售的投资者范围，在销售系统中设置销售限制措施。',89,0),(2583,39,0,'','商业银行不得通过对理财产品进行拆分等方式，向风险承受能力等级低于理财产品风险等级的投资者销售理财产品。',90,0),(2584,39,0,'','其他资产管理产品投资于商业银行理财产品的，商业银行应当按照穿透原则，有效识别资产管理产品的最终投资者。',91,0),(2585,39,0,'','第三十条 商业银行应当根据理财产品的性质和风险特征，设置适当的期限和销售起点金额。',92,0),(2586,39,0,'','商业银行发行公募理财产品的，单一投资者销售起点金额不得低于1万元人民币。',93,0),(2587,39,0,'','商业银行发行私募理财产品的，合格投资者投资于单只固定收益类理财产品的金额不得低于30万元人民币，投资于单只混合类理财产品的金额不得低于40万元人民币，投资于单只权益类理财产品、单只商品及金融衍生品类理财产品的金额不得低于100万元人民币。',94,0),(2588,39,0,'','第三十一条 商业银行只能通过本行渠道（含营业网点和电子渠道）销售理财产品，或者通过其他商业银行、农村合作银行、村镇银行、农村信用合作社等吸收公众存款的银行业金融机构代理销售理财产品。',95,0),(2589,39,0,'','第三十二条 商业银行通过营业场所向非机构投资者销售理财产品的，应当按照国务院银行业监督管理机构的相关规定实施理财产品销售专区管理，并在销售专区内对每只理财产品销售过程进行录音录像。',96,0),(2590,39,0,'','第三十三条 商业银行应当按照国务院银行业监督管理机构的相关规定，妥善保存理财产品销售过程涉及的投资者风险承受能力评估、录音录像等相关资料。',97,0),(2591,39,0,'','商业银行应当依法履行投资者信息保密义务，建立投资者信息管理制度和保密制度，防范投资者信息被不当采集、使用、传输和泄露。商业银行与其他机构共享投资者信息的，应当在理财产品销售文本中予以明确，征得投资者书面授权或者同意，并要求其履行投资者信息保密义务。',98,0),(2592,39,0,'','第三十四条 商业银行应当建立理财产品销售授权管理体系，制定统一的标准化销售服务规程，建立清晰的报告路线，明确分支机构业务权限，并采取定期核对、现场核查、风险评估等方式加强对分支机构销售活动的管理。',99,0),(2593,39,0,'',' ',100,0),(2594,39,1,'h2','第三节 投资运作管理',101,0),(2595,39,0,'','第三十五条 商业银行理财产品可以投资于国债、地方政府债券、中央银行票据、政府机构债券、金融债券、银行存款、大额存单、同业存单、公司信用类债券、在银行间市场和证券交易所市场发行的资产支持证券、公募证券投资基金、其他债权类资产、权益类资产以及国务院银行业监督管理机构认可的其他资产。',102,0),(2596,39,0,'','第三十六条 商业银行理财产品不得直接投资于信贷资产，不得直接或间接投资于本行信贷资产，不得直接或间接投资于本行或其他银行业金融机构发行的理财产品，不得直接或间接投资于本行发行的次级档信贷资产支持证券。',103,0),(2597,39,0,'','商业银行面向非机构投资者发行的理财产品不得直接或间接投资于不良资产、不良资产支持证券，国务院银行业监督管理机构另有规定的除外。',104,0),(2598,39,0,'','商业银行理财产品不得直接或间接投资于本办法第三十五条所列示资产之外，由未经金融监督管理部门许可设立、不持有金融牌照的机构发行的产品或管理的资产，金融资产投资公司的附属机构依法依规设立的私募股权投资基金以及国务院银行业监督管理机构另有规定的除外。',105,0),(2599,39,0,'','第三十七条 理财产品销售文件应当载明产品类型、投资范围、投资资产种类及其投资比例，并确保在理财产品成立后至到期日前，投资比例按照销售文件约定合理浮动，不得擅自改变理财产品类型。',106,0),(2600,39,0,'','金融市场发生重大变化导致理财产品投资比例暂时超出浮动区间且可能对理财产品收益产生重大影响的，商业银行应当及时向投资者进行信息披露。',107,0),(2601,39,0,'','商业银行应当根据市场情况调整投资范围、投资资产种类或投资比例，并按照有关规定事先进行信息披露。超出销售文件约定比例的，除高风险类型的理财产品超出比例范围投资较低风险资产外，应当先取得投资者书面同意，并在全国银行业理财信息登记系统做好理财产品信息登记；投资者不接受的，应当允许投资者按照销售文件约定提前赎回理财产品。',108,0),(2602,39,0,'','第三十八条 商业银行理财产品投资资产管理产品的，应当符合以下要求：',109,0),(2603,39,0,'','（一）准确界定相关法律关系，明确约定各参与主体的责任和义务，并符合法律、行政法规、《指导意见》和金融监督管理部门对该资产管理产品的监管规定；',110,0),(2604,39,0,'','（二）所投资的资产管理产品不得再投资于其他资产管理产品（公募证券投资基金除外）；',111,0),(2605,39,0,'','（三）切实履行投资管理职责，不得简单作为资产管理产品的资金募集通道；',112,0),(2606,39,0,'','（四）充分披露底层资产的类别和投资比例等信息，并在全国银行业理财信息登记系统登记资产管理产品及其底层资产的相关信息。',113,0),(2607,39,0,'','第三十九条 商业银行理财产品投资于非标准化债权类资产的，应当符合以下要求：',114,0),(2608,39,0,'','（一）确保理财产品投资与审批流程相分离，比照自营贷款管理要求实施投前尽职调查、风险审查和投后风险管理，并纳入全行统一的信用风险管理体系；',115,0),(2609,39,0,'','（二）商业银行全部理财产品投资于单一债务人及其关联企业的非标准化债权类资产余额，不得超过本行资本净额的10%；',116,0),(2610,39,0,'','（三）商业银行全部理财产品投资于非标准化债权类资产的余额在任何时点均不得超过理财产品净资产的35%，也不得超过本行上一年度审计报告披露总资产的4%。',117,0),(2611,39,0,'','第四十条 商业银行理财产品不得直接或间接投资于本行信贷资产受（收）益权，面向非机构投资者发行的理财产品不得直接或间接投资于不良资产受（收）益权。',118,0),(2612,39,0,'','商业银行理财产品投资于信贷资产受（收）益权的，应当审慎评估信贷资产质量和风险，按照市场化原则合理定价，必要时委托会计师事务所、律师事务所、评级机构等独立第三方机构出具专业意见。',119,0),(2613,39,0,'','商业银行应当向投资者及时、准确、完整地披露理财产品所投资信贷资产受（收）益权的相关情况，并及时披露对投资者权益或投资收益等产生重大影响的突发事件。',120,0),(2614,39,0,'','第四十一条 商业银行理财产品直接或间接投资于银行间市场、证券交易所市场或者国务院银行业监督管理机构认可的其他证券的，应当符合以下要求：',121,0),(2615,39,0,'','（一）每只公募理财产品持有单只证券或单只公募证券投资基金的市值不得超过该理财产品净资产的10%；',122,0),(2616,39,0,'','（二）商业银行全部公募理财产品持有单只证券或单只公募证券投资基金的市值，不得超过该证券市值或该公募证券投资基金市值的30%；',123,0),(2617,39,0,'','（三）商业银行全部理财产品持有单一上市公司发行的股票，不得超过该上市公司可流通股票的30%。',124,0),(2618,39,0,'','国务院银行业监督管理机构另有规定的除外。',125,0),(2619,39,0,'','非因商业银行主观因素导致突破前述比例限制的，商业银行应当在流动性受限资产可出售、可转让或者恢复交易的10个交易日内调整至符合要求，国务院银行业监督管理机构规定的特殊情形除外。',126,0),(2620,39,0,'','商业银行理财产品投资于国债、地方政府债券、中央银行票据、政府机构债券、政策性金融债券以及完全按照有关指数的构成比例进行投资的除外。',127,0),(2621,39,0,'','第四十二条 商业银行不得发行分级理财产品。',128,0),(2622,39,0,'','本办法所称分级理财产品是指商业银行按照本金和收益受偿顺序的不同，将理财产品划分为不同等级的份额，不同等级份额的收益分配不按份额比例计算，而是由合同另行约定、按照优先与劣后份额安排进行收益分配的理财产品。',129,0),(2623,39,0,'','商业银行每只开放式公募理财产品的杠杆水平不得超过140%，每只封闭式公募理财产品、每只私募理财产品的杠杆水平不得超过200%。',130,0),(2624,39,0,'','本办法所称杠杆水平是指理财产品总资产/理财产品净资产。商业银行计算理财产品总资产时，应当按照穿透原则合并计算理财产品所投资的底层资产。理财产品投资资产管理产品的，应当按照理财产品持有资产管理产品的比例计算底层资产。',131,0),(2625,39,0,'','第四十三条 商业银行应当建立健全理财业务流动性风险管理制度，加强理财产品及其所投资资产期限管理，专业审慎、勤勉尽责地管理理财产品流动性风险，确保投资者的合法权益不受损害并得到公平对待。',132,0),(2626,39,0,'','商业银行应当在理财产品设计阶段，综合评估分析投资策略、投资范围、投资资产流动性、销售渠道、投资者类型与风险偏好等因素，审慎决定是否采取开放式运作。',133,0),(2627,39,0,'','商业银行发行的封闭式理财产品的期限不得低于90天；开放式理财产品所投资资产的流动性应当与投资者赎回需求相匹配，确保持有足够的现金、活期存款、国债、中央银行票据、政策性金融债券等具有良好流动性的资产，以备支付理财产品投资者的赎回款项。开放式公募理财产品应当持有不低于该理财产品资产净值5%的现金或者到期日在一年以内的国债、中央银行票据和政策性金融债券。 ',134,0),(2628,39,0,'','第四十四条 商业银行理财产品直接或间接投资于非标准化债权类资产的，非标准化债权类资产的终止日不得晚于封闭式理财产品的到期日或者开放式理财产品的最近一次开放日。',135,0),(2629,39,0,'','商业银行理财产品直接或间接投资于未上市企业股权及其受（收）益权的，应当为封闭式理财产品，并明确股权及其受（收）益权的退出安排。未上市企业股权及其受（收）益权的退出日不得晚于封闭式理财产品的到期日。',136,0),(2630,39,0,'','第四十五条 商业银行应当加强理财产品开展同业融资的流动性风险、交易对手风险和操作风险等风险管理，做好期限管理和集中度管控，按照穿透原则对交易对手实施尽职调查和准入管理，设置适当的交易限额并根据需要进行动态调整。',137,0),(2631,39,0,'','商业银行应当建立健全买入返售交易质押品的管理制度，采用科学合理的质押品估值方法，审慎确定质押品折扣系数，确保其能够满足正常和压力情景下融资交易的质押品需求，并且能够及时向相关交易对手履行返售质押品的义务。',138,0),(2632,39,0,'','第四十六条 商业银行应当建立健全理财产品压力测试制度。理财产品压力测试应当至少符合以下要求：',139,0),(2633,39,0,'','（一）针对单只理财产品，合理审慎设定并定期审核压力情景，充分考虑理财产品的规模、投资策略、投资者类型等因素，审慎评估各类风险对理财产品的影响，压力测试的数据应当准确可靠并及时更新，压力测试频率应当与商业银行理财产品的规模和复杂程度相适应；',140,0),(2634,39,0,'','（二）针对每只公募理财产品，压力测试应当至少每季度进行一次，出现市场剧烈波动等情况时，应当提高压力测试频率；',141,0),(2635,39,0,'','（三）在可能情况下，应当参考以往出现的影响理财产品的外部冲击，对压力测试结果实施事后检验，压力测试结果和事后检验应当有书面记录；',142,0),(2636,39,0,'','（四）在理财产品投资运作和风险管理过程中应当充分考虑压力测试结果，必要时根据压力测试结果进行调整；',143,0),(2637,39,0,'','（五）制定有效的理财产品应急计划，确保其可以应对紧急情况下的理财产品赎回需求。应急计划的制定应当充分考虑压力测试结果，内容包括但不限于触发应急计划的各种情景、应急资金来源、应急程序和措施，董事会、高级管理层及相关部门实施应急程序和措施的权限与职责等；',144,0),(2638,39,0,'','（六）由专门的团队负责压力测试的实施与评估，该团队应当与投资管理团队保持相对独立。',145,0),(2639,39,0,'','第四十七条 商业银行应当加强对开放式公募理财产品认购环节的管理，合理控制理财产品投资者集中度，审慎确认大额认购申请，并在理财产品销售文件中对拒绝或暂停接受投资者认购申请的情形进行约定。',146,0),(2640,39,0,'','当接受认购申请可能对存量开放式公募理财产品投资者利益构成重大不利影响时，商业银行可以采取设定单一投资者认购金额上限或理财产品单日净认购比例上限、拒绝大额认购、暂停认购等措施，切实保护存量理财产品投资者的合法权益。',147,0),(2641,39,0,'','在确保投资者得到公平对待的前提下，商业银行可以按照法律、行政法规和理财产品销售文件约定，综合运用设置赎回上限、延期办理巨额赎回申请、暂停接受赎回申请、收取短期赎回费等方式，作为压力情景下开放式公募理财产品流动性风险管理的辅助措施。商业银行应当按照理财产品销售文件中约定的信息披露方式，在3个交易日内通知投资者相关处理措施。',148,0),(2642,39,0,'','本办法所称巨额赎回是指商业银行开放式公募理财产品单个开放日净赎回申请超过理财产品总份额的10%的赎回行为，国务院银行业监督管理机构另有规定的除外。',149,0),(2643,39,0,'','第四十八条 商业银行应当对理财投资合作机构的资质条件、专业服务能力和风险管理水平等开展尽职调查，实行名单制管理，明确规定理财投资合作机构的准入标准和程序、责任与义务、存续期管理、利益冲突防范机制、信息披露义务及退出机制，理财投资合作机构的名单应当至少由总行高级管理层批准并定期评估，必要时进行调整。商业银行应当以书面方式明确界定双方的权利义务和风险责任承担方式，切实履行投资管理职责，不因委托其他机构投资而免除自身应当承担的责任。',150,0),(2644,39,0,'','本办法所称理财投资合作机构包括但不限于商业银行理财产品所投资资产管理产品的发行机构、根据合同约定从事理财产品受托投资的机构以及与理财产品投资管理相关的投资顾问等。理财投资合作机构应当是具有专业资质并受金融监督管理部门依法监管的金融机构或国务院银行业监督管理机构认可的其他机构。',151,0),(2645,39,0,'','商业银行聘请理财产品投资顾问的，应当审查投资顾问的投资建议，不得由投资顾问直接执行投资指令，不得向未提供实质服务的投资顾问支付费用或者支付与其提供的服务不相匹配的费用。',152,0),(2646,39,0,'','商业银行首次与理财投资合作机构合作的，应当提前10日将该合作机构相关情况报告银行业监督管理机构。',153,0),(2647,39,0,'','第四十九条 商业银行不得用自有资金购买本行发行的理财产品，不得为理财产品投资的非标准化债权类资产或权益类资产提供任何直接或间接、显性或隐性的担保或回购承诺，不得用本行信贷资金为本行理财产品提供融资和担保。',154,0),(2648,39,0,'',' ',155,0),(2649,39,1,'h2','第四节 理财托管',156,0),(2650,39,0,'','第五十条 商业银行应当选择具有证券投资基金托管业务资格的金融机构、银行业理财登记托管机构或者国务院银行业监督管理机构认可的其他机构托管所发行的理财产品。',157,0),(2651,39,0,'','第五十一条 从事理财产品托管业务的机构应当履行下列职责，确保实现实质性独立托管：',158,0),(2652,39,0,'','（一）安全保管理财产品财产；',159,0),(2653,39,0,'','（二）为每只理财产品开设独立的托管账户，不同托管账户中的资产应当相互独立；',160,0),(2654,39,0,'','（三）按照托管协议约定和理财产品发行银行的投资指令，及时办理清算、交割事宜；',161,0),(2655,39,0,'','（四）建立与理财产品发行银行的对账机制，复核、审查理财产品资金头寸、资产账目、资产净值、认购和赎回价格等数据，及时核查认购、赎回以及投资资金的支付和到账情况；',162,0),(2656,39,0,'','（五）监督理财产品投资运作，发现理财产品违反法律、行政法规、规章规定或合同约定进行投资的，应当拒绝执行，及时通知理财产品发行银行并报告银行业监督管理机构；',163,0),(2657,39,0,'','（六）办理与理财产品托管业务活动相关的信息披露事项，包括披露理财产品托管协议、对理财产品信息披露文件中的理财产品财务会计报告等出具意见，以及在公募理财产品半年度和年度报告中出具理财托管机构报告等；',164,0),(2658,39,0,'','（七）理财托管业务活动的记录、账册、报表和其他相关资料保存15年以上；',165,0),(2659,39,0,'','（八）对理财产品投资信息和相关资料承担保密责任，除法律、行政法规、规章规定、审计要求或者合同约定外，不得向任何机构或者个人提供相关信息和资料；',166,0),(2660,39,0,'','（九）国务院银行业监督管理机构规定的其他职责。',167,0),(2661,39,0,'','从事理财产品托管业务机构的董事、监事、高级管理人员和其他托管业务人员不得有本办法第二十四条第二款所列行为。',168,0),(2662,39,0,'','第五十二条 商业银行有下列情形之一的，国务院银行业监督管理机构可以要求其发行的理财产品由指定的机构进行托管：',169,0),(2663,39,0,'','（一）理财产品未实现实质性独立托管的；',170,0),(2664,39,0,'','（二）未按照穿透原则，在全国银行业理财信息登记系统中，向上穿透登记最终投资者信息，向下穿透登记理财产品投资的底层资产信息，或者信息登记不真实、准确、完整和及时的；',171,0),(2665,39,0,'','（三）国务院银行业监督管理机构规定的其他情形。',172,0),(2666,39,0,'',' ',173,0),(2667,39,1,'h2','第五节  信息披露',174,0),(2668,39,0,'','第五十三条 商业银行应当按照国务院银行业监督管理机构关于信息披露的有关规定，每半年披露其从事理财业务活动的有关信息，披露的信息应当至少包括以下内容：当期发行和到期的理财产品类型、数量和金额、期末存续理财产品数量和金额，列明各类理财产品的占比及其变化情况，以及理财产品直接和间接投资的资产种类、规模和占比等信息。',175,0),(2669,39,0,'','第五十四条 商业银行应当在本行营业网点或官方网站建立理财产品信息查询平台，收录全部在售及存续期内公募理财产品的基本信息。',176,0),(2670,39,0,'','第五十五条 商业银行应当及时、准确、完整地向理财产品投资者披露理财产品的募集信息、资金投向、杠杆水平、收益分配、托管安排、投资账户信息和主要投资风险等内容。',177,0),(2671,39,0,'','第五十六条 商业银行发行公募理财产品的，应当在本行官方网站或者按照与投资者约定的方式，披露以下理财产品信息：',178,0),(2672,39,0,'','（一）在全国银行业理财信息登记系统获取的登记编码；',179,0),(2673,39,0,'','（二）销售文件，包括说明书、销售协议书、风险揭示书和投资者权益须知；',180,0),(2674,39,0,'','（三）发行公告，包括理财产品成立日期和募集规模等信息；',181,0),(2675,39,0,'','（四）定期报告，包括理财产品的存续规模、收益表现，并分别列示直接和间接投资的资产种类、投资比例、投资组合的流动性风险分析，以及前十项资产具体名称、规模和比例等信息；',182,0),(2676,39,0,'','（五）到期公告，包括理财产品的存续期限、终止日期、收费情况和收益分配情况等信息；',183,0),(2677,39,0,'','（六）重大事项公告；',184,0),(2678,39,0,'','（七）临时性信息披露；',185,0),(2679,39,0,'','（八）国务院银行业监督管理机构规定的其他信息。',186,0),(2680,39,0,'','商业银行应当在理财产品成立之后5日内披露发行公告，在理财产品终止后5日内披露到期公告，在发生可能对理财产品投资者或者理财产品收益产生重大影响的事件后2日内发布重大事项公告。',187,0),(2681,39,0,'','商业银行应当在每个季度结束之日起15日内、上半年结束之日起60日内、每年结束之日起90日内，编制完成理财产品的季度、半年和年度报告等定期报告。理财产品成立不足90日或者剩余存续期不超过90日的，商业银行可以不编制理财产品当期的季度、半年和年度报告。',188,0),(2682,39,0,'','第五十七条 商业银行应当在每个开放日结束后2日内，披露开放式公募理财产品在开放日的份额净值、份额累计净值、认购价格和赎回价格，在定期报告中披露开放式公募理财产品在季度、半年和年度最后一个市场交易日的份额净值、份额累计净值和资产净值。',189,0),(2683,39,0,'','商业银行应当至少每周向投资者披露一次封闭式公募理财产品的资产净值和份额净值。 ',190,0),(2684,39,0,'','第五十八条 商业银行应当在公募理财产品的存续期内，至少每月向投资者提供其所持有的理财产品账单，账单内容包括但不限于投资者持有的理财产品份额、认购金额、份额净值、份额累计净值、资产净值、收益情况、投资者理财交易账户发生的交易明细记录等信息。',191,0),(2685,39,0,'','第五十九条 商业银行发行私募理财产品的，应当按照与合格投资者约定的方式和频率，披露以下理财产品信息：',192,0),(2686,39,0,'','（一）在全国银行业理财信息登记系统获取的登记编码；',193,0),(2687,39,0,'','（二）销售文件，包括说明书、销售协议书、风险揭示书和投资者权益须知；',194,0),(2688,39,0,'','（三）至少每季度向合格投资者披露理财产品的资产净值、份额净值和其他重要信息；',195,0),(2689,39,0,'','（四）定期报告，至少包括季度、半年和年度报告；',196,0),(2690,39,0,'','（五）到期报告；',197,0),(2691,39,0,'','（六）重大事项报告；',198,0),(2692,39,0,'','（七）临时性信息披露；',199,0),(2693,39,0,'','（八）国务院银行业监督管理机构规定的其他信息。',200,0),(2694,39,0,'','第六十条 商业银行理财产品终止后的清算期原则上不得超过5日；清算期超过5日的，应当在理财产品终止前，根据与投资者的约定，在指定渠道向理财产品投资者进行披露。',201,0),(2695,39,0,'','第六十一条 商业银行应当在理财产品销售文件中明确约定与投资者联络和信息披露的方式、渠道和频率，以及在信息披露过程中各方的责任，确保投资者及时获取信息。',202,0),(2696,39,0,'','商业银行在未与投资者明确约定的情况下，在其官方网站公布理财产品相关信息，不能视为向投资者进行了信息披露。',203,0),(2697,39,0,'',' ',204,0),(2698,39,1,'h1','第四章 监督管理',205,0),(2699,39,0,'','第六十二条 从事理财业务的商业银行应当按照规定，向银行业监督管理机构报送与理财业务有关的财务会计报表、统计报表、外部审计报告和银行业监督管理机构要求报送的其他材料，并于每年度结束后2个月内报送理财业务年度报告。',206,0),(2700,39,0,'','第六十三条 理财托管机构应当按照规定，向银行业监督管理机构报送与理财产品托管有关的材料，并于每年度结束后2个月内报送理财产品年度托管报告。',207,0),(2701,39,0,'','第六十四条 从事理财业务的商业银行在理财业务中出现重大风险和损失时，应当及时向银行业监督管理机构报告，并提交应对措施。',208,0),(2702,39,0,'','第六十五条 银行业监督管理机构应当定期对商业银行理财业务进行现场检查。',209,0),(2703,39,0,'','第六十六条 银行业监督管理机构应当基于非现场监管和现场检查情况，定期对商业银行理财业务进行评估，并将其作为监管评级的重要依据。',210,0),(2704,39,0,'','第六十七条 商业银行违反本办法规定从事理财业务活动的，应当根据国务院银行业监督管理机构或者其省一级派出机构提出的整改要求，在规定的时限内向国务院银行业监督管理机构或者其省一级派出机构提交整改方案并采取整改措施。',211,0),(2705,39,0,'','第六十八条 对于在规定的时限内未能采取有效整改措施的商业银行，或者其行为严重危及本行稳健运行、损害投资者合法权益的，国务院银行业监督管理机构或者其省一级派出机构有权按照《中华人民共和国银行业监督管理法》第三十七条的规定，采取下列措施：',212,0),(2706,39,0,'','（一）责令暂停发行理财产品；',213,0),(2707,39,0,'','（二）责令暂停开展理财产品托管等业务；',214,0),(2708,39,0,'','（三）责令调整董事、高级管理人员或者限制其权利；',215,0),(2709,39,0,'','（四）《中华人民共和国银行业监督管理法》第三十七条规定的其他措施。',216,0),(2710,39,0,'','第六十九条 商业银行开展理财业务，根据《指导意见》经认定存在刚性兑付行为的，应当足额补缴存款准备金和存款保险保费，按照国务院银行业监督管理机构的相关规定，足额计提资本、贷款损失准备和其他各项减值准备，计算流动性风险和大额风险暴露等监管指标。',217,0),(2711,39,0,'',' ',218,0),(2712,39,1,'h1','第五章 法律责任',219,0),(2713,39,0,'','第七十条 商业银行从事理财业务活动，有下列情形之一的，由银行业监督管理机构依照《中华人民共和国银行业监督管理法》第四十六条的规定，予以处罚。',220,0),(2714,39,0,'','（一）提供虚假的或者隐瞒重要事实的报表、报告等文件、资料的；',221,0),(2715,39,0,'','（二）未按照规定进行风险揭示或者信息披露的；',222,0),(2716,39,0,'','（三）根据《指导意见》经认定存在刚性兑付行为的；',223,0),(2717,39,0,'','（四）拒绝执行本办法第六十八条规定的措施的；',224,0),(2718,39,0,'','（五）严重违反本办法规定的其他情形。',225,0),(2719,39,0,'','第七十一条 商业银行从事理财业务活动，未按照规定向银行业监督管理机构报告或者报送有关文件、资料的，由银行业监督管理机构依照《中华人民共和国银行业监督管理法》第四十七条的规定，予以处罚。',226,0),(2720,39,0,'','第七十二条 商业银行从事理财业务活动的其他违法违规行为，由银行业监督管理机构依照《中华人民共和国银行业监督管理法》《中华人民共和国商业银行法》等法律法规予以处罚。',227,0),(2721,39,0,'','第七十三条 商业银行从事理财业务活动，违反有关法律、行政法规以及国家有关银行业监督管理规定的，银行业监督管理机构除依照本办法第七十条至第七十二条规定处罚外，还可以依照《中华人民共和国银行业监督管理法》第四十八条和《金融违法行为处罚办法》的相关规定，对直接负责的董事、高级管理人员和其他直接责任人员进行处理；涉嫌犯罪的，依法移送司法机关处理。',228,0),(2722,39,0,'',' ',229,0),(2723,39,1,'h1','第六章 附则',230,0),(2724,39,0,'','第七十四条 政策性银行、农村合作银行、农村信用合作社等其他银行业金融机构开展理财业务，适用本办法规定。外国银行分行开展理财业务，参照本办法执行。',231,0),(2725,39,0,'','第七十五条 商业银行已经发行的保证收益型和保本浮动收益型理财产品应当按照结构性存款或者其他存款进行规范管理。',232,0),(2726,39,0,'','本办法所称结构性存款是指商业银行吸收的嵌入金融衍生产品的存款，通过与利率、汇率、指数等的波动挂钩或者与某实体的信用情况挂钩，使存款人在承担一定风险的基础上获得相应收益的产品。',233,0),(2727,39,0,'','结构性存款应当纳入商业银行表内核算，按照存款管理，纳入存款准备金和存款保险保费的缴纳范围，相关资产应当按照国务院银行业监督管理机构的相关规定计提资本和拨备。衍生产品交易部分按照衍生产品业务管理，应当有真实的交易对手和交易行为。',234,0),(2728,39,0,'','商业银行发行结构性存款应当具备相应的衍生产品交易业务资格。',235,0),(2729,39,0,'','商业银行销售结构性存款，应当参照本办法第三章第二节和本办法附件的相关规定执行。',236,0),(2730,39,0,'','第七十六条 具有代客境外理财业务资格的商业银行开展代客境外理财业务，参照本办法执行，并应当遵守法律、行政法规和金融监督管理部门的相关规定。',237,0),(2731,39,0,'','第七十七条 本办法中“以上”均含本数；“日”指工作日；“收益率”指年化收益率。',238,0),(2732,39,0,'','第七十八条 本办法附件《商业银行理财产品销售管理要求》是本办法的组成部分。',239,0),(2733,39,0,'','第七十九条 本办法由国务院银行业监督管理机构负责解释。',240,0),(2734,39,0,'','第八十条 本办法自公布之日起施行。《商业银行个人理财业务管理暂行办法》（中国银行业监督管理委员会令2005年第2号）、《商业银行个人理财业务风险管理指引》（银监发〔2005〕63号）、《中国银行业监督管理委员会办公厅关于商业银行开展个人理财业务风险提示的通知》（银监办发〔2006〕157号）、《中国银监会办公厅关于调整商业银行个人理财业务管理有关规定的通知》（银监办发〔2007〕241号）、《中国银监会办公厅关于进一步规范商业银行个人理财业务有关问题的通知》（银监办发〔2008〕47号）、《中国银监会办公厅关于进一步规范商业银行个人理财业务报告管理有关问题的通知》（银监办发〔2009〕172号）、《中国银监会关于进一步规范商业银行个人理财业务投资管理有关问题的通知》（银监发〔2009〕65号）、《中国银监会关于规范信贷资产转让及信贷资产类理财业务有关事项的通知》（银监发〔2009〕113 号）、《商业银行理财产品销售管理办法》（中国银行业监督管理委员会令2011年第5号）、《中国银监会关于进一步加强商业银行理财业务风险管理有关问题的通知》（银监发〔2011〕91号）、《中国银监会关于规范商业银行理财业务投资运作有关问题的通知》（银监发〔2013〕8号）、《中国银监会关于完善银行理财业务组织管理体系有关事项的通知》（银监发〔2014〕35号）同时废止。本办法实施前出台的有关规章及规范性文件如与本办法不一致的，按照本办法执行。',241,0),(2735,39,0,'','第八十一条 本办法过渡期为施行之日起至2020年底。过渡期内，商业银行新发行的理财产品应当符合本办法规定；对于存量理财产品，商业银行可以发行老产品对接存量理财产品所投资的未到期资产，但应当严格控制在存量产品的整体规模内，并有序压缩递减。',242,0),(2736,39,0,'','商业银行应当制定本行理财业务整改计划，明确时间进度安排和内部职责分工，经董事会审议通过并经董事长签批后，报送银行业监督管理机构认可，同时报备中国人民银行。银行业监督管理机构监督指导商业银行实施整改计划，对于提前完成整改的商业银行，给予适当监管激励；对于未严格执行整改计划或者整改不到位的商业银行，适时采取相关监管措施。',243,0),(2737,39,0,'','过渡期结束之后，商业银行理财产品按照本办法和《指导意见》进行全面规范管理，因子公司尚未成立而达不到第三方独立托管要求的情形除外；商业银行不得再发行或者存续不符合《指导意见》和本办法规定的理财产品。',244,0),(2738,40,1,'h1','第一章  总则',0,0),(2739,40,1,'h1','第二章  分类管理',1,0),(2740,40,1,'h1','第三章  业务规则与风险管理',2,0),(2741,40,1,'h1','第四章  监督管理',3,0),(2742,40,1,'h1','第五章  法律责任',4,0),(2743,40,1,'h1','第六章  附则',5,0),(2744,40,0,'',' ',6,0),(2745,40,1,'h1','第一章  总则',7,0),(2746,40,0,'','第一条 为加强对商业银行理财业务的监督管理，促进商业银行理财业务规范健康发展，依法保护投资者合法权益，根据《中华人民共和国银行业监督管理法》《中华人民共和国商业银行法》等法律、行政法规以及《关于规范金融机构资产管理业务的指导意见》（以下简称《指导意见》），制定本办法。',8,0),(2747,40,0,'','第二条 本办法适用于在中华人民共和国境内设立的商业银行，包括中资商业银行、外商独资银行、中外合资银行。',9,0),(2748,40,0,'','第三条 本办法所称理财业务是指商业银行接受投资者委托，按照与投资者事先约定的投资策略、风险承担和收益分配方式，对受托的投资者财产进行投资和管理的金融服务。',10,0),(2749,40,0,'','本办法所称理财产品是指商业银行按照约定条件和实际投资收益情况向投资者支付收益、不保证本金支付和收益水平的非保本理财产品。',11,0),(2750,40,0,'','第四条 商业银行理财产品财产独立于管理人、托管机构的自有资产，因理财产品财产的管理、运用、处分或者其他情形而取得的财产，均归入银行理财产品财产。',12,0),(2751,40,0,'','商业银行理财产品管理人、托管机构不得将银行理财产品财产归入其自有资产，因依法解散、被依法撤销或者被依法宣告破产等原因进行清算的，银行理财产品财产不属于其清算财产。',13,0),(2752,40,0,'','第五条 商业银行理财产品管理人管理、运用和处分理财产品财产所产生的债权，不得与管理人、托管机构因自有资产所产生的债务相抵销；管理人管理、运用和处分不同理财产品财产所产生的债权债务，不得相互抵销。',14,0),(2753,40,0,'','第六条 商业银行开展理财业务，应当按照《指导意见》第八条的相关规定，诚实守信、勤勉尽职地履行受人之托、代人理财职责，投资者自担投资风险并获得收益。',15,0),(2754,40,0,'','商业银行开展理财业务，应当遵守成本可算、风险可控、信息充分披露的原则，严格遵守投资者适当性管理要求，保护投资者合法权益。',16,0),(2755,40,0,'','第七条 银行业监督管理机构依法对商业银行理财业务活动实施监督管理。',17,0),(2756,40,0,'','银行业监督管理机构应当对理财业务实行穿透式监管，向上识别理财产品的最终投资者，向下识别理财产品的底层资产，并对理财产品运作管理实行全面动态监管。',18,0),(2757,40,0,'',' ',19,0),(2758,40,1,'h1','第二章 分类管理',20,0),(2759,40,0,'','第八条 商业银行应当根据募集方式的不同，将理财产品分为公募理财产品和私募理财产品。',21,0),(2760,40,0,'','本办法所称公募理财产品是指商业银行面向不特定社会公众公开发行的理财产品。公开发行的认定标准按照《中华人民共和国证券法》执行。',22,0),(2761,40,0,'','本办法所称私募理财产品是指商业银行面向合格投资者非公开发行的理财产品。合格投资者是指具备相应风险识别能力和风险承受能力，投资于单只理财产品不低于一定金额且符合下列条件的自然人、法人或者依法成立的其他组织：',23,0),(2762,40,0,'','（一）具有2年以上投资经历，且满足家庭金融净资产不低于300万元人民币，或者家庭金融资产不低于500万元人民币，或者近3年本人年均收入不低于40万元人民币；',24,0),(2763,40,0,'','（二）最近1年末净资产不低于1000万元人民币的法人或者依法成立的其他组织；',25,0),(2764,40,0,'','（三）国务院银行业监督管理机构规定的其他情形。',26,0),(2765,40,0,'','私募理财产品的投资范围由合同约定，可以投资于债权类资产和权益类资产等。权益类资产是指上市交易的股票、未上市企业股权及其受（收）益权。',27,0),(2766,40,0,'','第九条 商业银行应当根据投资性质的不同，将理财产品分为固定收益类理财产品、权益类理财产品、商品及金融衍生品类理财产品和混合类理财产品。固定收益类理财产品投资于存款、债券等债权类资产的比例不低于80%；权益类理财产品投资于权益类资产的比例不低于80%；商品及金融衍生品类理财产品投资于商品及金融衍生品的比例不低于80%；混合类理财产品投资于债权类资产、权益类资产、商品及金融衍生品类资产且任一资产的投资比例未达到前三类理财产品标准。',28,0),(2767,40,0,'','非因商业银行主观因素导致突破前述比例限制的，商业银行应当在流动性受限资产可出售、可转让或者恢复交易的15个交易日内将理财产品投资比例调整至符合要求，国务院银行业监督管理机构规定的特殊情形除外。',29,0),(2768,40,0,'','第十条 商业银行应当根据运作方式的不同，将理财产品分为封闭式理财产品和开放式理财产品。',30,0),(2769,40,0,'','本办法所称封闭式理财产品是指有确定到期日，且自产品成立日至终止日期间，投资者不得进行认购或者赎回的理财产品。开放式理财产品是指自产品成立日至终止日期间，理财产品份额总额不固定，投资者可以按照协议约定，在开放日和相应场所进行认购或者赎回的理财产品。',31,0),(2770,40,0,'','第十一条 商业银行发行投资衍生产品的理财产品的，应当具有衍生产品交易资格，并遵守国务院银行业监督管理机构关于衍生产品业务管理的有关规定。',32,0),(2771,40,0,'','商业银行开展理财业务涉及外汇业务的，应当具有开办相应外汇业务的资格，并遵守外汇管理的有关规定。',33,0),(2772,40,0,'','第十二条 商业银行总行应当按照以下要求，在全国银行业理财信息登记系统对理财产品进行集中登记：',34,0),(2773,40,0,'','（一）商业银行发行公募理财产品的，应当在理财产品销售前10日，在全国银行业理财信息登记系统进行登记；',35,0),(2774,40,0,'','（二）商业银行发行私募理财产品的，应当在理财产品销售前2日，在全国银行业理财信息登记系统进行登记；',36,0),(2775,40,0,'','（三）在理财产品募集和存续期间，按照有关规定持续登记理财产品的募集情况、认购赎回情况、投资者信息、投资资产、资产交易明细、资产估值、负债情况等信息；',37,0),(2776,40,0,'','（四）在理财产品终止后5日内完成终止登记。',38,0),(2777,40,0,'','商业银行应当确保本行理财产品登记信息的真实性、准确性、完整性和及时性。信息登记不齐全或者不符合要求的，应当进行补充或者重新登记。',39,0),(2778,40,0,'','商业银行不得发行未在全国银行业理财信息登记系统进行登记并获得登记编码的理财产品。商业银行应当在理财产品销售文件的显著位置列明该产品在全国银行业理财信息登记系统获得的登记编码，并提示投资者可以依据该登记编码在中国理财网查询产品信息。 ',40,0),(2779,40,0,'','银行业理财登记托管中心应当在国务院银行业监督管理机构的指导下，履行下列职责：',41,0),(2780,40,0,'','（一）持续加强全国银行业理财信息登记系统的建设和管理，确保系统独立、安全、高效运行；',42,0),(2781,40,0,'','（二）完善理财信息登记业务规则、操作规程和技术标准规范等，加强理财信息登记质量监控；',43,0),(2782,40,0,'','（三）向国务院银行业监督管理机构报告理财业务、理财信息登记质量和系统运行等有关情况；',44,0),(2783,40,0,'','（四）提供必要的技术支持、业务培训和投资者教育等服务；',45,0),(2784,40,0,'','（五）依法合规使用信息，建立保密制度并采取相应的保密措施，确保信息安全；',46,0),(2785,40,0,'','（六）国务院银行业监督管理机构规定的其他职责。',47,0),(2786,40,0,'',' ',48,0),(2787,40,1,'h1','第三章  业务规则与风险管理',49,0),(2788,40,1,'h2','第一节  管理体系与管理制度',50,0),(2789,40,0,'','第十三条 商业银行董事会和高级管理层应当充分了解理财业务及其所面临的各类风险，根据本行的经营目标、投资管理能力、风险管理水平等因素，确定开展理财业务的总体战略和政策，确保具备从事理财业务和风险管理所需要的专业人员、业务处理系统、会计核算系统和管理信息系统等人力、物力资源。',51,0),(2790,40,0,'','第十四条 商业银行应当通过具有独立法人地位的子公司开展理财业务。暂不具备条件的，商业银行总行应当设立理财业务专营部门，对理财业务实行集中统一经营管理。',52,0),(2791,40,0,'','商业银行设立理财子公司的监管规定由国务院银行业监督管理机构另行制定。',53,0),(2792,40,0,'','第十五条 商业银行开展理财业务，应当确保理财业务与其他业务相分离，理财产品与其代销的金融产品相分离，理财产品之间相分离，理财业务操作与其他业务操作相分离。',54,0),(2793,40,0,'','第十六条 商业银行应当根据理财业务性质和风险特征，建立健全理财业务管理制度，包括产品准入管理、风险管理与内部控制、人员管理、销售管理、投资管理、合作机构管理、产品托管、产品估值、会计核算和信息披露等。',55,0),(2794,40,0,'','商业银行应当针对理财业务的风险特征，制定和实施相应的风险管理政策和程序，确保持续有效地识别、计量、监测和控制理财业务的各类风险，并将理财业务风险管理纳入其全面风险管理体系。商业银行应当按照国务院银行业监督管理机构关于内部控制的相关规定，建立健全理财业务的内部控制体系，作为银行整体内部控制体系的有机组成部分。',56,0),(2795,40,0,'','商业银行内部审计部门应当按照国务院银行业监督管理机构关于内部审计的相关规定，至少每年对理财业务进行一次内部审计，并将审计报告报送审计委员会及董事会。董事会应当针对内部审计发现的问题，督促高级管理层及时采取整改措施。内部审计部门应当跟踪检查整改措施的实施情况，并及时向董事会提交有关报告。',57,0),(2796,40,0,'','商业银行应当按照国务院银行业监督管理机构关于外部审计的相关规定，委托外部审计机构至少每年对理财业务和公募理财产品进行一次外部审计，并针对外部审计发现的问题及时采取整改措施。',58,0),(2797,40,0,'','第十七条 商业银行应当建立理财产品的内部审批政策和程序，在发行新产品之前充分识别和评估各类风险。理财产品由负责风险管理、法律合规、财务会计管理和消费者保护等相关职能部门进行审核，并获得董事会、董事会授权的专门委员会、高级管理层或者相关部门的批准。',59,0),(2798,40,0,'','第十八条 商业银行开展理财业务，应当确保每只理财产品与所投资资产相对应，做到每只理财产品单独管理、单独建账和单独核算，不得开展或者参与具有滚动发行、集合运作、分离定价特征的资金池理财业务。',60,0),(2799,40,0,'','本办法所称单独管理是指对每只理财产品进行独立的投资管理。单独建账是指为每只理财产品建立投资明细账，确保投资资产逐项清晰明确。单独核算是指对每只理财产品单独进行会计账务处理，确保每只理财产品具有资产负债表、利润表、产品净值变动表等财务会计报表。',61,0),(2800,40,0,'','第十九条 商业银行开展理财业务，应当按照《企业会计准则》和《指导意见》等关于金融工具估值核算的相关规定，确认和计量理财产品的净值。',62,0),(2801,40,0,'','第二十条 商业银行开展理财业务，应当遵守市场交易和公平交易原则，不得在理财产品之间、理财产品投资者之间或者理财产品投资者与其他市场主体之间进行利益输送。',63,0),(2802,40,0,'','第二十一条 商业银行理财产品投资于本行或托管机构，其主要股东、控股股东、实际控制人、一致行动人、最终受益人，其控股的机构或者与其有重大利害关系的公司发行或者承销的证券，或者从事其他重大关联交易的，应当符合理财产品的投资目标、投资策略和投资者利益优先原则，按照商业原则，以不优于对非关联方同类交易的条件进行，并向投资者充分披露信息。',64,0),(2803,40,0,'','商业银行应当按照金融监督管理部门关于关联交易的相关规定，建立健全理财业务关联交易内部评估和审批机制。理财业务涉及重大关联交易的，应当提交有权审批机构审批，并向银行业监督管理机构报告。',65,0),(2804,40,0,'','商业银行不得以理财资金与关联方进行不正当交易、利益输送、内幕交易和操纵市场，包括但不限于投资于关联方虚假项目、与关联方共同收购上市公司、向本行注资等。',66,0),(2805,40,0,'','第二十二条 商业银行开展理财业务，应当按照《商业银行资本管理办法（试行）》的相关规定计提操作风险资本。',67,0),(2806,40,0,'','第二十三条 商业银行应当建立有效的理财业务投资者投诉处理机制，明确受理和处理投资者投诉的途径、程序和方式，根据法律、行政法规、金融监管规定和合同约定妥善处理投资者投诉。',68,0),(2807,40,0,'','第二十四条 商业银行应当建立健全理财业务人员的资格认定、培训、考核评价和问责制度，确保理财业务人员具备必要的专业知识、行业经验和管理能力，充分了解相关法律、行政法规、监管规定以及理财产品的法律关系、交易结构、主要风险及风险管控方式，遵守行为准则和职业道德标准。',69,0),(2808,40,0,'','商业银行的董事、监事、高级管理人员和其他理财业务人员不得有下列行为：',70,0),(2809,40,0,'','（一）将自有财产或者他人财产混同于理财产品财产从事投资活动；',71,0),(2810,40,0,'','（二）不公平地对待所管理的不同理财产品财产；',72,0),(2811,40,0,'','（三）利用理财产品财产或者职务之便为理财产品投资者以外的人牟取利益；',73,0),(2812,40,0,'','（四）向理财产品投资者违规承诺收益或者承担损失；',74,0),(2813,40,0,'','（五）侵占、挪用理财产品财产；',75,0),(2814,40,0,'','（六）泄露因职务便利获取的未公开信息，利用该信息从事或者明示、暗示他人从事相关的交易活动；',76,0),(2815,40,0,'','（七）玩忽职守，不按照规定履行职责；',77,0),(2816,40,0,'','（八）法律、行政法规和国务院银行业监督管理机构规定禁止的其他行为。',78,0),(2817,40,0,'',' ',79,0),(2818,40,1,'h2','第二节  销售管理',80,0),(2819,40,0,'','第二十五条 商业银行理财产品销售是指商业银行将本行发行的理财产品向投资者进行宣传推介和办理认购、赎回等业务活动。',81,0),(2820,40,0,'','第二十六条 商业银行销售理财产品，应当加强投资者适当性管理，向投资者充分披露信息和揭示风险，不得宣传或承诺保本保收益，不得误导投资者购买与其风险承受能力不相匹配的理财产品。',82,0),(2821,40,0,'','商业银行理财产品宣传销售文本应当全面、如实、客观地反映理财产品的重要特性，充分披露理财产品类型、投资组合、估值方法、托管安排、风险和收费等重要信息，所使用的语言表述必须真实、准确和清晰。',83,0),(2822,40,0,'','商业银行发行理财产品，不得宣传理财产品预期收益率，在理财产品宣传销售文本中只能登载该理财产品或者本行同类理财产品的过往平均业绩和最好、最差业绩，并以醒目文字提醒投资者“理财产品过往业绩不代表其未来表现，不等于理财产品实际收益，投资须谨慎”。',84,0),(2823,40,0,'','第二十七条 商业银行应当采用科学合理的方法，根据理财产品的投资组合、同类产品过往业绩和风险水平等因素，对拟销售的理财产品进行风险评级。',85,0),(2824,40,0,'','理财产品风险评级结果应当以风险等级体现，由低到高至少包括一级至五级，并可以根据实际情况进一步细分。',86,0),(2825,40,0,'','第二十八条 商业银行应当对非机构投资者的风险承受能力进行评估，确定投资者风险承受能力等级，由低到高至少包括一级至五级，并可以根据实际情况进一步细分。',87,0),(2826,40,0,'','商业银行不得在风险承受能力评估过程中误导投资者或者代为操作，确保风险承受能力评估结果的真实性和有效性。',88,0),(2827,40,0,'','第二十九条 商业银行只能向投资者销售风险等级等于或低于其风险承受能力等级的理财产品，并在销售文件中明确提示产品适合销售的投资者范围，在销售系统中设置销售限制措施。',89,0),(2828,40,0,'','商业银行不得通过对理财产品进行拆分等方式，向风险承受能力等级低于理财产品风险等级的投资者销售理财产品。',90,0),(2829,40,0,'','其他资产管理产品投资于商业银行理财产品的，商业银行应当按照穿透原则，有效识别资产管理产品的最终投资者。',91,0),(2830,40,0,'','第三十条 商业银行应当根据理财产品的性质和风险特征，设置适当的期限和销售起点金额。',92,0),(2831,40,0,'','商业银行发行公募理财产品的，单一投资者销售起点金额不得低于1万元人民币。',93,0),(2832,40,0,'','商业银行发行私募理财产品的，合格投资者投资于单只固定收益类理财产品的金额不得低于30万元人民币，投资于单只混合类理财产品的金额不得低于40万元人民币，投资于单只权益类理财产品、单只商品及金融衍生品类理财产品的金额不得低于100万元人民币。',94,0),(2833,40,0,'','第三十一条 商业银行只能通过本行渠道（含营业网点和电子渠道）销售理财产品，或者通过其他商业银行、农村合作银行、村镇银行、农村信用合作社等吸收公众存款的银行业金融机构代理销售理财产品。',95,0),(2834,40,0,'','第三十二条 商业银行通过营业场所向非机构投资者销售理财产品的，应当按照国务院银行业监督管理机构的相关规定实施理财产品销售专区管理，并在销售专区内对每只理财产品销售过程进行录音录像。',96,0),(2835,40,0,'','第三十三条 商业银行应当按照国务院银行业监督管理机构的相关规定，妥善保存理财产品销售过程涉及的投资者风险承受能力评估、录音录像等相关资料。',97,0),(2836,40,0,'','商业银行应当依法履行投资者信息保密义务，建立投资者信息管理制度和保密制度，防范投资者信息被不当采集、使用、传输和泄露。商业银行与其他机构共享投资者信息的，应当在理财产品销售文本中予以明确，征得投资者书面授权或者同意，并要求其履行投资者信息保密义务。',98,0),(2837,40,0,'','第三十四条 商业银行应当建立理财产品销售授权管理体系，制定统一的标准化销售服务规程，建立清晰的报告路线，明确分支机构业务权限，并采取定期核对、现场核查、风险评估等方式加强对分支机构销售活动的管理。',99,0),(2838,40,0,'',' ',100,0),(2839,40,1,'h2','第三节 投资运作管理',101,0),(2840,40,0,'','第三十五条 商业银行理财产品可以投资于国债、地方政府债券、中央银行票据、政府机构债券、金融债券、银行存款、大额存单、同业存单、公司信用类债券、在银行间市场和证券交易所市场发行的资产支持证券、公募证券投资基金、其他债权类资产、权益类资产以及国务院银行业监督管理机构认可的其他资产。',102,0),(2841,40,0,'','第三十六条 商业银行理财产品不得直接投资于信贷资产，不得直接或间接投资于本行信贷资产，不得直接或间接投资于本行或其他银行业金融机构发行的理财产品，不得直接或间接投资于本行发行的次级档信贷资产支持证券。',103,0),(2842,40,0,'','商业银行面向非机构投资者发行的理财产品不得直接或间接投资于不良资产、不良资产支持证券，国务院银行业监督管理机构另有规定的除外。',104,0),(2843,40,0,'','商业银行理财产品不得直接或间接投资于本办法第三十五条所列示资产之外，由未经金融监督管理部门许可设立、不持有金融牌照的机构发行的产品或管理的资产，金融资产投资公司的附属机构依法依规设立的私募股权投资基金以及国务院银行业监督管理机构另有规定的除外。',105,0),(2844,40,0,'','第三十七条 理财产品销售文件应当载明产品类型、投资范围、投资资产种类及其投资比例，并确保在理财产品成立后至到期日前，投资比例按照销售文件约定合理浮动，不得擅自改变理财产品类型。',106,0),(2845,40,0,'','金融市场发生重大变化导致理财产品投资比例暂时超出浮动区间且可能对理财产品收益产生重大影响的，商业银行应当及时向投资者进行信息披露。',107,0),(2846,40,0,'','商业银行应当根据市场情况调整投资范围、投资资产种类或投资比例，并按照有关规定事先进行信息披露。超出销售文件约定比例的，除高风险类型的理财产品超出比例范围投资较低风险资产外，应当先取得投资者书面同意，并在全国银行业理财信息登记系统做好理财产品信息登记；投资者不接受的，应当允许投资者按照销售文件约定提前赎回理财产品。',108,0),(2847,40,0,'','第三十八条 商业银行理财产品投资资产管理产品的，应当符合以下要求：',109,0),(2848,40,0,'','（一）准确界定相关法律关系，明确约定各参与主体的责任和义务，并符合法律、行政法规、《指导意见》和金融监督管理部门对该资产管理产品的监管规定；',110,0),(2849,40,0,'','（二）所投资的资产管理产品不得再投资于其他资产管理产品（公募证券投资基金除外）；',111,0),(2850,40,0,'','（三）切实履行投资管理职责，不得简单作为资产管理产品的资金募集通道；',112,0),(2851,40,0,'','（四）充分披露底层资产的类别和投资比例等信息，并在全国银行业理财信息登记系统登记资产管理产品及其底层资产的相关信息。',113,0),(2852,40,0,'','第三十九条 商业银行理财产品投资于非标准化债权类资产的，应当符合以下要求：',114,0),(2853,40,0,'','（一）确保理财产品投资与审批流程相分离，比照自营贷款管理要求实施投前尽职调查、风险审查和投后风险管理，并纳入全行统一的信用风险管理体系；',115,0),(2854,40,0,'','（二）商业银行全部理财产品投资于单一债务人及其关联企业的非标准化债权类资产余额，不得超过本行资本净额的10%；',116,0),(2855,40,0,'','（三）商业银行全部理财产品投资于非标准化债权类资产的余额在任何时点均不得超过理财产品净资产的35%，也不得超过本行上一年度审计报告披露总资产的4%。',117,0),(2856,40,0,'','第四十条 商业银行理财产品不得直接或间接投资于本行信贷资产受（收）益权，面向非机构投资者发行的理财产品不得直接或间接投资于不良资产受（收）益权。',118,0),(2857,40,0,'','商业银行理财产品投资于信贷资产受（收）益权的，应当审慎评估信贷资产质量和风险，按照市场化原则合理定价，必要时委托会计师事务所、律师事务所、评级机构等独立第三方机构出具专业意见。',119,0),(2858,40,0,'','商业银行应当向投资者及时、准确、完整地披露理财产品所投资信贷资产受（收）益权的相关情况，并及时披露对投资者权益或投资收益等产生重大影响的突发事件。',120,0),(2859,40,0,'','第四十一条 商业银行理财产品直接或间接投资于银行间市场、证券交易所市场或者国务院银行业监督管理机构认可的其他证券的，应当符合以下要求：',121,0),(2860,40,0,'','（一）每只公募理财产品持有单只证券或单只公募证券投资基金的市值不得超过该理财产品净资产的10%；',122,0),(2861,40,0,'','（二）商业银行全部公募理财产品持有单只证券或单只公募证券投资基金的市值，不得超过该证券市值或该公募证券投资基金市值的30%；',123,0),(2862,40,0,'','（三）商业银行全部理财产品持有单一上市公司发行的股票，不得超过该上市公司可流通股票的30%。',124,0),(2863,40,0,'','国务院银行业监督管理机构另有规定的除外。',125,0),(2864,40,0,'','非因商业银行主观因素导致突破前述比例限制的，商业银行应当在流动性受限资产可出售、可转让或者恢复交易的10个交易日内调整至符合要求，国务院银行业监督管理机构规定的特殊情形除外。',126,0),(2865,40,0,'','商业银行理财产品投资于国债、地方政府债券、中央银行票据、政府机构债券、政策性金融债券以及完全按照有关指数的构成比例进行投资的除外。',127,0),(2866,40,0,'','第四十二条 商业银行不得发行分级理财产品。',128,0),(2867,40,0,'','本办法所称分级理财产品是指商业银行按照本金和收益受偿顺序的不同，将理财产品划分为不同等级的份额，不同等级份额的收益分配不按份额比例计算，而是由合同另行约定、按照优先与劣后份额安排进行收益分配的理财产品。',129,0),(2868,40,0,'','商业银行每只开放式公募理财产品的杠杆水平不得超过140%，每只封闭式公募理财产品、每只私募理财产品的杠杆水平不得超过200%。',130,0),(2869,40,0,'','本办法所称杠杆水平是指理财产品总资产/理财产品净资产。商业银行计算理财产品总资产时，应当按照穿透原则合并计算理财产品所投资的底层资产。理财产品投资资产管理产品的，应当按照理财产品持有资产管理产品的比例计算底层资产。',131,0),(2870,40,0,'','第四十三条 商业银行应当建立健全理财业务流动性风险管理制度，加强理财产品及其所投资资产期限管理，专业审慎、勤勉尽责地管理理财产品流动性风险，确保投资者的合法权益不受损害并得到公平对待。',132,0),(2871,40,0,'','商业银行应当在理财产品设计阶段，综合评估分析投资策略、投资范围、投资资产流动性、销售渠道、投资者类型与风险偏好等因素，审慎决定是否采取开放式运作。',133,0),(2872,40,0,'','商业银行发行的封闭式理财产品的期限不得低于90天；开放式理财产品所投资资产的流动性应当与投资者赎回需求相匹配，确保持有足够的现金、活期存款、国债、中央银行票据、政策性金融债券等具有良好流动性的资产，以备支付理财产品投资者的赎回款项。开放式公募理财产品应当持有不低于该理财产品资产净值5%的现金或者到期日在一年以内的国债、中央银行票据和政策性金融债券。 ',134,0),(2873,40,0,'','第四十四条 商业银行理财产品直接或间接投资于非标准化债权类资产的，非标准化债权类资产的终止日不得晚于封闭式理财产品的到期日或者开放式理财产品的最近一次开放日。',135,0),(2874,40,0,'','商业银行理财产品直接或间接投资于未上市企业股权及其受（收）益权的，应当为封闭式理财产品，并明确股权及其受（收）益权的退出安排。未上市企业股权及其受（收）益权的退出日不得晚于封闭式理财产品的到期日。',136,0),(2875,40,0,'','第四十五条 商业银行应当加强理财产品开展同业融资的流动性风险、交易对手风险和操作风险等风险管理，做好期限管理和集中度管控，按照穿透原则对交易对手实施尽职调查和准入管理，设置适当的交易限额并根据需要进行动态调整。',137,0),(2876,40,0,'','商业银行应当建立健全买入返售交易质押品的管理制度，采用科学合理的质押品估值方法，审慎确定质押品折扣系数，确保其能够满足正常和压力情景下融资交易的质押品需求，并且能够及时向相关交易对手履行返售质押品的义务。',138,0),(2877,40,0,'','第四十六条 商业银行应当建立健全理财产品压力测试制度。理财产品压力测试应当至少符合以下要求：',139,0),(2878,40,0,'','（一）针对单只理财产品，合理审慎设定并定期审核压力情景，充分考虑理财产品的规模、投资策略、投资者类型等因素，审慎评估各类风险对理财产品的影响，压力测试的数据应当准确可靠并及时更新，压力测试频率应当与商业银行理财产品的规模和复杂程度相适应；',140,0),(2879,40,0,'','（二）针对每只公募理财产品，压力测试应当至少每季度进行一次，出现市场剧烈波动等情况时，应当提高压力测试频率；',141,0),(2880,40,0,'','（三）在可能情况下，应当参考以往出现的影响理财产品的外部冲击，对压力测试结果实施事后检验，压力测试结果和事后检验应当有书面记录；',142,0),(2881,40,0,'','（四）在理财产品投资运作和风险管理过程中应当充分考虑压力测试结果，必要时根据压力测试结果进行调整；',143,0),(2882,40,0,'','（五）制定有效的理财产品应急计划，确保其可以应对紧急情况下的理财产品赎回需求。应急计划的制定应当充分考虑压力测试结果，内容包括但不限于触发应急计划的各种情景、应急资金来源、应急程序和措施，董事会、高级管理层及相关部门实施应急程序和措施的权限与职责等；',144,0),(2883,40,0,'','（六）由专门的团队负责压力测试的实施与评估，该团队应当与投资管理团队保持相对独立。',145,0),(2884,40,0,'','第四十七条 商业银行应当加强对开放式公募理财产品认购环节的管理，合理控制理财产品投资者集中度，审慎确认大额认购申请，并在理财产品销售文件中对拒绝或暂停接受投资者认购申请的情形进行约定。',146,0),(2885,40,0,'','当接受认购申请可能对存量开放式公募理财产品投资者利益构成重大不利影响时，商业银行可以采取设定单一投资者认购金额上限或理财产品单日净认购比例上限、拒绝大额认购、暂停认购等措施，切实保护存量理财产品投资者的合法权益。',147,0),(2886,40,0,'','在确保投资者得到公平对待的前提下，商业银行可以按照法律、行政法规和理财产品销售文件约定，综合运用设置赎回上限、延期办理巨额赎回申请、暂停接受赎回申请、收取短期赎回费等方式，作为压力情景下开放式公募理财产品流动性风险管理的辅助措施。商业银行应当按照理财产品销售文件中约定的信息披露方式，在3个交易日内通知投资者相关处理措施。',148,0),(2887,40,0,'','本办法所称巨额赎回是指商业银行开放式公募理财产品单个开放日净赎回申请超过理财产品总份额的10%的赎回行为，国务院银行业监督管理机构另有规定的除外。',149,0),(2888,40,0,'','第四十八条 商业银行应当对理财投资合作机构的资质条件、专业服务能力和风险管理水平等开展尽职调查，实行名单制管理，明确规定理财投资合作机构的准入标准和程序、责任与义务、存续期管理、利益冲突防范机制、信息披露义务及退出机制，理财投资合作机构的名单应当至少由总行高级管理层批准并定期评估，必要时进行调整。商业银行应当以书面方式明确界定双方的权利义务和风险责任承担方式，切实履行投资管理职责，不因委托其他机构投资而免除自身应当承担的责任。',150,0),(2889,40,0,'','本办法所称理财投资合作机构包括但不限于商业银行理财产品所投资资产管理产品的发行机构、根据合同约定从事理财产品受托投资的机构以及与理财产品投资管理相关的投资顾问等。理财投资合作机构应当是具有专业资质并受金融监督管理部门依法监管的金融机构或国务院银行业监督管理机构认可的其他机构。',151,0),(2890,40,0,'','商业银行聘请理财产品投资顾问的，应当审查投资顾问的投资建议，不得由投资顾问直接执行投资指令，不得向未提供实质服务的投资顾问支付费用或者支付与其提供的服务不相匹配的费用。',152,0),(2891,40,0,'','商业银行首次与理财投资合作机构合作的，应当提前10日将该合作机构相关情况报告银行业监督管理机构。',153,0),(2892,40,0,'','第四十九条 商业银行不得用自有资金购买本行发行的理财产品，不得为理财产品投资的非标准化债权类资产或权益类资产提供任何直接或间接、显性或隐性的担保或回购承诺，不得用本行信贷资金为本行理财产品提供融资和担保。',154,0),(2893,40,0,'',' ',155,0),(2894,40,1,'h2','第四节 理财托管',156,0),(2895,40,0,'','第五十条 商业银行应当选择具有证券投资基金托管业务资格的金融机构、银行业理财登记托管机构或者国务院银行业监督管理机构认可的其他机构托管所发行的理财产品。',157,0),(2896,40,0,'','第五十一条 从事理财产品托管业务的机构应当履行下列职责，确保实现实质性独立托管：',158,0),(2897,40,0,'','（一）安全保管理财产品财产；',159,0),(2898,40,0,'','（二）为每只理财产品开设独立的托管账户，不同托管账户中的资产应当相互独立；',160,0),(2899,40,0,'','（三）按照托管协议约定和理财产品发行银行的投资指令，及时办理清算、交割事宜；',161,0),(2900,40,0,'','（四）建立与理财产品发行银行的对账机制，复核、审查理财产品资金头寸、资产账目、资产净值、认购和赎回价格等数据，及时核查认购、赎回以及投资资金的支付和到账情况；',162,0),(2901,40,0,'','（五）监督理财产品投资运作，发现理财产品违反法律、行政法规、规章规定或合同约定进行投资的，应当拒绝执行，及时通知理财产品发行银行并报告银行业监督管理机构；',163,0),(2902,40,0,'','（六）办理与理财产品托管业务活动相关的信息披露事项，包括披露理财产品托管协议、对理财产品信息披露文件中的理财产品财务会计报告等出具意见，以及在公募理财产品半年度和年度报告中出具理财托管机构报告等；',164,0),(2903,40,0,'','（七）理财托管业务活动的记录、账册、报表和其他相关资料保存15年以上；',165,0),(2904,40,0,'','（八）对理财产品投资信息和相关资料承担保密责任，除法律、行政法规、规章规定、审计要求或者合同约定外，不得向任何机构或者个人提供相关信息和资料；',166,0),(2905,40,0,'','（九）国务院银行业监督管理机构规定的其他职责。',167,0),(2906,40,0,'','从事理财产品托管业务机构的董事、监事、高级管理人员和其他托管业务人员不得有本办法第二十四条第二款所列行为。',168,0),(2907,40,0,'','第五十二条 商业银行有下列情形之一的，国务院银行业监督管理机构可以要求其发行的理财产品由指定的机构进行托管：',169,0),(2908,40,0,'','（一）理财产品未实现实质性独立托管的；',170,0),(2909,40,0,'','（二）未按照穿透原则，在全国银行业理财信息登记系统中，向上穿透登记最终投资者信息，向下穿透登记理财产品投资的底层资产信息，或者信息登记不真实、准确、完整和及时的；',171,0),(2910,40,0,'','（三）国务院银行业监督管理机构规定的其他情形。',172,0),(2911,40,0,'',' ',173,0),(2912,40,1,'h2','第五节  信息披露',174,0),(2913,40,0,'','第五十三条 商业银行应当按照国务院银行业监督管理机构关于信息披露的有关规定，每半年披露其从事理财业务活动的有关信息，披露的信息应当至少包括以下内容：当期发行和到期的理财产品类型、数量和金额、期末存续理财产品数量和金额，列明各类理财产品的占比及其变化情况，以及理财产品直接和间接投资的资产种类、规模和占比等信息。',175,0),(2914,40,0,'','第五十四条 商业银行应当在本行营业网点或官方网站建立理财产品信息查询平台，收录全部在售及存续期内公募理财产品的基本信息。',176,0),(2915,40,0,'','第五十五条 商业银行应当及时、准确、完整地向理财产品投资者披露理财产品的募集信息、资金投向、杠杆水平、收益分配、托管安排、投资账户信息和主要投资风险等内容。',177,0),(2916,40,0,'','第五十六条 商业银行发行公募理财产品的，应当在本行官方网站或者按照与投资者约定的方式，披露以下理财产品信息：',178,0),(2917,40,0,'','（一）在全国银行业理财信息登记系统获取的登记编码；',179,0),(2918,40,0,'','（二）销售文件，包括说明书、销售协议书、风险揭示书和投资者权益须知；',180,0),(2919,40,0,'','（三）发行公告，包括理财产品成立日期和募集规模等信息；',181,0),(2920,40,0,'','（四）定期报告，包括理财产品的存续规模、收益表现，并分别列示直接和间接投资的资产种类、投资比例、投资组合的流动性风险分析，以及前十项资产具体名称、规模和比例等信息；',182,0),(2921,40,0,'','（五）到期公告，包括理财产品的存续期限、终止日期、收费情况和收益分配情况等信息；',183,0),(2922,40,0,'','（六）重大事项公告；',184,0),(2923,40,0,'','（七）临时性信息披露；',185,0),(2924,40,0,'','（八）国务院银行业监督管理机构规定的其他信息。',186,0),(2925,40,0,'','商业银行应当在理财产品成立之后5日内披露发行公告，在理财产品终止后5日内披露到期公告，在发生可能对理财产品投资者或者理财产品收益产生重大影响的事件后2日内发布重大事项公告。',187,0),(2926,40,0,'','商业银行应当在每个季度结束之日起15日内、上半年结束之日起60日内、每年结束之日起90日内，编制完成理财产品的季度、半年和年度报告等定期报告。理财产品成立不足90日或者剩余存续期不超过90日的，商业银行可以不编制理财产品当期的季度、半年和年度报告。',188,0),(2927,40,0,'','第五十七条 商业银行应当在每个开放日结束后2日内，披露开放式公募理财产品在开放日的份额净值、份额累计净值、认购价格和赎回价格，在定期报告中披露开放式公募理财产品在季度、半年和年度最后一个市场交易日的份额净值、份额累计净值和资产净值。',189,0),(2928,40,0,'','商业银行应当至少每周向投资者披露一次封闭式公募理财产品的资产净值和份额净值。 ',190,0),(2929,40,0,'','第五十八条 商业银行应当在公募理财产品的存续期内，至少每月向投资者提供其所持有的理财产品账单，账单内容包括但不限于投资者持有的理财产品份额、认购金额、份额净值、份额累计净值、资产净值、收益情况、投资者理财交易账户发生的交易明细记录等信息。',191,0),(2930,40,0,'','第五十九条 商业银行发行私募理财产品的，应当按照与合格投资者约定的方式和频率，披露以下理财产品信息：',192,0),(2931,40,0,'','（一）在全国银行业理财信息登记系统获取的登记编码；',193,0),(2932,40,0,'','（二）销售文件，包括说明书、销售协议书、风险揭示书和投资者权益须知；',194,0),(2933,40,0,'','（三）至少每季度向合格投资者披露理财产品的资产净值、份额净值和其他重要信息；',195,0),(2934,40,0,'','（四）定期报告，至少包括季度、半年和年度报告；',196,0),(2935,40,0,'','（五）到期报告；',197,0),(2936,40,0,'','（六）重大事项报告；',198,0),(2937,40,0,'','（七）临时性信息披露；',199,0),(2938,40,0,'','（八）国务院银行业监督管理机构规定的其他信息。',200,0),(2939,40,0,'','第六十条 商业银行理财产品终止后的清算期原则上不得超过5日；清算期超过5日的，应当在理财产品终止前，根据与投资者的约定，在指定渠道向理财产品投资者进行披露。',201,0),(2940,40,0,'','第六十一条 商业银行应当在理财产品销售文件中明确约定与投资者联络和信息披露的方式、渠道和频率，以及在信息披露过程中各方的责任，确保投资者及时获取信息。',202,0),(2941,40,0,'','商业银行在未与投资者明确约定的情况下，在其官方网站公布理财产品相关信息，不能视为向投资者进行了信息披露。',203,0),(2942,40,0,'',' ',204,0),(2943,40,1,'h1','第四章 监督管理',205,0),(2944,40,0,'','第六十二条 从事理财业务的商业银行应当按照规定，向银行业监督管理机构报送与理财业务有关的财务会计报表、统计报表、外部审计报告和银行业监督管理机构要求报送的其他材料，并于每年度结束后2个月内报送理财业务年度报告。',206,0),(2945,40,0,'','第六十三条 理财托管机构应当按照规定，向银行业监督管理机构报送与理财产品托管有关的材料，并于每年度结束后2个月内报送理财产品年度托管报告。',207,0),(2946,40,0,'','第六十四条 从事理财业务的商业银行在理财业务中出现重大风险和损失时，应当及时向银行业监督管理机构报告，并提交应对措施。',208,0),(2947,40,0,'','第六十五条 银行业监督管理机构应当定期对商业银行理财业务进行现场检查。',209,0),(2948,40,0,'','第六十六条 银行业监督管理机构应当基于非现场监管和现场检查情况，定期对商业银行理财业务进行评估，并将其作为监管评级的重要依据。',210,0),(2949,40,0,'','第六十七条 商业银行违反本办法规定从事理财业务活动的，应当根据国务院银行业监督管理机构或者其省一级派出机构提出的整改要求，在规定的时限内向国务院银行业监督管理机构或者其省一级派出机构提交整改方案并采取整改措施。',211,0),(2950,40,0,'','第六十八条 对于在规定的时限内未能采取有效整改措施的商业银行，或者其行为严重危及本行稳健运行、损害投资者合法权益的，国务院银行业监督管理机构或者其省一级派出机构有权按照《中华人民共和国银行业监督管理法》第三十七条的规定，采取下列措施：',212,0),(2951,40,0,'','（一）责令暂停发行理财产品；',213,0),(2952,40,0,'','（二）责令暂停开展理财产品托管等业务；',214,0),(2953,40,0,'','（三）责令调整董事、高级管理人员或者限制其权利；',215,0),(2954,40,0,'','（四）《中华人民共和国银行业监督管理法》第三十七条规定的其他措施。',216,0),(2955,40,0,'','第六十九条 商业银行开展理财业务，根据《指导意见》经认定存在刚性兑付行为的，应当足额补缴存款准备金和存款保险保费，按照国务院银行业监督管理机构的相关规定，足额计提资本、贷款损失准备和其他各项减值准备，计算流动性风险和大额风险暴露等监管指标。',217,0),(2956,40,0,'',' ',218,0),(2957,40,1,'h1','第五章 法律责任',219,0),(2958,40,0,'','第七十条 商业银行从事理财业务活动，有下列情形之一的，由银行业监督管理机构依照《中华人民共和国银行业监督管理法》第四十六条的规定，予以处罚。',220,0),(2959,40,0,'','（一）提供虚假的或者隐瞒重要事实的报表、报告等文件、资料的；',221,0),(2960,40,0,'','（二）未按照规定进行风险揭示或者信息披露的；',222,0),(2961,40,0,'','（三）根据《指导意见》经认定存在刚性兑付行为的；',223,0),(2962,40,0,'','（四）拒绝执行本办法第六十八条规定的措施的；',224,0),(2963,40,0,'','（五）严重违反本办法规定的其他情形。',225,0),(2964,40,0,'','第七十一条 商业银行从事理财业务活动，未按照规定向银行业监督管理机构报告或者报送有关文件、资料的，由银行业监督管理机构依照《中华人民共和国银行业监督管理法》第四十七条的规定，予以处罚。',226,0),(2965,40,0,'','第七十二条 商业银行从事理财业务活动的其他违法违规行为，由银行业监督管理机构依照《中华人民共和国银行业监督管理法》《中华人民共和国商业银行法》等法律法规予以处罚。',227,0),(2966,40,0,'','第七十三条 商业银行从事理财业务活动，违反有关法律、行政法规以及国家有关银行业监督管理规定的，银行业监督管理机构除依照本办法第七十条至第七十二条规定处罚外，还可以依照《中华人民共和国银行业监督管理法》第四十八条和《金融违法行为处罚办法》的相关规定，对直接负责的董事、高级管理人员和其他直接责任人员进行处理；涉嫌犯罪的，依法移送司法机关处理。',228,0),(2967,40,0,'',' ',229,0),(2968,40,1,'h1','第六章 附则',230,0),(2969,40,0,'','第七十四条 政策性银行、农村合作银行、农村信用合作社等其他银行业金融机构开展理财业务，适用本办法规定。外国银行分行开展理财业务，参照本办法执行。',231,0),(2970,40,0,'','第七十五条 商业银行已经发行的保证收益型和保本浮动收益型理财产品应当按照结构性存款或者其他存款进行规范管理。',232,0),(2971,40,0,'','本办法所称结构性存款是指商业银行吸收的嵌入金融衍生产品的存款，通过与利率、汇率、指数等的波动挂钩或者与某实体的信用情况挂钩，使存款人在承担一定风险的基础上获得相应收益的产品。',233,0),(2972,40,0,'','结构性存款应当纳入商业银行表内核算，按照存款管理，纳入存款准备金和存款保险保费的缴纳范围，相关资产应当按照国务院银行业监督管理机构的相关规定计提资本和拨备。衍生产品交易部分按照衍生产品业务管理，应当有真实的交易对手和交易行为。',234,0),(2973,40,0,'','商业银行发行结构性存款应当具备相应的衍生产品交易业务资格。',235,0),(2974,40,0,'','商业银行销售结构性存款，应当参照本办法第三章第二节和本办法附件的相关规定执行。',236,0),(2975,40,0,'','第七十六条 具有代客境外理财业务资格的商业银行开展代客境外理财业务，参照本办法执行，并应当遵守法律、行政法规和金融监督管理部门的相关规定。',237,0),(2976,40,0,'','第七十七条 本办法中“以上”均含本数；“日”指工作日；“收益率”指年化收益率。',238,0),(2977,40,0,'','第七十八条 本办法附件《商业银行理财产品销售管理要求》是本办法的组成部分。',239,0),(2978,40,0,'','第七十九条 本办法由国务院银行业监督管理机构负责解释。',240,0),(2979,40,0,'','第八十条 本办法自公布之日起施行。《商业银行个人理财业务管理暂行办法》（中国银行业监督管理委员会令2005年第2号）、《商业银行个人理财业务风险管理指引》（银监发〔2005〕63号）、《中国银行业监督管理委员会办公厅关于商业银行开展个人理财业务风险提示的通知》（银监办发〔2006〕157号）、《中国银监会办公厅关于调整商业银行个人理财业务管理有关规定的通知》（银监办发〔2007〕241号）、《中国银监会办公厅关于进一步规范商业银行个人理财业务有关问题的通知》（银监办发〔2008〕47号）、《中国银监会办公厅关于进一步规范商业银行个人理财业务报告管理有关问题的通知》（银监办发〔2009〕172号）、《中国银监会关于进一步规范商业银行个人理财业务投资管理有关问题的通知》（银监发〔2009〕65号）、《中国银监会关于规范信贷资产转让及信贷资产类理财业务有关事项的通知》（银监发〔2009〕113 号）、《商业银行理财产品销售管理办法》（中国银行业监督管理委员会令2011年第5号）、《中国银监会关于进一步加强商业银行理财业务风险管理有关问题的通知》（银监发〔2011〕91号）、《中国银监会关于规范商业银行理财业务投资运作有关问题的通知》（银监发〔2013〕8号）、《中国银监会关于完善银行理财业务组织管理体系有关事项的通知》（银监发〔2014〕35号）同时废止。本办法实施前出台的有关规章及规范性文件如与本办法不一致的，按照本办法执行。',241,0),(2980,40,0,'','第八十一条 本办法过渡期为施行之日起至2020年底。过渡期内，商业银行新发行的理财产品应当符合本办法规定；对于存量理财产品，商业银行可以发行老产品对接存量理财产品所投资的未到期资产，但应当严格控制在存量产品的整体规模内，并有序压缩递减。',242,0),(2981,40,0,'','商业银行应当制定本行理财业务整改计划，明确时间进度安排和内部职责分工，经董事会审议通过并经董事长签批后，报送银行业监督管理机构认可，同时报备中国人民银行。银行业监督管理机构监督指导商业银行实施整改计划，对于提前完成整改的商业银行，给予适当监管激励；对于未严格执行整改计划或者整改不到位的商业银行，适时采取相关监管措施。',243,0),(2982,40,0,'','过渡期结束之后，商业银行理财产品按照本办法和《指导意见》进行全面规范管理，因子公司尚未成立而达不到第三方独立托管要求的情形除外；商业银行不得再发行或者存续不符合《指导意见》和本办法规定的理财产品。',244,0),(2983,41,0,'','各银保监局，各政策性银行、大型银行、股份制银行，邮储银行，外资银行：',0,0),(2984,41,0,'','为进一步规范银行业金融机构异地非持牌经营行为，维护金融市场秩序，防范金融风险，现提出以下意见：',1,0),(2985,41,0,'','一、规范银行业金融机构异地非持牌机构应当遵循以下原则：',2,0),(2986,41,0,'','（一）坚守定位。银行业金融机构应当专注主业、回归本源，制定合理的发展战略，避免盲目扩张，提高服务实体经济质效。中小金融机构应当坚守市场定位，深耕当地市场，为“三农”与小微企业提供优质金融服务。',3,0),(2987,41,0,'','（二）风险为本。银行业金融机构应当完善公司治理与风险管理体系，强化对异地机构的管理，严防各类金融风险。监管机构应当各司其职，避免监管空白与监管重叠。',4,0),(2988,41,0,'','（三）分类施策。监管机构应当根据不同类型银行业金融机构特点，对异地非持牌机构进行分类指导，精准施策。按照实质重于形式原则，区分经营性机构与非经营性机构，并根据风险外溢程度与风险管理需求的不同提出针对性规范要求。',5,0),(2989,41,0,'','（四）新老划断。银行业金融机构当前存续的异地非持牌机构应当在过渡期内有计划整改。新设异地持牌机构应当严格履行行政审批程序，新设异地非经营性机构应当严格履行报告义务。',6,0),(2990,41,0,'','二、本指导意见所称银行业金融机构是指在中华人民共和国境内设立的商业银行、农村信用合作社等吸收存款的金融机构以及国家开发银行、政策性银行。',7,0),(2991,41,0,'','三、异地非持牌机构是指未经银行业监督管理机构批准，银行业金融机构在异地拥有固定营业场所或配备专门人员，实质开展经营性业务或为相关业务提供后台服务的机构。异地非持牌机构包括异地经营性非持牌机构与异地非经营性非持牌机构（以下简称“经营性机构”与“非经营性机构”）。',8,0),(2992,41,0,'','经营性机构指银行业金融机构在异地设立的，按照实质重于形式原则，面向公众或交易对手开展经营活动，可能产生以下影响的机构：',9,0),(2993,41,0,'','（一）给银行业金融机构带来信用风险、市场风险、流动性风险、操作风险、声誉风险、法律风险、国别风险、战略风险等相关风险；',10,0),(2994,41,0,'','（二）对存款人和其他客户的合法权益构成损害；',11,0),(2995,41,0,'','（三）引发系统性区域性金融风险；',12,0),(2996,41,0,'','（四）对金融安全和金融稳定产生其他影响。',13,0),(2997,41,0,'','经营性机构包括但不限于银行业金融机构在异地设立且实质从事业务经营、产品营销、市场拓展、项目调查、风险评估等相关经营活动的事业部及其分部、业务部、管理部、代表处、办事处、业务中心、经营团队等。',14,0),(2998,41,0,'','非经营性机构指银行业金融机构在异地设立的不开展经营活动，仅为相关业务提供后台服务的机构。包括但不限于银行业金融机构在异地设立的区域审批中心、审计中心、灾备中心、软件开发中心、账务处理中心等。',15,0),(2999,41,0,'','四、银行业金融机构应当按照《中资商业银行专营机构监管指引》（银监发〔2012〕59号，以下简称《指引》）要求，根据实质重于形式原则，对符合持牌要求的经营性机构，按照行政许可程序申领专营机构或专营机构分支机构金融许可证；对不符合持牌要求的，将其并入当地分支行管理或予以撤销。',16,0),(3000,41,0,'','银行业金融机构应当结合本行发展战略、风险管理水平、内部控制能力，以及异地非持牌机构业务开展情况规范经营性机构。对于申领专营机构或其分支机构金融许可证的，应当严格按照《指引》要求加强管理，确保其风险管理和内控体系健全有效。',17,0),(3001,41,0,'','除经国务院银行业监督管理机构批准外，银行业金融机构不得在当地无分支机构的地区设立专营机构及其分支机构。',18,0),(3002,41,0,'','五、银行业金融机构在境外设立经营性机构，应当与境内外监管机构充分沟通，经境内法人监管机构与境外监管机构同意。对在境外已设立的经营性机构，经与境内外监管机构沟通后未经同意的，应当稳妥有序予以撤销。',19,0),(3003,41,0,'','银行业金融机构应当确保境外经营性机构严格遵守境内法人监管机构和境外监管机构相关监管要求，并加强境外运营风险防控和合规风险管理。',20,0),(3004,41,0,'','  六、银行业金融机构在境内设立非经营性机构，应当至少提前2个月向法人监管机构及拟设立非经营性机构的所在地监管机构报告。报告材料内容包括但不限于非经营性机构设立的必要性和可行性、办公场所、派驻人员、职能定位、业务范围、总行书面决议、总行对其管理方式、与当地分支行职责边界划分、报告路径等。',21,0),(3005,41,0,'','银行业金融机构应当建立健全对非经营性机构的管理机制，包括风险管理、内部控制、考核机制、人员管理等。银行业金融机构应当确保非经营性机构严格遵守其业务范围规定。严禁以非经营性机构之名，实质对外开展经营活动。',22,0),(3006,41,0,'','银行业金融机构应当定期向法人监管机构报告境内非经营性机构相关情况，报告频率不得低于每年一次。',23,0),(3007,41,0,'','银行业金融机构应当根据本行发展战略和内控管理水平，审慎设立异地非经营性机构，并合理确定机构数量。银行业金融机构不得在境内无分支机构的地区设立非经营性机构，不得在异地集中设立多个非经营性机构；发起设立专司村镇银行管理和服务的除外。',24,0),(3008,41,0,'','银行业金融机构在境外设立非经营性机构的相关监管要求另行规定。',25,0),(3009,41,0,'','七、除经国务院银行业监督管理机构批准外，银行业金融机构原则上不得设立异地管理总部。',26,0),(3010,41,0,'','八、银行业金融机构异地持牌机构所在地监管机构承担异地持牌机构的主体监管责任，履行市场准入、非现场监管、现场检查和行政处罚等职责。法人监管机构在法人监管整体框架内，对银行业金融机构异地持牌机构的风险管理与内部控制纳入总行统一管理体系进行依法监管。',27,0),(3011,41,0,'','九、法人监管机构承担银行业金融机构非经营性机构的主体监管责任。法人监管机构、非经营性机构所在地监管机构均可根据工作需要对非经营性机构进行监管，包括但不限于监管约谈、下达监管意见书、监管通报、现场检查、行政处罚等。',28,0),(3012,41,0,'','十、法人监管机构、所在地监管机构之间应当保持信息畅通，加强信息共享和监管联动，形成监管合力，有效防控金融风险。',29,0),(3013,41,0,'','十一、规范银行业金融机构异地非持牌机构过渡期为本意见发布之日起至2019年底。银行业金融机构原则上应当于本意见发布之日起三个月内将存量异地非持牌机构的整改方案报法人监管机构，经同意后于过渡期内完成整改；对于过渡期内完成整改确有困难的，经法人监管机构同意，整改时限可适当后延。在规定时限内整改不到位，以及本意见发布后违规设立异地非持牌机构的，银行业监督管理机构将按照《中华人民共和国商业银行法》《中华人民共和国银行业监督管理法》等相关规定，采取相关监管措施。',30,0),(3014,41,0,'','十二、过渡期内，对于存量经营性机构申请持牌的，在2018年与2019年年度机构发展规划外，银行业金融机构可向法人监管机构提交批量持牌申请。法人监管机构应当在充分征求所在地监管机构意见后确定可申请持牌的机构名单，并发送所在地监管机构，按照相关行政许可规定办理筹建或开业等准入程序。对于存量经营性机构并入当地分支行或予以撤销的，在未整改到位前，应当确保业务规模与从业人员只减不增，并做好员工安置等工作，积极做好风险防范工作。对于未向所在地监管机构报告的存量非经营性机构，应当于本意见发布之日起两个月内完成相关报告工作。',31,0),(3015,41,0,'','十三、过渡期内，银行业金融机构应当严格履行主体管理责任，按照监管要求及时制定和落实有关整改方案。银保监会相关机构监管部门应当做好统筹指导，加强信息共享和监管联动。法人监管机构在法人监管框架内承担异地非持牌机构的主体监管责任。所在地监管机构应当按照“守土有责”原则，承担辖内异地非持牌机构的属地监管责任。',32,0),(3016,41,0,'','2018年12月28日',33,0),(3017,42,1,'h1','第一章 总则',0,0),(3018,42,0,'','第一条 为加强对中国人民银行规章的管理，规范规章的制定、备案、解释和清理等工作，保障规章质量，根据《中华人民共和国立法法》《规章制定程序条例》和《法规规章备案条例》等法律法规，结合工作实际，制定本规定。',1,0),(3019,42,0,'','第二条 中国人民银行规章的立项、起草、审查、决定、公布、解释、修改、清理、备案等事项，适用本规定。',2,0),(3020,42,0,'','第三条 制定规章，应当贯彻落实党的路线方针政策和决策部署，体现全面深化改革精神，科学规范行政行为，切实保障公民、法人和其他组织的合法权益，遵循《中华人民共和国立法法》确定的立法原则，符合宪法、法律、行政法规和其他上位法的规定 。没有法律或者国务院的行政法规、决定、命令的依据，规章不得设定减损公民、法人和其他组织权利或者增加其义务的规范，不得增加中国人民银行的权力或者减少法定职责。',3,0),(3021,42,0,'','第四条 制定政治方面法律的配套规章和涉及金融体制改革、金融对外开放等重大经济社会方面的规章，应当在起草过程中按规定及时向中国人民银行党委报告。',4,0),(3022,42,0,'','第五条 规章的名称一般为“规定”、“办法”，不得称“法”、“条例”。第六条 涉及下列事项，原则上应当制定规章：',5,0),(3023,42,0,'','在上位法设定的行政许可事项范围内，对实施该行政许可作出具体规定；',6,0),(3024,42,0,'','设定行政处罚，或者在法律、行政法规规定的给予行政处罚的行为、种类和幅度的范围内作出具体规定；',7,0),(3025,42,0,'','委托符合《中华人民共和国行政处罚法》规定条件的组织实施行政处罚；',8,0),(3026,42,0,'','新设执法检查事项；',9,0),(3027,42,0,'','相关规定可能对公民、法人和其他组织权利义务造成重大影响的。对同一或者类似事项已经制定多部规范性文件、相关制度已经较为成熟的，应当及时制定规章。',10,0),(3028,42,0,'','第七条 中国人民银行条法司牵头负责规章的制定和管理工作，承担组织规章的立项、起草、审查、解释、备案、修改、清理等工作；办公厅负责规章的公文审核、公布、档案管理等工作。中国人民银行和国家外汇管理局内设机构（以下简称起草单位）依职责做好规章的立项、起草等工作。',11,0),(3029,42,1,'h1','第二章	立项',12,0),(3030,42,0,'','第八条 条法司组织编列年度规章制定工作计划。起草单位结合工作实际情况和监管工作需要，认为需要制定规章的，应当于每年年初提出本年度的规章立项申请。中国人民银行各省会（首府）城市中心支行以上分支机构可以于每年年初提出本年度规章制定项目建议。条法司可以视情况向社会公开征集规章制定项目建议。',13,0),(3031,42,0,'','第九条 立项申请应当着重说明以下内容：',14,0),(3032,42,0,'','制定规章的依据；',15,0),(3033,42,0,'','制定规章的必要性；',16,0),(3034,42,0,'','所要解决的主要问题；',17,0),(3035,42,0,'','拟确立的主要制度；',18,0),(3036,42,0,'','规章制定计划和拟发布时间。',19,0),(3037,42,0,'','第十条 条法司应当对立项申请和规章制定项目建议进行评估论证，拟订年度规章制定工作计划，报中国人民银行负责同志批准后向社会公布。规章制定工作计划包括规章名称、起草单位、拟发布时间等。',20,0),(3038,42,0,'','第十一条 中国人民银行按照相关财务管理规定对年度规章制定工作计划给予经费保障。',21,0),(3039,42,0,'','第十二条 对列入年度规章制定工作计划的项目，起草单位应当抓紧起草工作，按照计划及时上报。条法司应当及时跟踪了解年度规章制定工作计划执行情况，加强组织协调和督促指导。对列入年度规章制定工作计划但未完成的项目，原则上应当在下一年度重新立项。根据工作需要，未列入年度规章制定工作计划而又确有制定必要的规章，由起草单位商条法司并报中国人民银行负责同志批准后，可以作为补充计划项目执行。',22,0),(3040,42,1,'h1','第三章	起草',23,0),(3041,42,0,'','第十三条 规章一般由起草单位具体负责起草工作，条法司负责指导协调。涉及重大事项、多个内设机构职权等的规章，可以由条法司负责起草或者组织相关内设机构起草。',24,0),(3042,42,0,'','第十四条 规章应当采用条文形式，一般包括制定目的和依据、适用范围、职责分工、具体规范、法律责任、解释权、施行日期等内容。条文较多的规章可以区分章节。',25,0),(3043,42,0,'','第十五条 起草规章时，起草单位应当同时撰写起草说明，说明以下事项：',26,0),(3044,42,0,'','制定规章的依据和必要性；',27,0),(3045,42,0,'','主要起草过程；',28,0),(3046,42,0,'','拟解决的主要问题和拟确立的主要制度；',29,0),(3047,42,0,'','意见征求及采纳、协调处理情况；',30,0),(3048,42,0,'','开展贸易政策合规性评估和公平竞争审查的情况；',31,0),(3049,42,0,'','其他需要说明的问题。',32,0),(3050,42,0,'','第十六条 起草单位在起草过程中应当深入调查研究，广泛征求有关机关、组织和公民的意见。起草的规章涉及国务院其他部门的职责或者与其他部门关系紧密的，涉及中国人民银行其他内设机构职责的，起草单位应当征求国务院其他部门或者有关内设机构对规章条文或者规章涉及的主要问题的意见。征求意见可以采取书面征求意见、座谈会、论证会、听证会等多种形式。起草专业性较强的规章，起草单位可以吸收相关领域的专家参与起草工作，或者委托有关专家、教学科研单位、社会组织起草。起草规章符合《规章制定程序条例》第十六条规定的情况，需要听证的，起草单位应当按照相关程序举办听证会，广泛听取有关方面的意见。',33,0),(3051,42,0,'','第十七条 规章起草过程中，除依法需要保密的外，起草单位应当将规章条文及其说明等向社会公布，公开征求意见。公开征求意见的期限一般不少于 30 日。公开征求意见前，起草单位应当充分评估舆情风险，做好宣传引导和应急处置预案，商条法司、办公厅并报中国人民银行负责同志批准。',34,0),(3052,42,0,'','第十八条 起草的规章与贸易有关或者可能影响贸易的，起草单位应当在起草过程中按照规定开展贸易政策合规性评估。起草的规章涉及市场主体经济活动的，起草单位应当在起草过程中按照规定开展公平竞争审查。法律、行政法规规定和国务院文件要求对规章进行其他审查的，起草单位应当在起草过程中按照规定及时完成审查。',35,0),(3053,42,0,'','第十九条 起草的规章应当与现行法律、行政法规和相关规章相衔接，法律、行政法规已经明确规定的内容不作重复规定。新起草的规章拟替代相关规章或者修改相关规章部分条款的，应当明确拟废止的相应规章或者拟废止、修改相关规章的相应条款。',36,0),(3054,42,0,'','第二十条 起草政治方面法律的配套规章和涉及金融体制改革、金融对外开放等重大经济社会方面的规章，起草单位应当在起草过程中，及时商条法司将重大问题向中国人民银行党委报告 。',37,0),(3055,42,0,'','第二十一条 规章起草完成后，起草单位应当制作规章送审稿，并将规章送审稿及起草说明、对规章送审稿主要问题的不同意见和其他有关材料报送条法司审查。有关材料主要包括所规范领域的实际情况和相关数据、实践中存在的主要问题、汇总的意见、调研报告、国内外有关立法资料等。修改规章的，还应当提供修改内容对照表。',38,0),(3056,42,1,'h1','第四章	审查',39,0),(3057,42,0,'','第二十二条 规章送审稿由条法司负责统一审查。审查主要包括以下方面：',40,0),(3058,42,0,'','是否列入年度规章制定工作计划或者补充计划；',41,0),(3059,42,0,'','是否符合《规章制定程序条例》第三条、第四条、第五条、第六条的规定；',42,0),(3060,42,0,'','是否符合社会主义核心价值观的要求；',43,0),(3061,42,0,'','是否与现行法律、行政法规和规章协调、衔接；',44,0),(3062,42,0,'','是否按照本规定的要求广泛征求各方面意见，并充分采纳相关意见、协调正确处理主要争议；',45,0),(3063,42,0,'','条文结构和法律用语是否准确，是否符合立法技术要求；',46,0),(3064,42,0,'','主要规定是否具有针对性和可执行性；',47,0),(3065,42,0,'','开展贸易政策合规性评估和公平竞争审查的情况；',48,0),(3066,42,0,'','需要审查的其他内容。',49,0),(3067,42,0,'','第二十三条 规章送审稿有下列情形之一的，条法司经司务会审议通过，可以缓办或者退回起草单位：',50,0),(3068,42,0,'','立法依据不足，或者与宪法、法律、行政法规和其他上位法存在冲突的；',51,0),(3069,42,0,'','制定规章的基本条件尚不成熟、发生重大变化，或者没有制定规章必要的；',52,0),(3070,42,0,'','未充分征求意见，或者对主要制度存在较大争议，起草单位未与有关机构或者部门达成较为一致意见的；',53,0),(3071,42,0,'','主要内容严重脱离实际，或者缺乏针对性和可执行性的；',54,0),(3072,42,0,'','在立法技术上存在较大缺陷，需要作全面调整和修改的；',55,0),(3073,42,0,'','存在不符合本规定第二十一条或未通过第二十二条审查的其他情形的。',56,0),(3074,42,0,'','第二十四条 条法司应当就规章送审稿涉及的主要问题，深入基层进行实地调查研究，听取基层有关机关、组织和公民的意见；将规章送审稿或者规章送审稿涉及的主要问题发送至有关机关、组织和专家征求意见。对规章送审稿作重大修改的，条法司可以将规章送审稿或者修改稿及其说明等向社会公布，征求意见。征求意见的期限一般不少于 30 日。条法司在公开征求意见前，应当充分评估舆情风险，做好宣传引导和应急处置预案。',57,0),(3075,42,0,'','第二十五条 规章送审稿涉及重大利益调整的，条法司应当进行论证咨询，广泛听取有关方面的意见。论证咨询可以采取座谈会、论证会、听证会、委托研究等多种形式。规章送审稿涉及重大利益调整或者存在重大意见分歧，对公民、法人或者其他组织的权利义务有较大影响，人民群众普遍关注，起草单位在起草过程中未举行听证会的，经中国人民银行负责同志批准，条法司可以举行听证会。',58,0),(3076,42,0,'','第二十六条 有关机构或者部门对规章送审稿涉及的主要措施、管理体制、权限分工等问题有不同意见的，条法司应当进行协调，力求达成一致意见。经过充分协调不能达成一致意见的，条法司应当将主要问题、有关机构或者部门的意见和条法司倾向性的意见及时报中国人民银行负责同志决定。',59,0),(3077,42,0,'','第二十七条 在审查过程中，条法司应当加强与起草单位的沟通，及时将意见反馈至起草单位，需要补充材料的，起草单位应当及时补充。条法司应当认真研究各方面的意见，与起草单位协商后，对规章送审稿进行修改，形成规章草案和草案说明。草案说明应当包括制定规章拟解决的主要问题、确立的主要措施以及与有关部门的协调情况等。',60,0),(3078,42,0,'','第二十八条 规章草案和草案说明由条法司主要负责同志签署，经中国人民银行负责同志同意后，提请中国人民银行行长办公会议审议。',61,0),(3079,42,0,'','决定和公布',62,0),(3080,42,0,'','第二十九条 规章应当经中国人民银行行长办公会议审议。审议规章草案时，由条法司作说明，也可以由起草单位作说明。',63,0),(3081,42,0,'','第三十条 条法司应当在根据中国人民银行行长办公会议审议意见，对规章草案进行修改和完善后，报请中国人民银行行长签署命令予以公布。公布规章使用“中国人民银行令”，载明该规章的序号、名称、通过日期、施行日期、中国人民银行行长署名以及公布日期。',64,0),(3082,42,0,'','第三十一条 涉外规章有下列情形之一的，在正式发布前应当向国务院请示报告：',65,0),(3083,42,0,'','涉及对外开放的方针性、政策性、原则性的制度设定或者调整的；',66,0),(3084,42,0,'','（二）专门规范外国人和外国企业、组织及其活动的制度设定或者调整的；',67,0),(3085,42,0,'','（三）存在有必要向国务院请示报告的其他情形的。',68,0),(3086,42,1,'h1','第六章	解释、备案与清理',69,0),(3087,42,0,'','第三十二条 规章的规定需要进一步明确具体含义，或者制定后出现新的情况、需要明确适用规章依据的，由条法司参照规章送审稿审查程序提出意见，报中国人民银行负责同志批准后以“中国人民银行公告”的形式发布。规章的解释与规章具有同等效力。',70,0),(3088,42,0,'','第三十三条 条法司应当在规章公布之日起 30 日内，按照《中华人民共和国立法法》和《法规规章备案条例》的规定进行备案。第三十四条 条法司应当根据全面深化改革、经济社会发展需要以及上位法规定，及时组织开展规章清理工作，制定并发布有效规章目录。',71,0),(3089,42,1,'h1','第七章	附则',72,0),(3090,42,0,'','第三十五条 规章的修改、废止，参照本规定第二章至第五章规定的相关程序执行。修改、废止规章，以“中国人民银行令”及时公布。',73,0),(3091,42,0,'','第三十六条 条法司可以组织对已发布的规章进行立法后评估。条法司可以根据评估结果，提出修改、废止有关规章的建议。',74,0),(3092,42,0,'','第三十七条 国家外汇管理局以中国人民银行名义制定规章及相关规章的管理工作，适用本规定。国务院委托中国人民银行代拟的法律、行政法规草案的行内起草程序，参照本规定执行。中国人民银行与国务院其他部门联合制定规章，使用中国人民银行文号的，适用本规定；使用其他部门文号的，应当由主办单位提出意见，参照本规定第四章的规定报条法司审查，并经中国人民银行行长办公会议审议通过。',75,0),(3093,42,0,'','第三十八条 规章涉及或影响货物贸易、服务贸易以及与贸易有关的知识产权的，应当制作英文译本。规章的英文译本由起草单位负责制作，一般应当在规章实施前报条法司，确有特殊情况的，不晚于规章施行之日起 75 日内报送。条法司对规章的英文译本进行审核后，按照相关规定对外公布。',76,0),(3094,42,0,'','第三十九条 本规定由中国人民银行负责解释。',77,0),(3095,42,0,'','第四十条 本规定自 2018 年 11 月 1 日起施行。《规章制定标准规程》（银办发〔2002〕268 号文印发）同时废止。',78,0);

/*Table structure for table `clause_file` */

DROP TABLE IF EXISTS `clause_file`;

CREATE TABLE `clause_file` (
  `id` int(11) NOT NULL AUTO_INCREMENT COMMENT '主键ID',
  `clause_id` int(11) DEFAULT NULL COMMENT '管理办法ID',
  `file_id` int(11) DEFAULT NULL COMMENT '附件ID',
  `delete` tinyint(1) NOT NULL DEFAULT '0' COMMENT '删除（0未删|1已删）',
  PRIMARY KEY (`id`)
) ENGINE=MyISAM AUTO_INCREMENT=34 DEFAULT CHARSET=utf8;

/*Data for the table `clause_file` */

insert  into `clause_file`(`id`,`clause_id`,`file_id`,`delete`) values (1,2,3,0),(2,2,4,0),(3,2,5,0),(31,3,4,0),(30,3,3,0),(33,4,4,0),(32,4,3,0),(29,5,8,0),(28,5,5,0);

/*Table structure for table `confirmation` */

DROP TABLE IF EXISTS `confirmation`;

CREATE TABLE `confirmation` (
  `id` int(11) NOT NULL AUTO_INCREMENT COMMENT '确认书ID',
  `draft_id` int(11) NOT NULL DEFAULT '0' COMMENT '工作底稿ID',
  `confirmation_receipt_id` int(11) NOT NULL DEFAULT '0' COMMENT '确认书回执ID',
  `file_id` int(11) DEFAULT '0' COMMENT '图片ID',
  `has_read` tinyint(1) NOT NULL DEFAULT '0' COMMENT '是否已读（0未读|1已读）',
  `has_read_time` timestamp NOT NULL DEFAULT '0000-00-00 00:00:00' COMMENT '已读时间',
  `proposal` varchar(2000) DEFAULT NULL COMMENT '单位意见或者建议',
  `state` enum('draft','publish') NOT NULL DEFAULT 'draft' COMMENT '状态（draft草稿|publish发布）',
  `update_time` timestamp NULL DEFAULT NULL COMMENT '更新时间',
  `delete` tinyint(1) NOT NULL DEFAULT '0' COMMENT '删除（0未删|1删除）',
  PRIMARY KEY (`id`),
  KEY `工作底稿` (`draft_id`)
) ENGINE=InnoDB AUTO_INCREMENT=26 DEFAULT CHARSET=utf8;

/*Data for the table `confirmation` */

insert  into `confirmation`(`id`,`draft_id`,`confirmation_receipt_id`,`file_id`,`has_read`,`has_read_time`,`proposal`,`state`,`update_time`,`delete`) values (21,95,0,0,0,'0000-00-00 00:00:00',NULL,'publish',NULL,0),(22,96,0,0,0,'0000-00-00 00:00:00',NULL,'publish',NULL,0),(23,97,0,0,1,'2019-01-08 00:23:59',NULL,'publish',NULL,0),(24,98,0,0,0,'0000-00-00 00:00:00',NULL,'publish',NULL,0),(25,99,0,0,0,'0000-00-00 00:00:00',NULL,'draft',NULL,0);

/*Table structure for table `confirmation_basis` */

DROP TABLE IF EXISTS `confirmation_basis`;

CREATE TABLE `confirmation_basis` (
  `id` int(11) NOT NULL AUTO_INCREMENT COMMENT '依据主键ID',
  `confirmation_id` int(11) NOT NULL DEFAULT '0' COMMENT '事实确认书ID',
  `basis_id` int(11) NOT NULL DEFAULT '0' COMMENT '工作底稿依据ID',
  `delete` tinyint(1) NOT NULL DEFAULT '0' COMMENT '删除（0未删|1删除）',
  PRIMARY KEY (`id`)
) ENGINE=InnoDB AUTO_INCREMENT=30 DEFAULT CHARSET=utf8;

/*Data for the table `confirmation_basis` */

insert  into `confirmation_basis`(`id`,`confirmation_id`,`basis_id`,`delete`) values (28,21,160,0),(29,24,160,0);

/*Table structure for table `confirmation_receipt` */

DROP TABLE IF EXISTS `confirmation_receipt`;

CREATE TABLE `confirmation_receipt` (
  `id` int(11) NOT NULL AUTO_INCREMENT COMMENT '确认书回执ID',
  `content` varchar(5000) DEFAULT NULL COMMENT '回复内容',
  `time` timestamp NOT NULL DEFAULT '0000-00-00 00:00:00' COMMENT '回执时间',
  `delete` tinyint(1) NOT NULL DEFAULT '0' COMMENT '删除（0未删|1删除）',
  PRIMARY KEY (`id`)
) ENGINE=MyISAM AUTO_INCREMENT=2 DEFAULT CHARSET=utf8;

/*Data for the table `confirmation_receipt` */

/*Table structure for table `confirmation_receipt_content` */

DROP TABLE IF EXISTS `confirmation_receipt_content`;

CREATE TABLE `confirmation_receipt_content` (
  `id` int(11) NOT NULL AUTO_INCREMENT COMMENT '整改项ID',
  `confirmation_receipt` int(11) DEFAULT NULL COMMENT '确认书回执ID',
  `behavior_id` int(11) DEFAULT NULL COMMENT '违规行为ID',
  `result` varchar(500) DEFAULT NULL COMMENT '整改结果',
  `time` timestamp NULL DEFAULT NULL COMMENT '整改时间',
  `delete` tinyint(1) NOT NULL DEFAULT '0' COMMENT '删除（0未删|1已删）',
  PRIMARY KEY (`id`)
) ENGINE=MyISAM DEFAULT CHARSET=utf8;

/*Data for the table `confirmation_receipt_content` */

/*Table structure for table `department` */

DROP TABLE IF EXISTS `department`;

CREATE TABLE `department` (
  `id` int(11) NOT NULL AUTO_INCREMENT COMMENT '部门ID',
  `name` char(50) DEFAULT NULL COMMENT '部门名称',
  `parent_id` int(11) DEFAULT NULL COMMENT '上级部门ID',
  `code` char(150) DEFAULT NULL COMMENT '部门编码',
  `has_child` tinyint(1) NOT NULL DEFAULT '0' COMMENT '是否有子部门（0没有1有）',
  `level` char(20) DEFAULT NULL COMMENT '部门级别',
  `type` char(20) DEFAULT NULL COMMENT '类型（字典key）',
  `grade` int(3) DEFAULT NULL COMMENT '所在部门树的层级',
  `address` char(250) DEFAULT NULL COMMENT '地址',
  `phone` char(11) DEFAULT NULL COMMENT '手机号或者电话',
  `update_time` timestamp NULL DEFAULT NULL COMMENT '更新时间',
  `delete` tinyint(1) DEFAULT '0' COMMENT '是否删除（0未删1删除）',
  PRIMARY KEY (`id`)
) ENGINE=InnoDB AUTO_INCREMENT=21 DEFAULT CHARSET=utf8;

/*Data for the table `department` */

insert  into `department`(`id`,`name`,`parent_id`,`code`,`has_child`,`level`,`type`,`grade`,`address`,`phone`,`update_time`,`delete`) values (1,'农商行',-1,'bank',1,'0',NULL,NULL,'','','2019-01-06 22:39:13',0),(2,'小微企业金融服务中心',1,'',0,'0',NULL,NULL,'','','2019-01-06 22:12:07',0),(3,'业务授权中心',1,'',0,'0',NULL,NULL,'','','2019-01-06 22:12:14',0),(4,'工会工作部',1,'',0,'0',NULL,NULL,'','','2019-01-06 22:12:21',0),(5,'事后监督部',1,'',0,'0',NULL,NULL,'','','2019-01-06 22:12:26',0),(6,'农村业务部',1,'',0,'0',NULL,NULL,'','','2019-01-06 22:12:31',0),(7,'电子银行部',1,'',0,'0',NULL,NULL,'','','2019-01-06 22:12:36',0),(8,'资金运营部',1,'',0,'0',NULL,NULL,'','','2019-01-06 22:12:43',0),(9,'后勤服务部',1,'',0,'0',NULL,NULL,'','','2019-01-06 22:12:49',0),(10,'安全保卫部',1,'',0,'0',NULL,NULL,'','','2019-01-06 22:12:55',0),(11,'稽核审计部',1,'',0,'0',NULL,NULL,'','','2019-01-06 22:13:02',0),(12,'财务统计部',1,'',0,'0',NULL,NULL,'','','2019-01-06 22:13:08',0),(13,'合规风险管理部',1,'',0,'0',NULL,NULL,'','','2019-01-06 22:13:13',0),(14,'业务发展部',1,'',0,'0',NULL,NULL,'','','2019-01-06 22:13:21',0),(15,'督导室',1,'',0,'0',NULL,NULL,'','','2019-01-06 22:13:27',0),(16,'纪检监察部',1,'',0,'0',NULL,NULL,'','','2019-01-06 22:13:35',0),(17,'党群工作部',1,'',0,'0',NULL,NULL,'','','2019-01-06 22:13:40',0),(18,'人力资源部',1,'',0,'0',NULL,NULL,'','','2019-01-06 22:13:46',0),(19,'办公室',1,'',0,'0',NULL,NULL,'','','2019-01-06 22:13:53',0),(20,'董事会办公室',1,'',0,'0',NULL,NULL,'','','2019-01-06 22:13:59',0);

/*Table structure for table `department_user` */

DROP TABLE IF EXISTS `department_user`;

CREATE TABLE `department_user` (
  `id` int(11) NOT NULL AUTO_INCREMENT COMMENT '主键id',
  `department_id` int(11) DEFAULT NULL COMMENT '部门id',
  `user_id` int(11) NOT NULL DEFAULT '0' COMMENT '人员id',
  `type` char(20) DEFAULT NULL COMMENT '角色类型',
  `delete` tinyint(1) DEFAULT '0' COMMENT '软删除',
  PRIMARY KEY (`id`)
) ENGINE=InnoDB AUTO_INCREMENT=36 DEFAULT CHARSET=utf8;

/*Data for the table `department_user` */

insert  into `department_user`(`id`,`department_id`,`user_id`,`type`,`delete`) values (33,1,-1,'admin',0),(34,1,1,'admin',0),(35,1,2,'management',0);

/*Table structure for table `dictionary` */

DROP TABLE IF EXISTS `dictionary`;

CREATE TABLE `dictionary` (
  `id` int(11) NOT NULL AUTO_INCREMENT COMMENT '字典ID',
  `type_id` int(11) DEFAULT NULL COMMENT '字典类型ID',
  `key` char(50) DEFAULT NULL COMMENT '字典值',
  `value` char(50) DEFAULT NULL COMMENT '字典名称',
  `order` int(4) DEFAULT '0' COMMENT '排序顺序',
  `describe` char(250) DEFAULT NULL COMMENT '字典描述',
  `delete` tinyint(1) DEFAULT '0' COMMENT '删除（0未删1删除）',
  PRIMARY KEY (`id`)
) ENGINE=InnoDB AUTO_INCREMENT=216 DEFAULT CHARSET=utf8;

/*Data for the table `dictionary` */

insert  into `dictionary`(`id`,`type_id`,`key`,`value`,`order`,`describe`,`delete`) values (-405,-4,'h5','五级标题',5,'系统分类（不允许删除）',0),(-404,-4,'h4','四级标题',4,'系统分类（不允许删除）',0),(-403,-4,'h3','三级标题',3,'系统分类（不允许删除）',0),(-402,-4,'h2','二级标题',2,'系统分类（不允许删除）',0),(-401,-4,'h1','一级标题',1,'系统分类（不允许删除）',0),(-310,-3,'upload','文件',10,'系统分类（不允许删除）',0),(-309,-3,'password','编辑',9,'系统分类（不允许删除）',0),(-308,-3,'login','登录',2,'系统分类（不允许删除）',0),(-307,-3,'is-use','变更',3,'系统分类（不允许删除）',0),(-306,-3,'tree','获取',4,'系统分类（不允许删除）',0),(-305,-3,'delete','删除',5,'系统分类（不允许删除）',0),(-304,-3,'edit','编辑',6,'系统分类（不允许删除）',0),(-303,-3,'get','获取',7,'系统分类（不允许删除）',0),(-302,-3,'add','添加',8,'系统分类（不允许删除）',0),(-301,-3,'list','获取列表',1,'系统分类（不允许删除）',0),(-220,-2,'zcn','总出纳',20,'总出纳',0),(-219,-2,'zrzl','主任助理',19,'主任助理',0),(-218,-2,'ghzx','工会主席',18,'工会主席',0),(-217,-2,'fxzj','风险总监',17,'风险总监',0),(-216,-2,'jsz','监事长',3,'监事长',0),(-215,-2,'lsz','理事长',5,'理事长',0),(-214,-2,'tw','团委',16,'团委',0),(-213,-2,'zr','主任',6,'主任',0),(-212,-2,'fjl','副经理',15,'副经理',0),(-211,-2,'xdnq','信贷内勤',14,'信贷内勤',0),(-210,-2,'gzy','工作员',13,'工作员',0),(-209,-2,'zdy','指导员',12,'指导员',0),(-208,-2,'jl','经理',11,'经理',0),(-207,-2,'xdy','信贷员',10,'信贷员',0),(-206,-2,'zhgy','综合柜员',9,'综合柜员',0),(-205,-2,'fzr','副主任',8,'副主任',0),(-204,-2,'zbkj','主办会计',7,'主办会计',0),(-203,-2,'staff','业务员',4,'业务员',0),(-202,-2,'management','负责人',2,'部门负责人',0),(-201,-2,'admin','管理员',1,'系统管理员',0),(-102,-1,'other','其他',0,'系统分类（不允许删除）',0),(-101,-1,'system','系统',0,'系统分类（不允许删除）',0),(184,-5,'auditKey1','方案类型1',1,'',0),(185,-5,'auditKey2','方案类型2',2,'',0),(186,-5,'auditKey3','方案类型3',3,'',0),(187,-6,'auditType1','审计方式1',1,'',0),(188,-6,'auditType2','审计方式2',2,'',0),(189,-6,'auditType3','审计方式3',3,'',0),(190,-8,'userJob1','人员职务1',1,'',0),(191,-8,'userJob2','人员职务2',2,'',0),(192,-8,'userJob3','人员职务3',3,'',0),(193,-7,'userTitle1','人员技术职称1',1,'',0),(194,-7,'userTitle2','人员技术职称2',2,'',0),(195,-7,'userTitle3','人员技术职称3',3,'',0),(196,-9,'auditTask1','员工分工1',1,'',0),(197,-9,'auditTask2','员工分工2',2,'',0),(198,-9,'auditTask3','员工分工3',3,'',0);

/*Table structure for table `dictionary_type` */

DROP TABLE IF EXISTS `dictionary_type`;

CREATE TABLE `dictionary_type` (
  `id` int(11) NOT NULL AUTO_INCREMENT COMMENT '字典类型ID',
  `type_id` int(11) NOT NULL COMMENT '字典分类ID',
  `key` char(20) NOT NULL COMMENT '字典分类键',
  `title` char(50) NOT NULL COMMENT '字典类型名称',
  `is_use` tinyint(1) NOT NULL DEFAULT '1' COMMENT '是否启用',
  `update_time` datetime DEFAULT NULL COMMENT '更新时间',
  `user_id` int(11) DEFAULT NULL COMMENT '创建人ID',
  `describe` char(250) DEFAULT NULL COMMENT '字典类型描述',
  `delete` tinyint(1) NOT NULL DEFAULT '0' COMMENT '软删除',
  PRIMARY KEY (`id`)
) ENGINE=InnoDB DEFAULT CHARSET=utf8;

/*Data for the table `dictionary_type` */

insert  into `dictionary_type`(`id`,`type_id`,`key`,`title`,`is_use`,`update_time`,`user_id`,`describe`,`delete`) values (-9,-1,'system','员工分工',1,'2018-12-19 16:51:04',0,'稽核员工分工',0),(-8,-1,'system','人员技术职称',1,'2018-12-19 16:49:39',0,'稽核人员技术职称',0),(-7,-1,'system','人员职务',1,'2018-12-19 16:48:09',0,'稽核人员职务',0),(-6,-1,'system','审计方式',1,'2018-12-19 18:07:13',0,'审计方式',0),(-5,-1,'system','方案类型',1,'2018-12-19 18:06:38',0,'方案类型',0),(-4,-1,'system','管理办法标题级别',0,'2018-12-03 20:31:18',0,'管理办法标题级别选项',0),(-3,-1,'system','日志分类',1,'2018-11-29 18:15:50',0,'系统日志分类',0),(-2,-1,'system','人员角色',1,'2019-01-06 21:24:13',0,'部门人员角色字典',0),(-1,-1,'system','字典分类',1,'2018-11-12 15:37:43',0,'系统字典分类',0);

/*Table structure for table `draft` */

DROP TABLE IF EXISTS `draft`;

CREATE TABLE `draft` (
  `id` int(11) NOT NULL AUTO_INCREMENT COMMENT '工作底稿ID',
  `programme_id` int(11) NOT NULL DEFAULT '0' COMMENT '方案ID',
  `query_department_id` int(11) NOT NULL DEFAULT '0' COMMENT '被查询机构ID',
  `department_id` int(11) NOT NULL DEFAULT '0' COMMENT '检查机构ID',
  `number` char(100) DEFAULT NULL COMMENT '编号',
  `project_name` char(250) DEFAULT NULL COMMENT '项目名称',
  `public` tinyint(1) NOT NULL DEFAULT '0' COMMENT '是否公开（0私有|1公开）【被检查人是否能查看】',
  `time` timestamp NOT NULL DEFAULT '0000-00-00 00:00:00' COMMENT '检查日期',
  `state` enum('draft','publish') NOT NULL DEFAULT 'draft' COMMENT '底稿状态（draft草稿|publish发布）',
  `update_time` timestamp NOT NULL DEFAULT '0000-00-00 00:00:00' COMMENT '更新时间',
  `delete` tinyint(1) NOT NULL DEFAULT '0' COMMENT '删除（0未删|1删除）',
  PRIMARY KEY (`id`)
) ENGINE=InnoDB AUTO_INCREMENT=109 DEFAULT CHARSET=utf8;

/*Data for the table `draft` */

insert  into `draft`(`id`,`programme_id`,`query_department_id`,`department_id`,`number`,`project_name`,`public`,`time`,`state`,`update_time`,`delete`) values (95,94,14,1,'23146484','2018年度关于xxxx',1,'2019-01-08 00:11:37','publish','2019-01-08 00:12:52',0),(96,81,20,1,'13246512','关于2017年xxxx审计',1,'2019-01-08 00:20:05','publish','2019-01-08 00:20:56',0),(97,94,19,1,'13214','2016年度关于xxxx审计',1,'2019-01-08 00:22:22','publish','2019-01-08 00:23:51',0),(98,94,20,1,'12345687','2016xxxx审计',1,'2019-01-08 00:25:37','publish','2019-01-08 00:27:44',0),(99,90,17,1,'1321412','2000年度全年xxxx',1,'2019-01-09 00:00:00','publish','2019-01-08 00:36:22',0),(100,90,18,1,'213548','关于2018xxxx行审计',1,'2019-01-08 00:43:04','draft','2019-01-08 00:44:08',0),(101,90,20,1,'20134911','关于2017年度xxxx行审计',1,'2019-01-17 00:00:00','draft','2019-01-08 00:45:44',0),(102,81,19,1,'2131102','关于2016年度xxxx行审计',1,'2019-01-22 00:00:00','draft','2019-01-08 00:47:03',0),(103,90,17,1,'1324865','关于2015年年度xxxx行审计',1,'2019-01-24 00:00:00','draft','2019-01-08 00:48:41',0),(104,90,15,1,'23451321','关于2014年度xxxx行审计',1,'2019-01-13 00:00:00','draft','2019-01-08 00:50:53',0),(105,90,12,1,'2321510','关于2013年度xxxx行审计',1,'2019-01-08 00:51:08','draft','2019-01-08 00:52:41',0),(106,90,10,1,'13258498451','2013年度对于xxxx行的审计',1,'2019-01-23 00:00:00','draft','2019-01-08 00:56:41',0),(107,81,8,1,'13214851','2012年度xxxx行审计',1,'2019-01-08 00:57:16','draft','2019-01-08 00:58:31',0),(108,81,3,1,'132021','2011年度总结',1,'2019-01-25 00:00:00','draft','2019-01-08 01:00:11',0);

/*Table structure for table `draft_admin_user` */

DROP TABLE IF EXISTS `draft_admin_user`;

CREATE TABLE `draft_admin_user` (
  `id` int(11) NOT NULL AUTO_INCREMENT COMMENT '复查ID',
  `draft_id` int(11) NOT NULL DEFAULT '0' COMMENT '底稿ID',
  `user_id` int(11) NOT NULL DEFAULT '0' COMMENT '复查人员ID',
  `delete` tinyint(1) NOT NULL DEFAULT '0' COMMENT '删除（0未删|1删除）',
  PRIMARY KEY (`id`)
) ENGINE=InnoDB AUTO_INCREMENT=72 DEFAULT CHARSET=utf8;

/*Data for the table `draft_admin_user` */

insert  into `draft_admin_user`(`id`,`draft_id`,`user_id`,`delete`) values (56,95,34,1),(57,95,34,0),(58,96,32,0),(59,97,42,1),(60,97,42,0),(61,98,44,0),(62,99,45,0),(63,100,45,0),(64,101,43,0),(65,102,40,0),(66,103,42,0),(67,104,28,0),(68,105,39,0),(69,106,32,0),(70,107,46,0),(71,108,28,0);

/*Table structure for table `draft_content` */

DROP TABLE IF EXISTS `draft_content`;

CREATE TABLE `draft_content` (
  `id` int(11) NOT NULL AUTO_INCREMENT COMMENT '底稿内容ID',
  `draft_id` int(11) DEFAULT NULL COMMENT '底稿ID',
  `order` int(4) NOT NULL DEFAULT '0' COMMENT '排序序号',
  `type` enum('title','behavior','other') NOT NULL DEFAULT 'other' COMMENT '内容类型（behavior违规行为|title标题|other其他）',
  `behavior_id` int(11) NOT NULL DEFAULT '0' COMMENT '违规行为ID',
  `behavior_content` varchar(2000) DEFAULT NULL COMMENT '违规行为描述或者其他',
  `delete` int(11) NOT NULL DEFAULT '0' COMMENT '删除（0未删|1删除）',
  PRIMARY KEY (`id`)
) ENGINE=InnoDB AUTO_INCREMENT=305 DEFAULT CHARSET=utf8;

/*Data for the table `draft_content` */

insert  into `draft_content`(`id`,`draft_id`,`order`,`type`,`behavior_id`,`behavior_content`,`delete`) values (272,95,1,'title',0,'违规分类标题',1),(273,95,2,'other',0,'第二十四条 条法司应当就规章送审稿涉及的主要问题，深入基层进行实地调查研究，听取基层有关机关、组织和公民的意见；将规章送审稿或者规章送审稿涉及的主要问题发送至有关机关、组织和专家征求意见。对规章送审稿作重大修改的，条法司可以将规章送审稿或者修改稿及其说明等向社会公布，征求意见。征求意见的期限一般不少于 30 日。条法司在公开征求意见前，应当充分评估舆情风险，做好宣传引导和应急处置预案。',0),(274,95,1,'title',0,'违规分类标题',0),(275,96,1,'title',0,'违规分类',0),(276,96,2,'other',0,'第三十六条 条法司可以组织对已发布的规章进行立法后评估。条法司可以根据评估结果，提出修改、废止有关规章的建议。',0),(277,97,1,'title',0,'违规分类标题',1),(278,97,2,'other',0,'第三十条 条法司应当在根据中国人民银行行长办公会议审议意见，对规章草案进行修改和完善后，报请中国人民银行行长签署命令予以公布。公布规章使用“中国人民银行令”，载明该规章的序号、名称、通过日期、施行日期、中国人民银行行长署名以及公布日期。',0),(279,97,1,'title',0,'违规分类标题',0),(280,98,1,'title',0,'违规分类标题',0),(281,98,2,'other',0,'第二十四条 条法司应当就规章送审稿涉及的主要问题，深入基层进行实地调查研究，听取基层有关机关、组织和公民的意见；将规章送审稿或者规章送审稿涉及的主要问题发送至有关机关、组织和专家征求意见。对规章送审稿作重大修改的，条法司可以将规章送审稿或者修改稿及其说明等向社会公布，征求意见。征求意见的期限一般不少于 30 日。条法司在公开征求意见前，应当充分评估舆情风险，做好宣传引导和应急处置预案。',0),(282,98,3,'other',0,'第三十五条 规章的修改、废止，参照本规定第二章至第五章规定的相关程序执行。修改、废止规章，以“中国人民银行令”及时公布。',0),(283,99,1,'title',0,'违规分类标题',0),(284,99,2,'other',0,'第三十五条 规章的修改、废止，参照本规定第二章至第五章规定的相关程序执行。修改、废止规章，以“中国人民银行令”及时公布。',0),(285,100,1,'title',0,'违规分类标题',0),(286,100,2,'other',0,'第一条 为加强对商业银行理财业务的监督管理，促进商业银行理财业务规范健康发展，依法保护投资者合法权益，根据《中华人民共和国银行业监督管理法》《中华人民共和国商业银行法》等法律、行政法规以及《关于规范金融机构资产管理业务的指导意见》（以下简称《指导意见》），制定本办法。',0),(287,101,1,'title',0,'违规分类标题',0),(288,101,2,'other',0,'第三十三条 条法司应当在规章公布之日起 30 日内，按照《中华人民共和国立法法》和《法规规章备案条例》的规定进行备案。第三十四条 条法司应当根据全面深化改革、经济社会发展需要以及上位法规定，及时组织开展规章清理工作，制定并发布有效规章目录。',0),(289,102,1,'title',0,'违规分类标题',0),(290,102,2,'other',0,'第三十一条 涉外规章有下列情形之一的，在正式发布前应当向国务院请示报告：',0),(291,103,1,'title',0,'违规分类标题',0),(292,103,2,'other',0,'第七十二条 商业银行从事理财业务活动的其他违法违规行为，由银行业监督管理机构依照《中华人民共和国银行业监督管理法》《中华人民共和国商业银行法》等法律法规予以处罚。',0),(293,104,1,'title',0,'违规分类标题',0),(294,104,2,'other',0,'第八条 商业银行应当根据募集方式的不同，将理财产品分为公募理财产品和私募理财产品。',0),(295,105,1,'title',0,'违规分类标题',0),(296,105,2,'other',0,'第二十六条 有关机构或者部门对规章送审稿涉及的主要措施、管理体制、权限分工等问题有不同意见的，条法司应当进行协调，力求达成一致意见。经过充分协调不能达成一致意见的，条法司应当将主要问题、有关机构或者部门的意见和条法司倾向性的意见及时报中国人民银行负责同志决定。',0),(297,106,1,'title',0,'违规分类标题',0),(298,106,2,'other',0,'第十四条 规章应当采用条文形式，一般包括制定目的和依据、适用范围、职责分工、具体规范、法律责任、解释权、施行日期等内容。条文较多的规章可以区分章节。',0),(299,107,1,'title',0,'违规分类标题',0),(300,107,2,'other',0,'第三十五条 规章的修改、废止，参照本规定第二章至第五章规定的相关程序执行。修改、废止规章，以“中国人民银行令”及时公布。',0),(301,107,3,'other',0,'第十六条 起草单位在起草过程中应当深入调查研究，广泛征求有关机关、组织和公民的意见。起草的规章涉及国务院其他部门的职责或者与其他部门关系紧密的，涉及中国人民银行其他内设机构职责的，起草单位应当征求国务院其他部门或者有关内设机构对规章条文或者规章涉及的主要问题的意见。征求意见可以采取书面征求意见、座谈会、论证会、听证会等多种形式。起草专业性较强的规章，起草单位可以吸收相关领域的专家参与起草工作，或者委托有关专家、教学科研单位、社会组织起草。起草规章符合《规章制定程序条例》第十六条规定的情况，需要听证的，起草单位应当按照相关程序举办听证会，广泛听取有关方面的意见。',0),(302,108,1,'title',0,'违规内容标题',0),(303,108,2,'other',0,'第一条 为加强对商业银行理财业务的监督管理，促进商业银行理财业务规范健康发展，依法保护投资者合法权益，根据《中华人民共和国银行业监督管理法》《中华人民共和国商业银行法》等法律、行政法规以及《关于规范金融机构资产管理业务的指导意见》（以下简称《指导意见》），制定本办法。',0),(304,108,3,'other',0,'第二十二条 规章送审稿由条法司负责统一审查。审查主要包括以下方面：',0);

/*Table structure for table `draft_file` */

DROP TABLE IF EXISTS `draft_file`;

CREATE TABLE `draft_file` (
  `id` int(11) NOT NULL AUTO_INCREMENT COMMENT '主键ID',
  `draft_id` int(11) DEFAULT NULL COMMENT '底稿ID',
  `file_id` int(11) DEFAULT NULL COMMENT '附件ID',
  `delete` tinyint(1) NOT NULL DEFAULT '0' COMMENT '删除（0未删|1已删）',
  PRIMARY KEY (`id`),
  KEY `工作底稿1` (`draft_id`)
) ENGINE=InnoDB DEFAULT CHARSET=utf8;

/*Data for the table `draft_file` */

/*Table structure for table `draft_inspect_user` */

DROP TABLE IF EXISTS `draft_inspect_user`;

CREATE TABLE `draft_inspect_user` (
  `id` int(11) NOT NULL AUTO_INCREMENT COMMENT '主键ID',
  `draft_id` int(11) DEFAULT NULL COMMENT '底稿ID',
  `user_id` int(11) DEFAULT NULL COMMENT '被检查人员ID',
  `delete` tinyint(1) NOT NULL DEFAULT '0' COMMENT '删除（0未删|1删除）',
  PRIMARY KEY (`id`),
  KEY `draft_id` (`draft_id`)
) ENGINE=InnoDB AUTO_INCREMENT=117 DEFAULT CHARSET=utf8;

/*Data for the table `draft_inspect_user` */

insert  into `draft_inspect_user`(`id`,`draft_id`,`user_id`,`delete`) values (101,95,46,1),(102,95,46,0),(103,96,28,0),(104,97,47,1),(105,97,47,0),(106,98,46,0),(107,99,40,0),(108,100,47,0),(109,101,46,0),(110,102,42,0),(111,103,39,0),(112,104,45,0),(113,105,34,0),(114,106,41,0),(115,107,26,0),(116,108,39,0);

/*Table structure for table `draft_query_user` */

DROP TABLE IF EXISTS `draft_query_user`;

CREATE TABLE `draft_query_user` (
  `id` int(11) NOT NULL AUTO_INCREMENT COMMENT '主键ID',
  `draft_id` int(11) DEFAULT NULL COMMENT '底稿ID',
  `user_id` int(11) DEFAULT NULL COMMENT '检查人员ID',
  `delete` tinyint(1) NOT NULL DEFAULT '0' COMMENT '删除（0未删|1删除）',
  PRIMARY KEY (`id`)
) ENGINE=InnoDB AUTO_INCREMENT=116 DEFAULT CHARSET=utf8;

/*Data for the table `draft_query_user` */

insert  into `draft_query_user`(`id`,`draft_id`,`user_id`,`delete`) values (100,95,45,1),(101,95,45,0),(102,96,29,0),(103,97,44,1),(104,97,44,0),(105,98,43,0),(106,99,47,0),(107,100,46,0),(108,101,44,0),(109,102,43,0),(110,103,40,0),(111,104,29,0),(112,105,42,0),(113,106,42,0),(114,107,27,0),(115,108,35,0);

/*Table structure for table `draft_review_user` */

DROP TABLE IF EXISTS `draft_review_user`;

CREATE TABLE `draft_review_user` (
  `id` int(11) NOT NULL AUTO_INCREMENT COMMENT '主键ID',
  `draft_id` int(11) DEFAULT NULL COMMENT '底稿ID',
  `user_id` int(11) DEFAULT NULL COMMENT '负责人员ID',
  `delete` tinyint(1) NOT NULL DEFAULT '0' COMMENT '删除（0未删|1删除）',
  PRIMARY KEY (`id`)
) ENGINE=InnoDB DEFAULT CHARSET=utf8;

/*Data for the table `draft_review_user` */

/*Table structure for table `files` */

DROP TABLE IF EXISTS `files`;

CREATE TABLE `files` (
  `id` int(11) NOT NULL AUTO_INCREMENT COMMENT '附件ID',
  `name` char(100) DEFAULT NULL COMMENT '附件名称',
  `suffix` char(10) DEFAULT NULL COMMENT '附件后缀',
  `time` timestamp NOT NULL DEFAULT CURRENT_TIMESTAMP ON UPDATE CURRENT_TIMESTAMP COMMENT '上传时间',
  `path` char(250) DEFAULT NULL COMMENT '附件存放位置',
  `size` int(10) DEFAULT '0' COMMENT '文件大小（单位B）',
  `file_name` char(100) DEFAULT NULL COMMENT '存放名称',
  `form_id` int(11) NOT NULL DEFAULT '0' COMMENT '外部ID',
  `form` char(30) NOT NULL DEFAULT '-' COMMENT '来自那张表',
  `delete` tinyint(1) NOT NULL DEFAULT '0' COMMENT '是否删除（0未删1删除）',
  PRIMARY KEY (`id`)
) ENGINE=InnoDB AUTO_INCREMENT=604 DEFAULT CHARSET=utf8;

/*Data for the table `files` */

insert  into `files`(`id`,`name`,`suffix`,`time`,`path`,`size`,`file_name`,`form_id`,`form`,`delete`) values (3,'系统设置','json','2018-12-03 21:14:15','201811/',0,'1543478749_系统设置',4,'clause',0),(4,'系统设置','json','2018-12-03 21:14:15','201811/',0,'1543478751_系统设置',4,'clause',0),(5,'系统设置','json','2018-12-03 21:13:35','201811/',0,'1543478752_系统设置',5,'clause',0),(8,'系统设置','json','2018-12-03 21:13:35','201811/',0,'1543479000_系统设置',5,'clause',0),(9,'系统设置','json','2018-11-29 16:10:01','201811/',0,'1543479001_系统设置',0,'-',0),(10,'系统设置','json','2018-11-29 16:10:02','201811/',0,'1543479002_系统设置',0,'-',0),(11,'系统设置','json','2018-11-29 16:10:03','201811/',0,'1543479003_系统设置',0,'-',0),(12,'系统设置','json','2018-11-29 16:10:03','201811/',0,'1543479003_系统设置',0,'-',0),(13,'系统设置','json','2018-11-29 16:10:04','201811/',0,'1543479004_系统设置',0,'-',0),(14,'系统设置','json','2018-11-29 16:10:05','201811/',0,'1543479005_系统设置',0,'-',0),(15,'系统设置','json','2018-11-29 16:10:05','201811/',0,'1543479005_系统设置',0,'-',0),(16,'系统设置','json','2018-11-29 16:10:06','201811/',0,'1543479006_系统设置',0,'-',0),(17,'系统设置','json','2018-11-29 16:23:36','201811/',0,'1543479816_系统设置',0,'-',0),(18,'系统设置','json','2018-11-29 16:32:19','201811/',11672,'1543480339_系统设置',0,'-',0),(19,'vscode-setting','txt','2018-11-29 18:22:25','201811/',1902,'1543486945_vscode-setting',0,'-',0),(20,'vscode-setting','txt','2018-11-29 18:23:07','201811/',1902,'1543486987_vscode-setting',0,'-',0),(21,'刘亦菲','gif','2018-11-29 18:23:55','201811/',5116027,'1543487035_刘亦菲',0,'-',0),(22,'微信图片_20181122135157','jpg','2018-11-29 18:29:10','201811/',11887,'1543487350_微信图片_20181122135157',0,'-',0),(23,'微信图片_20181122135157','jpg','2018-11-29 18:29:25','201811/',11887,'1543487365_微信图片_20181122135157',0,'-',0),(24,'微信图片_20181122135157','jpg','2018-11-29 18:29:28','201811/',11887,'1543487368_微信图片_20181122135157',0,'-',0),(25,'微信图片_20181122135157','jpg','2018-11-29 18:29:33','201811/',11887,'1543487373_微信图片_20181122135157',0,'-',0),(26,'微信图片_20181122135157','jpg','2018-11-29 18:32:49','201811/',11887,'1543487569_微信图片_20181122135157',0,'-',0),(27,'微信图片_20181122135157','jpg','2018-11-29 18:36:27','201811/',11887,'1543487787_微信图片_20181122135157',0,'-',0),(28,'微信图片_20181122135157','jpg','2018-11-29 18:36:32','201811/',11887,'1543487792_微信图片_20181122135157',0,'-',0),(29,'微信图片_20181122135157','jpg','2018-11-29 18:36:35','201811/',11887,'1543487795_微信图片_20181122135157',0,'-',0),(31,'微信图片_20181122135157','jpg','2018-11-29 18:37:10','201811/',11887,'1543487830_微信图片_20181122135157',0,'-',0),(32,'微信图片_20181122135157','jpg','2018-11-29 18:37:35','201811/',11887,'1543487855_微信图片_20181122135157',0,'-',0),(33,'微信图片_20181122135157','jpg','2018-11-29 18:37:38','201811/',11887,'1543487858_微信图片_20181122135157',0,'-',0),(34,'微信图片_20181122135157','jpg','2018-11-29 18:38:41','201811/',11887,'1543487921_微信图片_20181122135157',0,'-',0),(35,'微信图片_20181122135157','jpg','2018-11-29 18:39:03','201811/',11887,'1543487943_微信图片_20181122135157',0,'-',0),(36,'微信图片_20181122135157','jpg','2018-11-29 18:39:07','201811/',11887,'1543487947_微信图片_20181122135157',0,'-',0),(37,'微信图片_20181122135157','jpg','2018-11-29 18:39:10','201811/',11887,'1543487950_微信图片_20181122135157',0,'-',0),(38,'微信图片_20181122135157','jpg','2018-11-29 18:39:57','201811/',11887,'1543487997_微信图片_20181122135157',0,'-',0),(41,'微信图片_20181122135157','jpg','2018-11-29 18:41:39','201811/',11887,'1543488099_微信图片_20181122135157',0,'-',0),(42,'微信图片_20181122135157','jpg','2018-11-29 18:41:42','201811/',11887,'1543488102_微信图片_20181122135157',0,'-',0),(43,'微信图片_20181122135157','jpg','2018-11-29 18:41:45','201811/',11887,'1543488105_微信图片_20181122135157',0,'-',0),(44,'刘亦菲','gif','2018-11-29 18:42:04','201811/',5116027,'1543488124_刘亦菲',0,'-',0),(45,'刘亦菲','gif','2018-11-29 18:42:07','201811/',5116027,'1543488127_刘亦菲',0,'-',0),(46,'js运行机制','png','2018-11-29 18:44:55','201811/',187655,'1543488295_js运行机制',0,'-',0),(47,'刘亦菲','gif','2018-11-29 18:46:48','201811/',5116027,'1543488408_刘亦菲',0,'-',0),(48,'刘亦菲','gif','2018-11-29 18:46:53','201811/',5116027,'1543488413_刘亦菲',0,'-',0),(49,'刘亦菲','gif','2018-11-29 18:47:00','201811/',5116027,'1543488420_刘亦菲',0,'-',0),(50,'刘亦菲','gif','2018-11-29 18:52:41','201811/',5116027,'1543488761_刘亦菲',0,'-',0),(51,'刘亦菲','gif','2018-11-29 18:53:02','201811/',5116027,'1543488782_刘亦菲',0,'-',0),(52,'刘亦菲','gif','2018-11-29 18:53:15','201811/',5116027,'1543488795_刘亦菲',0,'-',0),(53,'刘亦菲','gif','2018-11-29 18:53:18','201811/',5116027,'1543488798_刘亦菲',0,'-',0),(54,'刘亦菲','gif','2018-11-29 18:53:22','201811/',5116027,'1543488802_刘亦菲',0,'-',0),(55,'刘亦菲','gif','2018-11-29 19:00:26','201811/',5116027,'1543489226_刘亦菲',0,'-',0),(56,NULL,NULL,'2018-11-30 09:38:25',NULL,0,NULL,42,'notice',0),(57,NULL,NULL,'2018-11-30 09:38:25',NULL,0,NULL,42,'notice',0),(58,NULL,NULL,'2018-11-30 09:38:25',NULL,0,NULL,42,'notice',0),(59,'系统设置','json','2018-11-30 09:42:08','201811/',11672,'1543541593_系统设置',43,'notice',0),(61,'a532d333c895d14321efbc1e71f082025baf0783','jpg','2018-11-30 09:47:43','201811/',403120,'1543542093_a532d333c895d14321efbc1e71f082025baf0783',18,'notice',0),(62,'a532d333c895d14321efbc1e71f082025baf0783','jpg','2018-11-30 09:43:25','201811/',403120,'1543542205_a532d333c895d14321efbc1e71f082025baf0783',0,'-',0),(63,'a532d333c895d14321efbc1e71f082025baf0783','jpg','2018-11-30 09:43:54','201811/',403120,'1543542234_a532d333c895d14321efbc1e71f082025baf0783',0,'-',0),(64,'6767178-a13d5324f8d8cd98','png','2018-11-30 09:43:57','201811/',229979,'1543542237_6767178-a13d5324f8d8cd98',0,'-',0),(65,'6767178-a13d5324f8d8cd98','png','2018-11-30 09:45:12','201811/',229979,'1543542312_6767178-a13d5324f8d8cd98',0,'-',0),(66,'a532d333c895d14321efbc1e71f082025baf0783','jpg','2018-11-30 09:46:01','201811/',403120,'1543542361_a532d333c895d14321efbc1e71f082025baf0783',0,'-',0),(67,'6767178-a13d5324f8d8cd98','png','2018-11-30 09:46:08','201811/',229979,'1543542368_6767178-a13d5324f8d8cd98',0,'-',0),(68,'6767178-a13d5324f8d8cd98','png','2018-11-30 09:51:17','201811/',229979,'1543542677_6767178-a13d5324f8d8cd98',0,'-',0),(69,'6767178-a13d5324f8d8cd98','png','2018-11-30 09:51:20','201811/',229979,'1543542680_6767178-a13d5324f8d8cd98',0,'-',0),(70,'6767178-a13d5324f8d8cd98','png','2018-11-30 09:51:22','201811/',229979,'1543542682_6767178-a13d5324f8d8cd98',0,'-',0),(71,'6767178-a13d5324f8d8cd98','png','2018-11-30 09:59:30','201811/',229979,'1543543161_6767178-a13d5324f8d8cd98',45,'notice',0),(72,'a532d333c895d14321efbc1e71f082025baf0783','jpg','2018-11-30 09:59:30','201811/',403120,'1543543166_a532d333c895d14321efbc1e71f082025baf0783',45,'notice',0),(73,'6767178-a13d5324f8d8cd98','png','2018-11-30 10:03:15','201811/',229979,'1543543395_6767178-a13d5324f8d8cd98',0,'-',0),(74,'6767178-a13d5324f8d8cd98','png','2018-11-30 10:03:33','201811/',229979,'1543543413_6767178-a13d5324f8d8cd98',0,'-',0),(75,'a532d333c895d14321efbc1e71f082025baf0783','jpg','2018-11-30 10:04:19','201811/',403120,'1543543459_a532d333c895d14321efbc1e71f082025baf0783',0,'-',0),(76,'6767178-a13d5324f8d8cd98','png','2018-11-30 10:04:22','201811/',229979,'1543543462_6767178-a13d5324f8d8cd98',0,'-',0),(77,'6767178-a13d5324f8d8cd98','png','2018-12-03 13:40:10','201812/',229979,'1543815610_6767178-a13d5324f8d8cd98',0,'-',0),(78,'6767178-a13d5324f8d8cd98','png','2018-12-03 14:03:12','201812/',229979,'1543816992_6767178-a13d5324f8d8cd98',0,'-',0),(79,'6767178-a13d5324f8d8cd98','png','2018-12-03 14:26:39','201812/',229979,'1543818399_6767178-a13d5324f8d8cd98',0,'-',0),(80,'a532d333c895d14321efbc1e71f082025baf0783','jpg','2018-12-03 14:35:18','201812/',403120,'1543818918_a532d333c895d14321efbc1e71f082025baf0783',0,'-',0),(81,'6767178-a13d5324f8d8cd98','png','2018-12-03 14:38:24','201812/',229979,'1543819104_6767178-a13d5324f8d8cd98',0,'-',0),(82,'6767178-a13d5324f8d8cd98','png','2018-12-03 14:38:26','201812/',229979,'1543819106_6767178-a13d5324f8d8cd98',0,'-',0),(83,'a532d333c895d14321efbc1e71f082025baf0783','jpg','2018-12-03 14:38:29','201812/',403120,'1543819109_a532d333c895d14321efbc1e71f082025baf0783',0,'-',0),(84,'a532d333c895d14321efbc1e71f082025baf0783','jpg','2018-12-03 14:40:34','201812/',403120,'1543819234_a532d333c895d14321efbc1e71f082025baf0783',0,'-',0),(85,'6767178-a13d5324f8d8cd98','png','2018-12-03 14:40:37','201812/',229979,'1543819237_6767178-a13d5324f8d8cd98',0,'-',0),(86,'6767178-a13d5324f8d8cd98','png','2018-12-03 14:40:42','201812/',229979,'1543819242_6767178-a13d5324f8d8cd98',0,'-',0),(87,'6767178-a13d5324f8d8cd98','png','2018-12-03 14:45:58','201812/',229979,'1543819558_6767178-a13d5324f8d8cd98',0,'-',0),(88,'a532d333c895d14321efbc1e71f082025baf0783','jpg','2018-12-03 14:46:04','201812/',403120,'1543819564_a532d333c895d14321efbc1e71f082025baf0783',0,'-',0),(89,'a532d333c895d14321efbc1e71f082025baf0783','jpg','2018-12-03 14:48:22','201812/',403120,'1543819702_a532d333c895d14321efbc1e71f082025baf0783',0,'-',0),(90,'6767178-a13d5324f8d8cd98','png','2018-12-03 14:48:24','201812/',229979,'1543819704_6767178-a13d5324f8d8cd98',0,'-',0),(91,'a532d333c895d14321efbc1e71f082025baf0783','jpg','2018-12-03 14:48:28','201812/',403120,'1543819708_a532d333c895d14321efbc1e71f082025baf0783',0,'-',0),(92,'6767178-a13d5324f8d8cd98','png','2018-12-03 14:49:11','201812/',229979,'1543819751_6767178-a13d5324f8d8cd98',0,'-',0),(93,'6767178-a13d5324f8d8cd98','png','2018-12-03 14:49:14','201812/',229979,'1543819754_6767178-a13d5324f8d8cd98',0,'-',0),(94,'6767178-a13d5324f8d8cd98','png','2018-12-03 14:49:16','201812/',229979,'1543819756_6767178-a13d5324f8d8cd98',0,'-',0),(95,'6767178-a13d5324f8d8cd98','png','2018-12-03 14:51:30','201812/',229979,'1543819890_6767178-a13d5324f8d8cd98',0,'-',0),(96,'6767178-a13d5324f8d8cd98','png','2018-12-03 14:51:32','201812/',229979,'1543819892_6767178-a13d5324f8d8cd98',0,'-',0),(97,'6767178-a13d5324f8d8cd98','png','2018-12-03 14:51:35','201812/',229979,'1543819895_6767178-a13d5324f8d8cd98',0,'-',0),(98,'6767178-a13d5324f8d8cd98','png','2018-12-03 14:52:37','201812/',229979,'1543819957_6767178-a13d5324f8d8cd98',0,'-',0),(99,'6767178-a13d5324f8d8cd98','png','2018-12-03 14:52:39','201812/',229979,'1543819959_6767178-a13d5324f8d8cd98',0,'-',0),(100,'6767178-a13d5324f8d8cd98','png','2018-12-03 14:52:41','201812/',229979,'1543819961_6767178-a13d5324f8d8cd98',0,'-',0),(101,'a532d333c895d14321efbc1e71f082025baf0783','jpg','2018-12-03 14:55:26','201812/',403120,'1543820126_a532d333c895d14321efbc1e71f082025baf0783',0,'-',0),(102,'6767178-a13d5324f8d8cd98','png','2018-12-03 14:55:29','201812/',229979,'1543820129_6767178-a13d5324f8d8cd98',0,'-',0),(103,'a532d333c895d14321efbc1e71f082025baf0783','jpg','2018-12-03 14:56:01','201812/',403120,'1543820161_a532d333c895d14321efbc1e71f082025baf0783',0,'-',0),(104,'6767178-a13d5324f8d8cd98','png','2018-12-03 14:56:04','201812/',229979,'1543820164_6767178-a13d5324f8d8cd98',0,'-',0),(105,'6767178-a13d5324f8d8cd98','png','2018-12-03 14:59:23','201812/',229979,'1543820363_6767178-a13d5324f8d8cd98',0,'-',0),(106,'a532d333c895d14321efbc1e71f082025baf0783','jpg','2018-12-03 14:59:25','201812/',403120,'1543820365_a532d333c895d14321efbc1e71f082025baf0783',0,'-',0),(107,'6767178-a13d5324f8d8cd98','png','2018-12-03 15:00:03','201812/',229979,'1543820403_6767178-a13d5324f8d8cd98',0,'-',0),(108,'a532d333c895d14321efbc1e71f082025baf0783','jpg','2018-12-03 15:00:06','201812/',403120,'1543820406_a532d333c895d14321efbc1e71f082025baf0783',0,'-',0),(109,'6767178-a13d5324f8d8cd98','png','2018-12-03 15:00:15','201812/',229979,'1543820415_6767178-a13d5324f8d8cd98',0,'-',0),(110,'a532d333c895d14321efbc1e71f082025baf0783','jpg','2018-12-03 15:03:38','201812/',403120,'1543820618_a532d333c895d14321efbc1e71f082025baf0783',0,'-',0),(111,'6767178-a13d5324f8d8cd98','png','2018-12-03 15:03:41','201812/',229979,'1543820621_6767178-a13d5324f8d8cd98',0,'-',0),(112,'a532d333c895d14321efbc1e71f082025baf0783','jpg','2018-12-03 15:03:44','201812/',403120,'1543820624_a532d333c895d14321efbc1e71f082025baf0783',0,'-',0),(113,'a532d333c895d14321efbc1e71f082025baf0783','jpg','2018-12-03 15:04:21','201812/',403120,'1543820661_a532d333c895d14321efbc1e71f082025baf0783',0,'-',0),(114,'6767178-a13d5324f8d8cd98','png','2018-12-03 15:04:24','201812/',229979,'1543820664_6767178-a13d5324f8d8cd98',0,'-',0),(115,'a532d333c895d14321efbc1e71f082025baf0783','jpg','2018-12-03 15:04:26','201812/',403120,'1543820666_a532d333c895d14321efbc1e71f082025baf0783',0,'-',0),(116,'a532d333c895d14321efbc1e71f082025baf0783','jpg','2018-12-03 15:06:51','201812/',403120,'1543820811_a532d333c895d14321efbc1e71f082025baf0783',0,'-',0),(117,'6767178-a13d5324f8d8cd98','png','2018-12-03 15:06:53','201812/',229979,'1543820813_6767178-a13d5324f8d8cd98',0,'-',0),(118,'a532d333c895d14321efbc1e71f082025baf0783','jpg','2018-12-03 15:06:56','201812/',403120,'1543820816_a532d333c895d14321efbc1e71f082025baf0783',0,'-',0),(119,'a532d333c895d14321efbc1e71f082025baf0783','jpg','2018-12-03 15:09:16','201812/',403120,'1543820956_a532d333c895d14321efbc1e71f082025baf0783',0,'-',0),(120,'a532d333c895d14321efbc1e71f082025baf0783','jpg','2018-12-03 15:09:19','201812/',403120,'1543820959_a532d333c895d14321efbc1e71f082025baf0783',0,'-',0),(121,'6767178-a13d5324f8d8cd98','png','2018-12-03 15:09:22','201812/',229979,'1543820962_6767178-a13d5324f8d8cd98',0,'-',0),(122,'a532d333c895d14321efbc1e71f082025baf0783','jpg','2018-12-03 15:14:11','201812/',403120,'1543821251_a532d333c895d14321efbc1e71f082025baf0783',0,'-',0),(123,'6767178-a13d5324f8d8cd98','png','2018-12-03 15:14:13','201812/',229979,'1543821253_6767178-a13d5324f8d8cd98',0,'-',0),(124,'6767178-a13d5324f8d8cd98','png','2018-12-03 15:14:33','201812/',229979,'1543821273_6767178-a13d5324f8d8cd98',0,'-',0),(125,'a532d333c895d14321efbc1e71f082025baf0783','jpg','2018-12-03 15:14:35','201812/',403120,'1543821275_a532d333c895d14321efbc1e71f082025baf0783',0,'-',0),(126,'6767178-a13d5324f8d8cd98','png','2018-12-03 15:14:38','201812/',229979,'1543821278_6767178-a13d5324f8d8cd98',0,'-',0),(127,'a532d333c895d14321efbc1e71f082025baf0783','jpg','2018-12-03 15:19:07','201812/',403120,'1543821547_a532d333c895d14321efbc1e71f082025baf0783',0,'-',0),(128,'6767178-a13d5324f8d8cd98','png','2018-12-03 15:19:09','201812/',229979,'1543821549_6767178-a13d5324f8d8cd98',0,'-',0),(129,'a532d333c895d14321efbc1e71f082025baf0783','jpg','2018-12-03 15:19:11','201812/',403120,'1543821551_a532d333c895d14321efbc1e71f082025baf0783',0,'-',0),(130,'6767178-a13d5324f8d8cd98','png','2018-12-03 15:20:54','201812/',229979,'1543821654_6767178-a13d5324f8d8cd98',0,'-',0),(131,'a532d333c895d14321efbc1e71f082025baf0783','jpg','2018-12-03 15:20:57','201812/',403120,'1543821657_a532d333c895d14321efbc1e71f082025baf0783',0,'-',0),(132,'6767178-a13d5324f8d8cd98','png','2018-12-03 15:20:59','201812/',229979,'1543821659_6767178-a13d5324f8d8cd98',0,'-',0),(133,'6767178-a13d5324f8d8cd98','png','2018-12-03 15:26:48','201812/',229979,'1543822008_6767178-a13d5324f8d8cd98',0,'-',0),(134,'a532d333c895d14321efbc1e71f082025baf0783','jpg','2018-12-03 15:26:49','201812/',403120,'1543822009_a532d333c895d14321efbc1e71f082025baf0783',0,'-',0),(135,'6767178-a13d5324f8d8cd98','png','2018-12-03 15:26:52','201812/',229979,'1543822012_6767178-a13d5324f8d8cd98',0,'-',0),(136,'a532d333c895d14321efbc1e71f082025baf0783','jpg','2018-12-03 15:26:56','201812/',403120,'1543822016_a532d333c895d14321efbc1e71f082025baf0783',0,'-',0),(137,'6767178-a13d5324f8d8cd98','png','2018-12-03 15:27:26','201812/',229979,'1543822046_6767178-a13d5324f8d8cd98',0,'-',0),(138,'a532d333c895d14321efbc1e71f082025baf0783','jpg','2018-12-03 15:27:28','201812/',403120,'1543822048_a532d333c895d14321efbc1e71f082025baf0783',0,'-',0),(139,'6767178-a13d5324f8d8cd98','png','2018-12-03 15:27:30','201812/',229979,'1543822050_6767178-a13d5324f8d8cd98',0,'-',0),(140,'a532d333c895d14321efbc1e71f082025baf0783','jpg','2018-12-03 15:27:33','201812/',403120,'1543822053_a532d333c895d14321efbc1e71f082025baf0783',0,'-',0),(141,'a532d333c895d14321efbc1e71f082025baf0783','jpg','2018-12-03 15:28:23','201812/',403120,'1543822103_a532d333c895d14321efbc1e71f082025baf0783',0,'-',0),(142,'a532d333c895d14321efbc1e71f082025baf0783','jpg','2018-12-03 15:28:26','201812/',403120,'1543822106_a532d333c895d14321efbc1e71f082025baf0783',0,'-',0),(143,'a532d333c895d14321efbc1e71f082025baf0783','jpg','2018-12-03 15:29:00','201812/',403120,'1543822140_a532d333c895d14321efbc1e71f082025baf0783',0,'-',0),(145,'a532d333c895d14321efbc1e71f082025baf0783','jpg','2018-12-03 17:33:59','201812/',403120,'1543822146_a532d333c895d14321efbc1e71f082025baf0783',47,'notice',0),(146,'a532d333c895d14321efbc1e71f082025baf0783','jpg','2018-12-03 17:33:59','201812/',403120,'1543822154_a532d333c895d14321efbc1e71f082025baf0783',47,'notice',0),(147,'6767178-a13d5324f8d8cd98','png','2018-12-03 16:17:29','201812/',229979,'1543825049_6767178-a13d5324f8d8cd98',0,'-',0),(148,'6767178-a13d5324f8d8cd98','png','2018-12-03 16:18:03','201812/',229979,'1543825083_6767178-a13d5324f8d8cd98',0,'-',0),(149,'6767178-a13d5324f8d8cd98','png','2018-12-03 16:26:16','201812/',229979,'1543825576_6767178-a13d5324f8d8cd98',0,'-',0),(150,'6767178-a13d5324f8d8cd98','png','2018-12-03 16:30:59','201812/',229979,'1543825859_6767178-a13d5324f8d8cd98',0,'-',0),(151,'a532d333c895d14321efbc1e71f082025baf0783','jpg','2018-12-03 16:32:08','201812/',403120,'1543825928_a532d333c895d14321efbc1e71f082025baf0783',0,'-',0),(152,'a532d333c895d14321efbc1e71f082025baf0783','jpg','2018-12-03 16:32:22','201812/',403120,'1543825942_a532d333c895d14321efbc1e71f082025baf0783',0,'-',0),(153,'6767178-a13d5324f8d8cd98','png','2018-12-03 16:32:26','201812/',229979,'1543825946_6767178-a13d5324f8d8cd98',0,'-',0),(154,'6767178-a13d5324f8d8cd98','png','2018-12-03 16:32:37','201812/',229979,'1543825957_6767178-a13d5324f8d8cd98',0,'-',0),(155,'6767178-a13d5324f8d8cd98','png','2018-12-03 16:34:40','201812/',229979,'1543826080_6767178-a13d5324f8d8cd98',0,'-',0),(156,'6767178-a13d5324f8d8cd98','png','2018-12-03 16:35:19','201812/',229979,'1543826119_6767178-a13d5324f8d8cd98',0,'-',0),(157,'6767178-a13d5324f8d8cd98','png','2018-12-03 16:37:36','201812/',229979,'1543826256_6767178-a13d5324f8d8cd98',0,'-',0),(158,'6767178-a13d5324f8d8cd98','png','2018-12-03 17:33:59','201812/',229979,'1543826369_6767178-a13d5324f8d8cd98',47,'notice',0),(159,'Docker for Windows Installer','exe','2018-12-07 10:05:24','201812/',546318376,'1544148321_Docker for Windows Installer',0,'-',0),(401,'v2-91eeac568c7ff3891d8a5f7753e4e01c_hd','jpg','2018-12-24 18:28:07','201812/',27515,'1545647287_v2-91eeac568c7ff3891d8a5f7753e4e01c_hd',0,'-',0),(402,'v2-69638139a50869f6f9e457ce0d672203_hd','jpg','2018-12-24 23:05:06','201812/',23783,'1545663906_v2-69638139a50869f6f9e457ce0d672203_hd',0,'-',0),(403,'v2-69638139a50869f6f9e457ce0d672203_hd','jpg','2018-12-24 23:05:16','201812/',23783,'1545663916_v2-69638139a50869f6f9e457ce0d672203_hd',0,'-',0),(404,'v2-69638139a50869f6f9e457ce0d672203_hd','jpg','2018-12-25 17:07:32','201812/',23783,'1545728852_v2-69638139a50869f6f9e457ce0d672203_hd',0,'-',0),(405,'v2-69638139a50869f6f9e457ce0d672203_hd','jpg','2018-12-25 17:07:36','201812/',23783,'1545728856_v2-69638139a50869f6f9e457ce0d672203_hd',0,'-',0),(406,'v2-69638139a50869f6f9e457ce0d672203_hd','jpg','2018-12-25 18:05:08','201812/',23783,'1545732308_v2-69638139a50869f6f9e457ce0d672203_hd',0,'-',0),(407,'v2-91eeac568c7ff3891d8a5f7753e4e01c_hd','jpg','2018-12-25 18:05:13','201812/',27515,'1545732313_v2-91eeac568c7ff3891d8a5f7753e4e01c_hd',0,'-',0),(408,'v2-91eeac568c7ff3891d8a5f7753e4e01c_hd','jpg','2018-12-25 18:15:06','201812/',27515,'1545732906_v2-91eeac568c7ff3891d8a5f7753e4e01c_hd',0,'-',0),(409,'v2-91eeac568c7ff3891d8a5f7753e4e01c_hd','jpg','2018-12-25 18:15:18','201812/',27515,'1545732918_v2-91eeac568c7ff3891d8a5f7753e4e01c_hd',0,'-',0),(410,'v2-69638139a50869f6f9e457ce0d672203_hd','jpg','2018-12-25 18:15:21','201812/',23783,'1545732921_v2-69638139a50869f6f9e457ce0d672203_hd',0,'-',0),(411,'v2-91eeac568c7ff3891d8a5f7753e4e01c_hd','jpg','2018-12-25 18:18:43','201812/',27515,'1545733123_v2-91eeac568c7ff3891d8a5f7753e4e01c_hd',0,'-',0),(412,'v2-69638139a50869f6f9e457ce0d672203_hd','jpg','2018-12-25 18:18:56','201812/',23783,'1545733136_v2-69638139a50869f6f9e457ce0d672203_hd',0,'-',0),(413,'v2-69638139a50869f6f9e457ce0d672203_hd','jpg','2018-12-25 18:20:14','201812/',23783,'1545733214_v2-69638139a50869f6f9e457ce0d672203_hd',0,'-',0),(414,'v2-91eeac568c7ff3891d8a5f7753e4e01c_hd','jpg','2018-12-25 18:20:46','201812/',27515,'1545733246_v2-91eeac568c7ff3891d8a5f7753e4e01c_hd',0,'-',0),(415,'v2-91eeac568c7ff3891d8a5f7753e4e01c_hd','jpg','2018-12-26 10:56:01','201812/',27515,'1545792961_v2-91eeac568c7ff3891d8a5f7753e4e01c_hd',0,'-',0),(416,'v2-69638139a50869f6f9e457ce0d672203_hd','jpg','2018-12-26 10:56:07','201812/',23783,'1545792967_v2-69638139a50869f6f9e457ce0d672203_hd',0,'-',0),(417,'刘亦菲','gif','2018-12-26 10:57:05','201812/',5116027,'1545793025_刘亦菲',0,'-',0),(418,'刘亦菲','gif','2018-12-26 10:57:10','201812/',5116027,'1545793030_刘亦菲',0,'-',0),(419,'刘亦菲','gif','2018-12-26 11:00:13','201812/',5116027,'1545793213_刘亦菲',0,'-',0),(420,'刘亦菲','gif','2018-12-26 11:02:32','201812/',5116027,'1545793352_刘亦菲',0,'-',0),(421,'刘亦菲','gif','2018-12-26 11:04:35','201812/',5116027,'1545793475_刘亦菲',0,'-',0),(422,'刘亦菲','gif','2018-12-26 11:11:26','201812/',5116027,'1545793886_刘亦菲',0,'-',0),(423,'刘亦菲','gif','2018-12-26 11:12:31','201812/',5116027,'1545793951_刘亦菲',0,'-',0),(424,'刘亦菲','gif','2018-12-26 11:12:40','201812/',5116027,'1545793960_刘亦菲',0,'-',0),(425,'刘亦菲','gif','2018-12-26 11:13:41','201812/',5116027,'1545794021_刘亦菲',0,'-',0),(426,'刘亦菲','gif','2018-12-26 11:14:56','201812/',5116027,'1545794096_刘亦菲',0,'-',0),(427,'刘亦菲','gif','2018-12-26 11:15:08','201812/',5116027,'1545794108_刘亦菲',0,'-',0),(428,'刘亦菲','gif','2018-12-26 11:16:22','201812/',5116027,'1545794182_刘亦菲',0,'-',0),(429,'刘亦菲','gif','2018-12-26 11:16:37','201812/',5116027,'1545794197_刘亦菲',0,'-',0),(430,'刘亦菲','gif','2018-12-26 11:16:41','201812/',5116027,'1545794201_刘亦菲',0,'-',0),(431,'刘亦菲','gif','2018-12-26 11:18:23','201812/',5116027,'1545794303_刘亦菲',0,'-',0),(432,'刘亦菲','gif','2018-12-26 11:19:11','201812/',5116027,'1545794351_刘亦菲',0,'-',0),(433,'刘亦菲','gif','2018-12-26 11:19:59','201812/',5116027,'1545794399_刘亦菲',0,'-',0),(434,'刘亦菲','gif','2018-12-26 11:21:29','201812/',5116027,'1545794489_刘亦菲',0,'-',0),(435,'刘亦菲','gif','2018-12-26 11:24:23','201812/',5116027,'1545794663_刘亦菲',0,'-',0),(436,'刘亦菲','gif','2018-12-26 11:24:57','201812/',5116027,'1545794697_刘亦菲',0,'-',0),(437,'刘亦菲','gif','2018-12-26 11:25:36','201812/',5116027,'1545794736_刘亦菲',0,'-',0),(438,'刘亦菲','gif','2018-12-26 11:25:55','201812/',5116027,'1545794755_刘亦菲',0,'-',0),(439,'刘亦菲','gif','2018-12-26 11:26:30','201812/',5116027,'1545794790_刘亦菲',0,'-',0),(440,'刘亦菲','gif','2018-12-26 11:27:50','201812/',5116027,'1545794870_刘亦菲',0,'-',0),(441,'刘亦菲','gif','2018-12-26 11:28:31','201812/',5116027,'1545794911_刘亦菲',0,'-',0),(442,'刘亦菲','gif','2018-12-26 11:28:39','201812/',5116027,'1545794919_刘亦菲',0,'-',0),(443,'刘亦菲','gif','2018-12-26 11:28:52','201812/',5116027,'1545794932_刘亦菲',0,'-',0),(444,'刘亦菲','gif','2018-12-26 11:29:13','201812/',5116027,'1545794953_刘亦菲',0,'-',0),(445,'刘亦菲','gif','2018-12-26 11:29:22','201812/',5116027,'1545794962_刘亦菲',0,'-',0),(446,'刘亦菲','gif','2018-12-26 11:29:37','201812/',5116027,'1545794977_刘亦菲',0,'-',0),(447,'刘亦菲','gif','2018-12-26 11:30:53','201812/',5116027,'1545795053_刘亦菲',0,'-',0),(448,'刘亦菲','gif','2018-12-26 11:34:30','201812/',5116027,'1545795270_刘亦菲',0,'-',0),(449,'刘亦菲','gif','2018-12-26 11:36:02','201812/',5116027,'1545795362_刘亦菲',0,'-',0),(450,'刘亦菲','gif','2018-12-26 11:36:05','201812/',5116027,'1545795365_刘亦菲',0,'-',0),(451,'刘亦菲','gif','2018-12-26 11:36:31','201812/',5116027,'1545795391_刘亦菲',0,'-',0),(452,'刘亦菲','gif','2018-12-26 11:36:45','201812/',5116027,'1545795405_刘亦菲',0,'-',0),(453,'刘亦菲','gif','2018-12-26 11:38:55','201812/',5116027,'1545795535_刘亦菲',0,'-',0),(459,'刘亦菲','gif','2018-12-26 11:54:46','201812/',5116027,'1545796486_刘亦菲',0,'-',0),(460,'刘亦菲','gif','2018-12-26 11:56:12','201812/',5116027,'1545796572_刘亦菲',0,'-',0),(461,'刘亦菲','gif','2019-01-04 23:42:21','201812/',5116027,'1545796578_刘亦菲',2,'users',0),(466,'刘亦菲','gif','2018-12-26 12:01:13','201812/',5116027,'1545796873_刘亦菲',0,'-',0),(474,'v2-69638139a50869f6f9e457ce0d672203_hd','jpg','2019-01-05 00:43:01','201901/',23783,'1546620181_v2-69638139a50869f6f9e457ce0d672203_hd',0,'-',0),(475,'v2-91eeac568c7ff3891d8a5f7753e4e01c_hd','jpg','2019-01-05 00:43:17','201901/',27515,'1546620197_v2-91eeac568c7ff3891d8a5f7753e4e01c_hd',0,'-',0),(476,'v2-91eeac568c7ff3891d8a5f7753e4e01c_hd','jpg','2019-01-05 00:43:25','201901/',27515,'1546620205_v2-91eeac568c7ff3891d8a5f7753e4e01c_hd',0,'-',0),(477,'v2-91eeac568c7ff3891d8a5f7753e4e01c_hd','jpg','2019-01-05 00:43:56','201901/',27515,'1546620236_v2-91eeac568c7ff3891d8a5f7753e4e01c_hd',0,'-',0),(478,'v2-69638139a50869f6f9e457ce0d672203_hd','jpg','2019-01-05 00:44:01','201901/',23783,'1546620241_v2-69638139a50869f6f9e457ce0d672203_hd',0,'-',0),(479,'v2-69638139a50869f6f9e457ce0d672203_hd','jpg','2019-01-05 00:45:08','201901/',23783,'1546620308_v2-69638139a50869f6f9e457ce0d672203_hd',0,'-',0),(480,'v2-69638139a50869f6f9e457ce0d672203_hd','jpg','2019-01-05 00:45:45','201901/',23783,'1546620345_v2-69638139a50869f6f9e457ce0d672203_hd',0,'-',0),(481,'v2-91eeac568c7ff3891d8a5f7753e4e01c_hd','jpg','2019-01-05 00:45:51','201901/',27515,'1546620351_v2-91eeac568c7ff3891d8a5f7753e4e01c_hd',0,'-',0),(482,'v2-69638139a50869f6f9e457ce0d672203_hd','jpg','2019-01-05 00:51:14','201901/',23783,'1546620674_v2-69638139a50869f6f9e457ce0d672203_hd',0,'-',0),(483,'v2-69638139a50869f6f9e457ce0d672203_hd','jpg','2019-01-05 00:52:02','201901/',23783,'1546620722_v2-69638139a50869f6f9e457ce0d672203_hd',0,'-',0),(484,'v2-69638139a50869f6f9e457ce0d672203_hd','jpg','2019-01-05 00:53:13','201901/',23783,'1546620793_v2-69638139a50869f6f9e457ce0d672203_hd',0,'-',0),(485,'v2-69638139a50869f6f9e457ce0d672203_hd','jpg','2019-01-05 00:55:28','201901/',23783,'1546620928_v2-69638139a50869f6f9e457ce0d672203_hd',0,'-',0),(486,'v2-91eeac568c7ff3891d8a5f7753e4e01c_hd','jpg','2019-01-05 01:07:59','201901/',27515,'1546621679_v2-91eeac568c7ff3891d8a5f7753e4e01c_hd',0,'-',0),(487,'v2-91eeac568c7ff3891d8a5f7753e4e01c_hd','jpg','2019-01-05 01:08:35','201901/',27515,'1546621715_v2-91eeac568c7ff3891d8a5f7753e4e01c_hd',0,'-',0),(488,'v2-69638139a50869f6f9e457ce0d672203_hd','jpg','2019-01-05 01:09:16','201901/',23783,'1546621756_v2-69638139a50869f6f9e457ce0d672203_hd',0,'-',0),(489,'TIM图片20190103180545','gif','2019-01-05 01:09:23','201901/',4664349,'1546621763_TIM图片20190103180545',0,'-',0),(490,'TIM图片20190103180545','gif','2019-01-05 01:15:42','201901/',4664349,'1546622142_TIM图片20190103180545',0,'-',0),(491,'TIM图片20190103180545','gif','2019-01-05 01:16:38','201901/',4664349,'1546622198_TIM图片20190103180545',0,'-',0),(492,'TIM图片20190103180545','gif','2019-01-05 01:18:47','201901/',4664349,'1546622327_TIM图片20190103180545',0,'-',0),(493,'QQ视频20181211165655','mp4','2019-01-05 01:19:32','201901/',1045055,'1546622372_QQ视频20181211165655',0,'-',0),(494,'TIM图片20190104101152','gif','2019-01-05 01:19:38','201901/',1115207,'1546622378_TIM图片20190104101152',0,'-',0),(495,'QQ视频20181211165655','mp4','2019-01-05 01:19:44','201901/',1045055,'1546622384_QQ视频20181211165655',0,'-',0),(496,'TIM图片20190104101152','gif','2019-01-05 01:19:51','201901/',1115207,'1546622391_TIM图片20190104101152',0,'-',0),(497,'TIM图片20190103180545','gif','2019-01-05 01:24:06','201901/',4664349,'1546622646_TIM图片20190103180545',0,'-',0),(498,'TIM图片20190103180545','gif','2019-01-05 01:27:57','201901/',4664349,'1546622877_TIM图片20190103180545',0,'-',0),(499,'TIM图片20190103180545','gif','2019-01-05 01:28:05','201901/',4664349,'1546622885_TIM图片20190103180545',0,'-',0),(500,'TIM图片20190104101152','gif','2019-01-05 01:28:18','201901/',1115207,'1546622898_TIM图片20190104101152',0,'-',0),(501,'TIM图片20190103180545','gif','2019-01-05 01:28:29','201901/',4664349,'1546622909_TIM图片20190103180545',0,'-',0),(502,'TIM图片20190103180545','gif','2019-01-05 01:28:55','201901/',4664349,'1546622935_TIM图片20190103180545',0,'-',0),(503,'TIM图片20190103180545','gif','2019-01-05 01:30:39','201901/',4664349,'1546623039_TIM图片20190103180545',0,'-',0),(504,'TIM图片20190103180545','gif','2019-01-05 01:31:30','201901/',4664349,'1546623085_TIM图片20190103180545',2,'users',0),(505,'TIM图片20190104101152','gif','2019-01-05 01:44:02','201901/',1115207,'1546623842_TIM图片20190104101152',0,'-',0),(506,'TIM图片20190104101152','gif','2019-01-05 01:44:16','201901/',1115207,'1546623850_TIM图片20190104101152',2,'users',0),(507,'TIM图片20190103180545','gif','2019-01-05 01:45:00','201901/',4664349,'1546623887_TIM图片20190103180545',2,'users',0),(508,'ChMkJlqDz4CIJsH0AAedMGM5licAAk0UAFFPBoAB51I326','jpg','2019-01-05 10:02:38','201901/',151606,'1546653758_ChMkJlqDz4CIJsH0AAedMGM5licAAk0UAFFPBoAB51I326',0,'-',0),(509,'v2-91eeac568c7ff3891d8a5f7753e4e01c_hd','jpg','2019-01-05 10:05:03','201901/',27515,'1546653897_v2-91eeac568c7ff3891d8a5f7753e4e01c_hd',2,'users',0),(510,'ChMkJlqDz4CIJsH0AAedMGM5licAAk0UAFFPBoAB51I326','jpg','2019-01-05 10:05:36','201901/',151606,'1546653936_ChMkJlqDz4CIJsH0AAedMGM5licAAk0UAFFPBoAB51I326',0,'-',0),(512,'ChMkJlqDz4CIJsH0AAedMGM5licAAk0UAFFPBoAB51I326','jpg','2019-01-05 14:06:56','201901/',151606,'1546668407_ChMkJlqDz4CIJsH0AAedMGM5licAAk0UAFFPBoAB51I326',2,'users',0),(513,'api (3)','json','2019-01-05 15:46:25','201901/',14147,'1546674385_api (3)',0,'-',0),(514,'centos','pem','2019-01-05 16:09:07','201901/',1704,'1546675728_centos',207,'notice',0),(515,'api (3)','json','2019-01-05 16:09:07','201901/',14147,'1546675733_api (3)',207,'notice',0),(516,'adobe2017补丁','rar','2019-01-05 16:09:08','201901/',1580881,'1546675737_adobe2017补丁',207,'notice',0),(517,'v2-69638139a50869f6f9e457ce0d672203_hd','jpg','2019-01-05 22:43:10','201901/',23783,'1546699360_v2-69638139a50869f6f9e457ce0d672203_hd',2,'users',0),(518,'a532d333c895d14321efbc1e71f082025baf0783','jpg','2019-01-06 17:47:35','201901/',403120,'1546768055_a532d333c895d14321efbc1e71f082025baf0783',0,'-',0),(519,'a532d333c895d14321efbc1e71f082025baf0783','jpg','2019-01-06 17:52:13','201901/',403120,'1546768329_a532d333c895d14321efbc1e71f082025baf0783',2,'users',0),(520,'ChMkJlqDz4CIJsH0AAedMGM5licAAk0UAFFPBoAB51I326','jpg','2019-01-06 17:53:43','201901/',151606,'1546768420_ChMkJlqDz4CIJsH0AAedMGM5licAAk0UAFFPBoAB51I326',2,'users',0),(521,'a532d333c895d14321efbc1e71f082025baf0783','jpg','2019-01-06 17:54:18','201901/',403120,'1546768449_a532d333c895d14321efbc1e71f082025baf0783',2,'users',0),(522,'ChMkJlqDz4CIJsH0AAedMGM5licAAk0UAFFPBoAB51I326','jpg','2019-01-06 17:58:32','201901/',151606,'1546768710_ChMkJlqDz4CIJsH0AAedMGM5licAAk0UAFFPBoAB51I326',2,'users',0),(523,'a532d333c895d14321efbc1e71f082025baf0783','jpg','2019-01-06 17:58:41','201901/',403120,'1546768718_a532d333c895d14321efbc1e71f082025baf0783',2,'users',0),(524,'a532d333c895d14321efbc1e71f082025baf0783','jpg','2019-01-07 08:30:02','201901/',403120,'1546821002_a532d333c895d14321efbc1e71f082025baf0783',0,'-',0),(525,'春节放假通知文件','doc','2019-01-07 16:34:48','201901/',9216,'1546850088_春节放假通知文件',0,'-',0),(526,'春节放假通知文件','doc','2019-01-07 16:56:55','201901/',9216,'1546851412_春节放假通知文件',211,'notice',0),(527,'大会相关稿件','doc','2019-01-07 16:58:28','201901/',9216,'1546851501_大会相关稿件',212,'notice',0),(528,'相关稿件','doc','2019-01-07 17:02:04','201901/',9728,'1546851721_相关稿件',213,'notice',0),(529,'相关稿件','doc','2019-01-07 17:05:13','201901/',9728,'1546851911_相关稿件',214,'notice',0),(530,'相关稿件','doc','2019-01-07 17:05:44','201901/',9728,'1546851943_相关稿件',215,'notice',0),(531,'相关稿件','doc','2019-01-07 17:06:28','201901/',9728,'1546851987_相关稿件',216,'notice',0),(534,'商业银行理财业务监督管理办法','docx','2019-01-07 17:44:24','201901/',28649,'1546854264_商业银行理财业务监督管理办法',0,'-',0),(535,'中国人民银行规章制','docx','2019-01-07 19:04:14','201901/',18904,'1546859054_中国人民银行规章制',0,'-',0),(536,'中国银保监会关于规范银行业金融机构异地非持牌机构的指导意见','docx','2019-01-07 19:05:00','201901/',15816,'1546859100_中国银保监会关于规范银行业金融机构异地非持牌机构的指导意见',0,'-',0),(537,'中国人民银行规章制','docx','2019-01-07 19:06:01','201901/',18904,'1546859161_中国人民银行规章制',0,'-',0),(538,'QQ截图20190107094453','png','2019-01-07 19:06:16','201901/',26242,'1546859176_QQ截图20190107094453',0,'-',0),(539,'中国银保监会关于规范银行业金融机构异地非持牌机构的指导意见','docx','2019-01-07 19:08:00','201901/',15816,'1546859280_中国银保监会关于规范银行业金融机构异地非持牌机构的指导意见',0,'-',0),(540,'QQ截图20190107094453','png','2019-01-07 19:10:52','201901/',26242,'1546859452_QQ截图20190107094453',0,'-',0),(541,'QQ截图20190107094453','png','2019-01-07 19:11:31','201901/',26242,'1546859491_QQ截图20190107094453',0,'-',0),(542,'QQ截图20190107094453','png','2019-01-07 19:12:14','201901/',26242,'1546859534_QQ截图20190107094453',0,'-',0),(543,'中国银保监会关于规范银行业金融机构异地非持牌机构的指导意见','docx','2019-01-07 19:14:49','201901/',15816,'1546859689_中国银保监会关于规范银行业金融机构异地非持牌机构的指导意见',0,'-',0),(544,'中国银保监会关于规范银行业金融机构异地非持牌机构的指导意见','docx','2019-01-07 19:30:03','201901/',15816,'1546860603_中国银保监会关于规范银行业金融机构异地非持牌机构的指导意见',0,'-',0),(545,'中国银保监会关于规范银行业金融机构异地非持牌机构的指导意见','docx','2019-01-07 19:31:26','201901/',15816,'1546860686_中国银保监会关于规范银行业金融机构异地非持牌机构的指导意见',0,'-',0),(546,'中国银保监会关于规范银行业金融机构异地非持牌机构的指导意见','docx','2019-01-07 19:32:15','201901/',15816,'1546860735_中国银保监会关于规范银行业金融机构异地非持牌机构的指导意见',0,'-',0),(547,'中国银保监会关于规范银行业金融机构异地非持牌机构的指导意见','docx','2019-01-07 19:32:51','201901/',15816,'1546860771_中国银保监会关于规范银行业金融机构异地非持牌机构的指导意见',0,'-',0),(548,'中国银保监会关于规范银行业金融机构异地非持牌机构的指导意见','docx','2019-01-07 19:41:55','201901/',15816,'1546861247_中国银保监会关于规范银行业金融机构异地非持牌机构的指导意见',41,'clause',0),(550,'中国人民银行规章制','docx','2019-01-07 19:42:14','201901/',18904,'1546861330_中国人民银行规章制',42,'clause',0),(551,'银行业金融机构从业人员行为管理指引','docx','2019-01-07 19:44:37','201901/',15762,'1546861473_银行业金融机构从业人员行为管理指引',43,'clause',0),(555,'相关稿件','doc','2019-01-07 22:24:04','201901/',9728,'1546871041_相关稿件',78,'draft',0),(556,'相关稿件','doc','2019-01-07 22:24:14','201901/',9728,'1546871053_相关稿件',74,'draft',0),(557,'相关稿件','doc','2019-01-07 22:28:08','201901/',9728,'1546871288_相关稿件',71,'draft',0),(558,'相关稿件','doc','2019-01-07 22:28:19','201901/',9728,'1546871298_相关稿件',76,'draft',0),(559,'相关稿件','doc','2019-01-07 22:32:56','201901/',9728,'1546871575_相关稿件',80,'draft',0),(560,'相关稿件','doc','2019-01-07 23:04:26','201901/',9728,'1546871698_相关稿件',81,'draft',1),(561,'大会相关稿件','doc','2019-01-07 23:04:26','201901/',9728,'1546871704_大会相关稿件',81,'draft',1),(562,'相关稿件','doc','2019-01-07 22:38:48','201901/',9728,'1546871925_相关稿件',82,'draft',0),(563,'相关稿件','doc','2019-01-07 22:50:08','201901/',9728,'1546872032_相关稿件',83,'draft',1),(564,'相关稿件','doc','2019-01-07 22:42:29','201901/',9728,'1546872148_相关稿件',84,'draft',0),(565,'相关稿件','doc','2019-01-07 22:44:41','201901/',9728,'1546872280_相关稿件',85,'draft',0),(566,'相关稿件','doc','2019-01-07 22:47:53','201901/',9728,'1546872471_相关稿件',46,'rectify_report',0),(567,'大会相关稿件','doc','2019-01-07 22:51:39','201901/',9728,'1546872698_大会相关稿件',77,'draft',0),(568,'添加人员','xlsx','2019-01-07 22:52:18','201901/',9452,'1546872738_添加人员',0,'-',0),(569,'添加人员','xlsx','2019-01-07 22:56:29','201901/',9452,'1546872989_添加人员',0,'-',0),(570,'相关稿件','doc','2019-01-07 22:59:21','201901/',9728,'1546873158_相关稿件',47,'rectify_report',0),(571,'相关稿件','doc','2019-01-07 23:09:01','201901/',9728,'1546873741_相关稿件',86,'draft',0),(572,'添加人员','xlsx','2019-01-07 23:17:34','201901/',9452,'1546874254_添加人员',0,'-',0),(573,'添加人员','xlsx','2019-01-07 23:18:08','201901/',9452,'1546874288_添加人员',0,'-',0),(574,'添加人员','xlsx','2019-01-07 23:23:19','201901/',9452,'1546874599_添加人员',0,'-',0),(575,'添加人员','xlsx','2019-01-07 23:23:55','201901/',9452,'1546874635_添加人员',0,'-',0),(576,'大会相关稿件','doc','2019-01-07 23:24:07','201901/',9728,'1546874639_大会相关稿件',87,'draft',0),(577,'添加人员','xlsx','2019-01-07 23:24:51','201901/',9453,'1546874691_添加人员',0,'-',0),(578,'相关稿件','doc','2019-01-07 23:25:18','201901/',9728,'1546874716_相关稿件',88,'draft',0),(579,'相关稿件','doc','2019-01-08 00:01:56','201901/',9728,'1546874824_相关稿件',89,'draft',1),(580,'添加人员','xlsx','2019-01-07 23:28:05','201901/',9453,'1546874885_添加人员',0,'-',0),(581,'相关稿件','doc','2019-01-07 23:28:27','201901/',9728,'1546874905_相关稿件',90,'draft',0),(582,'添加人员','xlsx','2019-01-07 23:29:39','201901/',9453,'1546874979_添加人员',0,'-',0),(583,'相关稿件','doc','2019-01-08 00:02:54','201901/',9728,'1546875012_相关稿件',91,'draft',1),(584,'相关稿件','doc','2019-01-07 23:31:30','201901/',9728,'1546875088_相关稿件',92,'draft',0),(585,'相关稿件','doc','2019-01-07 23:56:09','201901/',9728,'1546876560_相关稿件',94,'draft',0),(586,'大会相关稿件','doc','2019-01-07 23:56:09','201901/',9728,'1546876568_大会相关稿件',94,'draft',0),(587,'相关稿件','doc','2019-01-07 23:59:02','201901/',9728,'1546876732_相关稿件',48,'rectify_report',0),(588,'相关稿件','doc','2019-01-08 00:03:53','201901/',9728,'1546877029_相关稿件',91,'draft',0),(589,'相关稿件','doc','2019-01-08 00:12:52','201901/',9728,'1546877562_相关稿件',95,'draft',1),(590,'相关稿件','doc','2019-01-08 00:16:09','201901/',9728,'1546877768_相关稿件',49,'rectify_report',0),(591,'相关稿件','doc','2019-01-08 00:20:56','201901/',9728,'1546878055_相关稿件',96,'draft',0),(592,'相关稿件','doc','2019-01-08 00:23:51','201901/',9728,'1546878203_相关稿件',97,'draft',1),(593,'相关稿件','doc','2019-01-08 00:27:44','201901/',9728,'1546878461_相关稿件',98,'draft',0),(594,'相关稿件','doc','2019-01-08 00:36:22','201901/',9728,'1546878981_相关稿件',99,'draft',0),(595,'相关稿件','doc','2019-01-08 00:44:08','201901/',9728,'1546879446_相关稿件',100,'draft',0),(596,'相关稿件','doc','2019-01-08 00:45:44','201901/',9728,'1546879542_相关稿件',101,'draft',0),(597,'相关稿件','doc','2019-01-08 00:47:03','201901/',9728,'1546879621_相关稿件',102,'draft',0),(598,'相关稿件','doc','2019-01-08 00:48:41','201901/',9728,'1546879719_相关稿件',103,'draft',0),(599,'相关稿件','doc','2019-01-08 00:50:53','201901/',9728,'1546879851_相关稿件',104,'draft',0),(600,'相关稿件','doc','2019-01-08 00:52:41','201901/',9728,'1546879956_相关稿件',105,'draft',0),(601,'相关稿件','doc','2019-01-08 00:56:41','201901/',9728,'1546880199_相关稿件',106,'draft',0),(602,'相关稿件','doc','2019-01-08 00:58:31','201901/',9728,'1546880309_相关稿件',107,'draft',0),(603,'相关稿件','doc','2019-01-08 01:00:11','201901/',9728,'1546880409_相关稿件',108,'draft',0);

/*Table structure for table `integral` */

DROP TABLE IF EXISTS `integral`;

CREATE TABLE `integral` (
  `id` int(11) NOT NULL AUTO_INCREMENT COMMENT '积分ID',
  `cognizance_user_id` int(11) NOT NULL DEFAULT '0' COMMENT '认定人ID',
  `user_id` int(11) NOT NULL DEFAULT '0' COMMENT '责任人ID',
  `draft_id` int(11) NOT NULL DEFAULT '0' COMMENT '工作底稿ID',
  `punish_notice_id` int(11) NOT NULL DEFAULT '0' COMMENT '处罚通知ID',
  `receipt_id` int(11) NOT NULL DEFAULT '0' COMMENT '回执ID',
  `score` int(5) NOT NULL DEFAULT '0' COMMENT '分值（除以1000显示）',
  `time` timestamp NOT NULL DEFAULT '0000-00-00 00:00:00' COMMENT '日期',
  `delete` tinyint(1) NOT NULL DEFAULT '0' COMMENT '删除（0未删|删除）',
  PRIMARY KEY (`id`)
) ENGINE=InnoDB AUTO_INCREMENT=11 DEFAULT CHARSET=utf8;

/*Data for the table `integral` */

insert  into `integral`(`id`,`cognizance_user_id`,`user_id`,`draft_id`,`punish_notice_id`,`receipt_id`,`score`,`time`,`delete`) values (10,2,46,95,19,0,5000,'2019-01-08 00:14:20',0);

/*Table structure for table `integral_edit` */

DROP TABLE IF EXISTS `integral_edit`;

CREATE TABLE `integral_edit` (
  `id` int(11) NOT NULL AUTO_INCREMENT COMMENT '积分修改ID',
  `integral_id` int(11) NOT NULL DEFAULT '0' COMMENT '积分表ID',
  `score` int(11) DEFAULT NULL COMMENT '积分（除以100显示）',
  `user_id` int(11) DEFAULT NULL COMMENT '发起人修改ID',
  `describe` varchar(500) DEFAULT NULL COMMENT '修改分数原因',
  `suggestion` char(250) DEFAULT NULL COMMENT '审核意见',
  `update_time` timestamp NULL DEFAULT NULL COMMENT '更新时间',
  `state` enum('draft','report','reject','adopt') DEFAULT 'draft' COMMENT '状态（draft草稿|report上报|reject驳回|adopt通过）',
  `delete` tinyint(1) NOT NULL DEFAULT '0' COMMENT '删除（0未删|1删除）',
  PRIMARY KEY (`id`)
) ENGINE=InnoDB AUTO_INCREMENT=23 DEFAULT CHARSET=utf8;

/*Data for the table `integral_edit` */

insert  into `integral_edit`(`id`,`integral_id`,`score`,`user_id`,`describe`,`suggestion`,`update_time`,`state`,`delete`) values (22,10,5000,NULL,'','通过','2019-01-08 00:14:48','adopt',0);

/*Table structure for table `login` */

DROP TABLE IF EXISTS `login`;

CREATE TABLE `login` (
  `login_id` int(11) NOT NULL AUTO_INCREMENT COMMENT '登录id',
  `user_code` char(30) NOT NULL DEFAULT '-' COMMENT '员工号',
  `password` char(50) DEFAULT NULL COMMENT '登录密码',
  `is_use` tinyint(1) NOT NULL DEFAULT '0' COMMENT '是否禁用（1启用0禁用）',
  `change_pd_time` timestamp NULL DEFAULT NULL COMMENT '最后修改密码时间',
  `login_num` int(6) NOT NULL DEFAULT '0' COMMENT '登录次数',
  `login_time` timestamp NULL DEFAULT NULL COMMENT '最后登录时间',
  `author_id` int(11) DEFAULT NULL COMMENT '授权人',
  `delete` tinyint(1) NOT NULL DEFAULT '0' COMMENT '删除（0未删1删除）',
  PRIMARY KEY (`login_id`),
  KEY `login_id` (`login_id`)
) ENGINE=MyISAM AUTO_INCREMENT=8 DEFAULT CHARSET=utf8;

/*Data for the table `login` */

insert  into `login`(`login_id`,`user_code`,`password`,`is_use`,`change_pd_time`,`login_num`,`login_time`,`author_id`,`delete`) values (3,'10001','c42e1e2e06144c57ee5035a48e9b1a43',1,'2018-11-29 18:10:57',4,'2019-01-06 21:53:20',2,0),(4,'10002','78dc8bbc86eb472b3db1d0b025714ec1',1,'0000-00-00 00:00:00',163,'2019-01-07 23:17:54',2,0),(-1,'admin','95efad0975e613c0609fcbeb1b23cb5d',1,NULL,10,'2019-01-07 17:24:32',-1,0);

/*Table structure for table `logs` */

DROP TABLE IF EXISTS `logs`;

CREATE TABLE `logs` (
  `id` int(11) NOT NULL AUTO_INCREMENT COMMENT '日志ID',
  `url` char(200) DEFAULT NULL COMMENT 'URL',
  `user_id` int(11) DEFAULT NULL COMMENT '操作人ID',
  `msg` varchar(5000) DEFAULT NULL COMMENT '操作说明',
  `method` char(10) DEFAULT NULL COMMENT '请求方法',
  `data` varchar(5000) DEFAULT NULL COMMENT '参数',
  `time` timestamp NULL DEFAULT NULL COMMENT '操作时间',
  `server` char(20) DEFAULT NULL COMMENT '服务',
  `ip` char(15) DEFAULT NULL COMMENT 'IP地址',
  `delete` tinyint(1) DEFAULT '0' COMMENT '删除（0未删1删除）',
  PRIMARY KEY (`id`)
) ENGINE=MyISAM AUTO_INCREMENT=48036 DEFAULT CHARSET=utf8;

/*Data for the table `logs` */

insert  into `logs`(`id`,`url`,`user_id`,`msg`,`method`,`data`,`time`,`server`,`ip`,`delete`) values (47560,'/api/audit/rectify/list',-1,'获取整改通知列表','POST','-','2019-01-08 00:10:35','audit','192.168.1.13',0),(47561,'/api/audit/rectify/list',-1,'获取整改通知列表','POST','-','2019-01-08 00:10:35','audit','192.168.1.13',0),(47562,'/api/audit/rectify/list',-1,'获取整改通知列表','POST','-','2019-01-08 00:10:36','audit','192.168.1.13',0),(47563,'/api/audit/rectify/list',-1,'获取整改通知列表','POST','-','2019-01-08 00:10:37','audit','192.168.1.13',0),(47564,'/api/audit/auditReport/list',2,'获取列表','POST','-','2019-01-08 00:10:37','audit','192.168.1.20',0),(47565,'/api/audit/statistical/list',-1,'获取统计分析列表','POST','-','2019-01-08 00:10:39','audit','192.168.1.13',0),(47566,'/api/audit/statistical/list',-1,'获取统计分析列表','POST','-','2019-01-08 00:10:39','audit','192.168.1.13',0),(47567,'/api/audit/statistical/list',2,'获取统计分析列表','POST','-','2019-01-08 00:10:39','audit','192.168.1.20',0),(47568,'/api/audit/statistical/list',2,'获取统计分析列表','POST','-','2019-01-08 00:10:39','audit','192.168.1.20',0),(47569,'/api/audit/draft/list',-1,'获取工作底稿列表','POST','-','2019-01-08 00:10:41','audit','192.168.1.13',0),(47570,'/api/audit/programme/select',-1,'获取审核方案选择列表','POST','-','2019-01-08 00:10:41','audit','192.168.1.13',0),(47571,'/api/audit/programme/select',-1,'获取审核方案选择列表','POST','-','2019-01-08 00:10:41','audit','192.168.1.13',0),(47572,'/api/audit/draft/list',-1,'获取工作底稿列表','POST','-','2019-01-08 00:10:41','audit','192.168.1.13',0),(47573,'/api/audit/programme/list',2,'获取审核方案列表','POST','-','2019-01-08 00:10:42','audit','192.168.1.20',0),(47574,'/api/audit/programme/list',2,'获取审核方案列表','POST','-','2019-01-08 00:10:42','audit','192.168.1.20',0),(47575,'/api/audit/programme/get',-1,'获取审核方案','GET','id=94&rnd=0.07968935098784469','2019-01-08 00:11:16','audit','192.168.1.13',0),(47576,'/api/org/user/list',-1,'获取人员列表','POST','-','2019-01-08 00:11:16','org','192.168.1.13',0),(47577,'/api/org/user/list',-1,'获取人员列表','POST','-','2019-01-08 00:11:16','org','192.168.1.13',0),(47578,'/api/org/user/list',-1,'获取人员列表','POST','-','2019-01-08 00:11:16','org','192.168.1.13',0),(47579,'/api/org/department/tree',-1,'获取部门/结构/网点','GET','parentId=-1&rnd=0.9511810670810754','2019-01-08 00:11:42','org','192.168.1.13',0),(47580,'/api/org/department/tree',-1,'获取部门/结构/网点','GET','parentId=1&rnd=0.526764148277516','2019-01-08 00:11:43','org','192.168.1.13',0),(47581,'/api/org/department/tree',-1,'获取部门/结构/网点','GET','parentId=-1&rnd=0.19249004160207295','2019-01-08 00:11:48','org','192.168.1.13',0),(47582,'/api/org/department/tree',-1,'获取部门/结构/网点','GET','parentId=-1&rnd=0.026080032517216578','2019-01-08 00:11:52','org','192.168.1.13',0),(47583,'/api/org/department/tree',-1,'获取部门/结构/网点','GET','parentId=-1&rnd=0.9425304981802622','2019-01-08 00:11:59','org','192.168.1.13',0),(47584,'/api/org/clause/search',-1,'管理办法搜索','GET','content=%E7%AC%AC%E4%BA%8C%E5%8D%81&rnd=0.6003726632777402','2019-01-08 00:12:35','org','192.168.1.13',0),(47585,'/api/worker/file/upload',-1,'上传文件','POST','-','2019-01-08 00:12:42','worker','192.168.1.13',0),(47586,'/api/audit/draft/add',-1,'添加工作底稿','POST','-','2019-01-08 00:12:47','audit','192.168.1.13',0),(47587,'/api/audit/programme/select',-1,'获取审核方案选择列表','POST','-','2019-01-08 00:12:47','audit','192.168.1.13',0),(47588,'/api/audit/draft/list',-1,'获取工作底稿列表','POST','-','2019-01-08 00:12:48','audit','192.168.1.13',0),(47589,'/api/audit/draft/get',-1,'获取工作底稿','GET','id=95&rnd=0.3884653532740918','2019-01-08 00:12:49','audit','192.168.1.13',0),(47590,'/api/audit/programme/get',-1,'获取审核方案','GET','id=94&rnd=0.17138938436802453','2019-01-08 00:12:50','audit','192.168.1.13',0),(47591,'/api/org/user/list',-1,'获取人员列表','POST','-','2019-01-08 00:12:50','org','192.168.1.13',0),(47592,'/api/org/user/list',-1,'获取人员列表','POST','-','2019-01-08 00:12:50','org','192.168.1.13',0),(47593,'/api/org/user/list',-1,'获取人员列表','POST','-','2019-01-08 00:12:50','org','192.168.1.13',0),(47594,'/api/audit/draft/edit',-1,'编辑工作底稿','PUT','-','2019-01-08 00:12:52','audit','192.168.1.13',0),(47595,'/api/audit/programme/select',-1,'获取审核方案选择列表','POST','-','2019-01-08 00:12:53','audit','192.168.1.13',0),(47596,'/api/audit/draft/list',-1,'获取工作底稿列表','POST','-','2019-01-08 00:12:53','audit','192.168.1.13',0),(47597,'/api/audit/confirmation/list',-1,'获取事实确认书列表','POST','-','2019-01-08 00:12:56','audit','192.168.1.13',0),(47598,'/api/audit/confirmation/list',-1,'获取事实确认书列表','POST','-','2019-01-08 00:12:56','audit','192.168.1.13',0),(47599,'/api/org/department/list',2,'获取部门/结构/网点列表','POST','-','2019-01-08 00:13:03','org','192.168.1.13',0),(47600,'/api/org/department/tree',2,'获取部门/结构/网点','GET','parentId=-1&rnd=0.20843056687087202','2019-01-08 00:13:03','org','192.168.1.13',0),(47601,'/api/org/department/list',2,'获取部门/结构/网点列表','POST','-','2019-01-08 00:13:03','org','192.168.1.13',0),(47602,'/api/org/notice/list',2,'获取通知公告列表','POST','-','2019-01-08 00:13:08','org','192.168.1.13',0),(47603,'/api/org/department/tree',2,'获取部门/结构/网点','GET','parentId=-1&rnd=0.987122732687327','2019-01-08 00:13:08','org','192.168.1.13',0),(47604,'/api/org/notice/list',2,'获取通知公告列表','POST','-','2019-01-08 00:13:08','org','192.168.1.13',0),(47605,'/api/org/department/list',2,'获取部门/结构/网点列表','POST','-','2019-01-08 00:13:09','org','192.168.1.13',0),(47606,'/api/org/department/tree',2,'获取部门/结构/网点','GET','parentId=-1&rnd=0.23097248399142212','2019-01-08 00:13:09','org','192.168.1.13',0),(47607,'/api/org/department/list',2,'获取部门/结构/网点列表','POST','-','2019-01-08 00:13:09','org','192.168.1.13',0),(47608,'/api/worker/user/get',2,'获取登录员工','PUT','-','2019-01-08 00:13:10','worker','192.168.1.13',0),(47609,'/api/worker/user/get',2,'获取登录员工','PUT','-','2019-01-08 00:13:10','worker','192.168.1.13',0),(47610,'/api/audit/confirmation/list',2,'获取事实确认书列表','POST','-','2019-01-08 00:13:15','audit','192.168.1.13',0),(47611,'/api/audit/confirmation/list',2,'获取事实确认书列表','POST','-','2019-01-08 00:13:15','audit','192.168.1.13',0),(47612,'/api/audit/confirmation/get',2,'获取事实确认书','GET','id=21&rnd=0.5575484114496048','2019-01-08 00:13:18','audit','192.168.1.13',0),(47613,'/api/audit/programme/get',2,'获取审核方案','GET','id=94&rnd=0.7402719247344374','2019-01-08 00:13:18','audit','192.168.1.13',0),(47614,'/api/audit/confirmation/edit',2,'编辑事实确认书','PUT','-','2019-01-08 00:13:24','audit','192.168.1.13',0),(47615,'/api/audit/confirmation/list',2,'获取事实确认书列表','POST','-','2019-01-08 00:13:24','audit','192.168.1.13',0),(47616,'/api/audit/punishNotice/list',2,'获取惩罚通知书列表','POST','-','2019-01-08 00:13:27','audit','192.168.1.13',0),(47617,'/api/audit/punishNotice/list',2,'获取惩罚通知书列表','POST','-','2019-01-08 00:13:27','audit','192.168.1.13',0),(47618,'/api/audit/draft/get',2,'获取工作底稿','GET','id=95&rnd=0.3433933724986019','2019-01-08 00:13:28','audit','192.168.1.13',0),(47619,'/api/audit/programme/get',2,'获取审核方案','GET','id=94&rnd=0.8981915241219672','2019-01-08 00:13:28','audit','192.168.1.13',0),(47620,'/api/audit/punishNotice/get',2,'获取惩罚通知书','GET','id=19&rnd=0.11067786598860618','2019-01-08 00:13:28','audit','192.168.1.13',0),(47621,'/api/audit/confirmation/list',2,'获取事实确认书列表','POST','-','2019-01-08 00:13:33','audit','192.168.1.13',0),(47622,'/api/audit/confirmation/list',2,'获取事实确认书列表','POST','-','2019-01-08 00:13:33','audit','192.168.1.13',0),(47623,'/api/audit/draft/list',2,'获取工作底稿列表','POST','-','2019-01-08 00:13:36','audit','192.168.1.13',0),(47624,'/api/audit/programme/select',2,'获取审核方案选择列表','POST','-','2019-01-08 00:13:36','audit','192.168.1.13',0),(47625,'/api/audit/draft/list',2,'获取工作底稿列表','POST','-','2019-01-08 00:13:36','audit','192.168.1.13',0),(47626,'/api/audit/programme/select',2,'获取审核方案选择列表','POST','-','2019-01-08 00:13:36','audit','192.168.1.13',0),(47627,'/api/audit/confirmation/list',2,'获取事实确认书列表','POST','-','2019-01-08 00:13:38','audit','192.168.1.13',0),(47628,'/api/audit/confirmation/list',2,'获取事实确认书列表','POST','-','2019-01-08 00:13:38','audit','192.168.1.13',0),(47629,'/api/audit/punishNotice/list',2,'获取惩罚通知书列表','POST','-','2019-01-08 00:13:43','audit','192.168.1.13',0),(47630,'/api/audit/punishNotice/list',2,'获取惩罚通知书列表','POST','-','2019-01-08 00:13:43','audit','192.168.1.13',0),(47631,'/api/audit/draft/get',2,'获取工作底稿','GET','id=95&rnd=0.5648526328735396','2019-01-08 00:13:44','audit','192.168.1.13',0),(47632,'/api/audit/programme/get',2,'获取审核方案','GET','id=94&rnd=0.06902018598123838','2019-01-08 00:13:44','audit','192.168.1.13',0),(47633,'/api/audit/punishNotice/get',2,'获取惩罚通知书','GET','id=19&rnd=0.9136593878991452','2019-01-08 00:13:44','audit','192.168.1.13',0),(47634,'/api/audit/punishNotice/edit',2,'编辑惩罚通知书','PUT','-','2019-01-08 00:13:54','audit','192.168.1.13',0),(47635,'/api/audit/punishNotice/list',2,'获取惩罚通知书列表','POST','-','2019-01-08 00:13:54','audit','192.168.1.13',0),(47636,'/api/audit/punishNotice/get',2,'获取惩罚通知书','GET','id=19&rnd=0.1526045183240724','2019-01-08 00:13:56','audit','192.168.1.13',0),(47637,'/api/audit/punishNotice/edit_score',2,'惩罚通知书填写稽核积分','PUT','-','2019-01-08 00:14:01','audit','192.168.1.13',0),(47638,'/api/audit/punishNotice/list',2,'获取惩罚通知书列表','POST','-','2019-01-08 00:14:01','audit','192.168.1.13',0),(47639,'/api/audit/punishNotice/get',2,'获取惩罚通知书','GET','id=19&rnd=0.3722332433732758','2019-01-08 00:14:02','audit','192.168.1.13',0),(47640,'/api/audit/punishNotice/edit_author',2,'惩罚通知书签署','PUT','-','2019-01-08 00:14:04','audit','192.168.1.13',0),(47641,'/api/audit/punishNotice/list',2,'获取惩罚通知书列表','POST','-','2019-01-08 00:14:05','audit','192.168.1.13',0),(47642,'/api/audit/punishNotice/get',2,'获取惩罚通知书','GET','id=19&rnd=0.5798710022490194','2019-01-08 00:14:06','audit','192.168.1.13',0),(47643,'/api/audit/punishNotice/edit_number',2,'惩罚通知书填写文件编号','PUT','-','2019-01-08 00:14:11','audit','192.168.1.13',0),(47644,'/api/audit/punishNotice/list',2,'获取惩罚通知书列表','POST','-','2019-01-08 00:14:11','audit','192.168.1.13',0),(47645,'/api/audit/integral/list',2,'获取积分列表','POST','-','2019-01-08 00:14:13','audit','192.168.1.13',0),(47646,'/api/audit/integral/list',2,'获取积分列表','POST','-','2019-01-08 00:14:13','audit','192.168.1.13',0),(47647,'/api/audit/integral/get',2,'获取积分','GET','id=10&rnd=0.9014890283282494','2019-01-08 00:14:15','audit','192.168.1.13',0),(47648,'/api/audit/integral/edit',2,'编辑积分','PUT','-','2019-01-08 00:14:20','audit','192.168.1.13',0),(47649,'/api/audit/integral/list',2,'获取积分列表','POST','-','2019-01-08 00:14:20','audit','192.168.1.13',0),(47650,'/api/worker/user/get',2,'获取登录员工','PUT','-','2019-01-08 00:14:25','worker','192.168.1.13',0),(47651,'/api/systemSetup/dictionaries/get',2,'获取字典','GET','id=-1&rnd=0.27088136970957666','2019-01-08 00:14:25','systemSetup','192.168.1.13',0),(47652,'/api/systemSetup/dictionaries/get',2,'获取字典','GET','id=-3&rnd=0.8201827376735037','2019-01-08 00:14:25','systemSetup','192.168.1.13',0),(47653,'/api/systemSetup/dictionaries/get',2,'获取字典','GET','id=-2&rnd=0.46670164738440567','2019-01-08 00:14:25','systemSetup','192.168.1.13',0),(47654,'/api/systemSetup/dictionaries/get',2,'获取字典','GET','id=-5&rnd=0.6669002890633119','2019-01-08 00:14:25','systemSetup','192.168.1.13',0),(47655,'/api/worker/menu/get',2,'获取菜单','GET','rnd=0.5958499645021988','2019-01-08 00:14:25','worker','192.168.1.13',0),(47656,'/api/systemSetup/dictionaries/get',2,'获取字典','GET','id=-4&rnd=0.28283442214842713','2019-01-08 00:14:25','systemSetup','192.168.1.13',0),(47657,'/api/systemSetup/dictionaries/get',2,'获取字典','GET','id=-6&rnd=0.4189013199231134','2019-01-08 00:14:25','systemSetup','192.168.1.13',0),(47658,'/api/systemSetup/dictionaries/get',2,'获取字典','GET','id=-8&rnd=0.06893719600742654','2019-01-08 00:14:25','systemSetup','192.168.1.13',0),(47659,'/api/systemSetup/dictionaries/get',2,'获取字典','GET','id=-7&rnd=0.7741077896662897','2019-01-08 00:14:25','systemSetup','192.168.1.13',0),(47660,'/api/audit/integral/list',2,'获取积分列表','POST','-','2019-01-08 00:14:26','audit','192.168.1.13',0),(47661,'/api/audit/integral/list',2,'获取积分列表','POST','-','2019-01-08 00:14:26','audit','192.168.1.13',0),(47662,'/api/audit/integral/get',2,'获取积分','GET','id=10&rnd=0.8589441560816837','2019-01-08 00:14:37','audit','192.168.1.13',0),(47663,'/api/audit/integral/edit_author',2,'积分签署','PUT','-','2019-01-08 00:14:48','audit','192.168.1.13',0),(47664,'/api/audit/integral/list',2,'获取积分列表','POST','-','2019-01-08 00:15:32','audit','192.168.1.13',0),(47665,'/api/audit/rectify/list',2,'获取整改通知列表','POST','-','2019-01-08 00:15:36','audit','192.168.1.13',0),(47666,'/api/audit/rectify/list',2,'获取整改通知列表','POST','-','2019-01-08 00:15:36','audit','192.168.1.13',0),(47667,'/api/audit/rectify/get',2,'获取整改通知','GET','id=20&rnd=0.8711450052932364','2019-01-08 00:15:37','audit','192.168.1.13',0),(47668,'/api/audit/rectify/edit',2,'编辑整改通知','PUT','-','2019-01-08 00:15:50','audit','192.168.1.13',0),(47669,'/api/audit/rectify/list',2,'获取整改通知列表','POST','-','2019-01-08 00:15:50','audit','192.168.1.13',0),(47670,'/api/audit/rectify/get',2,'获取整改通知','GET','id=20&rnd=0.9580811819524231','2019-01-08 00:15:52','audit','192.168.1.13',0),(47671,'/api/audit/rectifyReport/get',2,'获取整改报告','GET','rectifyId=20&rnd=0.25922572217258744','2019-01-08 00:15:52','audit','192.168.1.13',0),(47672,'/api/worker/file/upload',2,'上传文件','POST','-','2019-01-08 00:16:08','worker','192.168.1.13',0),(47673,'/api/audit/rectifyReport/edit',2,'编辑整改报告','PUT','-','2019-01-08 00:16:09','audit','192.168.1.13',0),(47674,'/api/audit/rectify/list',2,'获取整改通知列表','POST','-','2019-01-08 00:16:09','audit','192.168.1.13',0),(47675,'/api/audit/rectify/get',2,'获取整改通知','GET','id=20&rnd=0.08791281888379265','2019-01-08 00:16:11','audit','192.168.1.13',0),(47676,'/api/audit/rectifyReport/get',2,'获取整改报告','GET','rectifyId=20&rnd=0.07243202135502691','2019-01-08 00:16:11','audit','192.168.1.13',0),(47677,'/api/audit/rectify/list',2,'获取整改通知列表','POST','-','2019-01-08 00:16:15','audit','192.168.1.13',0),(47678,'/api/audit/rectify/list',2,'获取整改通知列表','POST','-','2019-01-08 00:16:15','audit','192.168.1.13',0),(47679,'/api/audit/auditReport/list',2,'获取列表','POST','-','2019-01-08 00:16:17','audit','192.168.1.13',0),(47680,'/api/audit/auditReport/list',2,'获取列表','POST','-','2019-01-08 00:16:17','audit','192.168.1.13',0),(47681,'/api/audit/auditReport/get',2,'获取','GET','id=5&rnd=0.5555274291915077','2019-01-08 00:16:20','audit','192.168.1.13',0),(47682,'/api/audit/programme/get',2,'获取审核方案','GET','id=94&rnd=0.909617043690585','2019-01-08 00:16:20','audit','192.168.1.13',0),(47683,'/api/audit/draft/get',2,'获取工作底稿','GET','id=95&rnd=0.7723855872500628','2019-01-08 00:16:20','audit','192.168.1.13',0),(47684,'/api/audit/confirmation/get',2,'获取事实确认书','GET','id=21&rnd=0.04616047224361697','2019-01-08 00:16:20','audit','192.168.1.13',0),(47685,'/api/audit/rectifyReport/get',2,'获取整改报告','GET','id=49&rnd=0.23912397050866152','2019-01-08 00:16:20','audit','192.168.1.13',0),(47686,'/api/audit/punishNotice/get_accountability',2,'惩罚通知书问责情况','GET','confirmationId=21&rnd=0.7556269904179832','2019-01-08 00:16:20','audit','192.168.1.13',0),(47687,'/api/audit/auditReport/edit',2,'编辑','PUT','-','2019-01-08 00:17:13','audit','192.168.1.13',0),(47688,'/api/audit/auditReport/list',2,'获取列表','POST','-','2019-01-08 00:17:13','audit','192.168.1.13',0),(47689,'/api/audit/statistical/list',2,'获取统计分析列表','POST','-','2019-01-08 00:17:16','audit','192.168.1.13',0),(47690,'/api/audit/statistical/list',2,'获取统计分析列表','POST','-','2019-01-08 00:17:16','audit','192.168.1.13',0),(47691,'/api/audit/statistical/get',2,'获取统计分析','GET','id=5&rnd=0.5025865132721593','2019-01-08 00:17:17','audit','192.168.1.13',0),(47692,'/api/audit/programme/list',2,'获取审核方案列表','POST','-','2019-01-08 00:17:23','audit','192.168.1.13',0),(47693,'/api/audit/programme/list',2,'获取审核方案列表','POST','-','2019-01-08 00:17:23','audit','192.168.1.13',0),(47694,'/api/audit/draft/list',2,'获取工作底稿列表','POST','-','2019-01-08 00:17:26','audit','192.168.1.13',0),(47695,'/api/audit/programme/select',2,'获取审核方案选择列表','POST','-','2019-01-08 00:17:26','audit','192.168.1.13',0),(47696,'/api/audit/draft/list',2,'获取工作底稿列表','POST','-','2019-01-08 00:17:26','audit','192.168.1.13',0),(47697,'/api/audit/programme/select',2,'获取审核方案选择列表','POST','-','2019-01-08 00:17:26','audit','192.168.1.13',0),(47698,'/api/audit/programme/list',2,'获取审核方案列表','POST','-','2019-01-08 00:19:38','audit','192.168.1.13',0),(47699,'/api/audit/programme/list',2,'获取审核方案列表','POST','-','2019-01-08 00:19:38','audit','192.168.1.13',0),(47700,'/api/audit/draft/list',2,'获取工作底稿列表','POST','-','2019-01-08 00:19:41','audit','192.168.1.13',0),(47701,'/api/audit/programme/select',2,'获取审核方案选择列表','POST','-','2019-01-08 00:19:41','audit','192.168.1.13',0),(47702,'/api/audit/programme/select',2,'获取审核方案选择列表','POST','-','2019-01-08 00:19:41','audit','192.168.1.13',0),(47703,'/api/audit/draft/list',2,'获取工作底稿列表','POST','-','2019-01-08 00:19:41','audit','192.168.1.13',0),(47704,'/api/audit/programme/get',2,'获取审核方案','GET','id=81&rnd=0.7454880508060311','2019-01-08 00:19:45','audit','192.168.1.13',0),(47705,'/api/org/user/list',2,'获取人员列表','POST','-','2019-01-08 00:19:45','org','192.168.1.13',0),(47706,'/api/org/user/list',2,'获取人员列表','POST','-','2019-01-08 00:19:45','org','192.168.1.13',0),(47707,'/api/org/user/list',2,'获取人员列表','POST','-','2019-01-08 00:19:45','org','192.168.1.13',0),(47708,'/api/org/department/tree',2,'获取部门/结构/网点','GET','parentId=-1&rnd=0.40656534052797877','2019-01-08 00:20:09','org','192.168.1.13',0),(47709,'/api/org/department/tree',2,'获取部门/结构/网点','GET','parentId=1&rnd=0.5716839753783843','2019-01-08 00:20:10','org','192.168.1.13',0),(47710,'/api/org/department/tree',2,'获取部门/结构/网点','GET','parentId=-1&rnd=0.5937154304329169','2019-01-08 00:20:15','org','192.168.1.13',0),(47711,'/api/org/department/tree',2,'获取部门/结构/网点','GET','parentId=-1&rnd=0.3216477478831652','2019-01-08 00:20:21','org','192.168.1.13',0),(47712,'/api/org/department/tree',2,'获取部门/结构/网点','GET','parentId=-1&rnd=0.06369513795468973','2019-01-08 00:20:26','org','192.168.1.13',0),(47713,'/api/org/clause/search',2,'管理办法搜索','GET','content=%E8%BF%9D%E8%A7%84&rnd=0.2705480871637673','2019-01-08 00:20:45','org','192.168.1.13',0),(47714,'/api/org/clause/search',2,'管理办法搜索','GET','content=%E8%BF%9D%E8%A7%84&rnd=0.20458209978944597','2019-01-08 00:20:46','org','192.168.1.13',0),(47715,'/api/org/clause/search',2,'管理办法搜索','GET','content=%E7%AC%AC%E4%B8%89%E5%8D%81&rnd=0.3343705754755212','2019-01-08 00:20:50','org','192.168.1.13',0),(47716,'/api/worker/file/upload',2,'上传文件','POST','-','2019-01-08 00:20:55','worker','192.168.1.13',0),(47717,'/api/audit/draft/add',2,'添加工作底稿','POST','-','2019-01-08 00:20:56','audit','192.168.1.13',0),(47718,'/api/audit/programme/select',2,'获取审核方案选择列表','POST','-','2019-01-08 00:20:56','audit','192.168.1.13',0),(47719,'/api/audit/draft/list',2,'获取工作底稿列表','POST','-','2019-01-08 00:20:56','audit','192.168.1.13',0),(47720,'/api/audit/confirmation/list',2,'获取事实确认书列表','POST','-','2019-01-08 00:21:01','audit','192.168.1.13',0),(47721,'/api/audit/confirmation/list',2,'获取事实确认书列表','POST','-','2019-01-08 00:21:01','audit','192.168.1.13',0),(47722,'/api/audit/confirmation/get',2,'获取事实确认书','GET','id=22&rnd=0.6103665571230246','2019-01-08 00:21:02','audit','192.168.1.13',0),(47723,'/api/audit/programme/get',2,'获取审核方案','GET','id=81&rnd=0.28142345229576093','2019-01-08 00:21:02','audit','192.168.1.13',0),(47724,'/api/audit/confirmation/edit',2,'编辑事实确认书','PUT','-','2019-01-08 00:21:04','audit','192.168.1.13',0),(47725,'/api/audit/confirmation/get',2,'获取事实确认书','GET','id=22&rnd=0.9726625434438029','2019-01-08 00:21:04','audit','192.168.1.13',0),(47726,'/api/audit/programme/get',2,'获取审核方案','GET','id=81&rnd=0.4652779385861414','2019-01-08 00:21:04','audit','192.168.1.13',0),(47727,'/api/audit/draft/list',2,'获取工作底稿列表','POST','-','2019-01-08 00:21:14','audit','192.168.1.13',0),(47728,'/api/audit/programme/select',2,'获取审核方案选择列表','POST','-','2019-01-08 00:21:14','audit','192.168.1.13',0),(47729,'/api/audit/programme/select',2,'获取审核方案选择列表','POST','-','2019-01-08 00:21:14','audit','192.168.1.13',0),(47730,'/api/audit/draft/list',2,'获取工作底稿列表','POST','-','2019-01-08 00:21:14','audit','192.168.1.13',0),(47731,'/api/audit/confirmation/list',2,'获取事实确认书列表','POST','-','2019-01-08 00:21:15','audit','192.168.1.13',0),(47732,'/api/audit/confirmation/list',2,'获取事实确认书列表','POST','-','2019-01-08 00:21:15','audit','192.168.1.13',0),(47733,'/api/audit/confirmation/get',2,'获取事实确认书','GET','id=22&rnd=0.6196962401018687','2019-01-08 00:21:19','audit','192.168.1.13',0),(47734,'/api/audit/confirmation/list',2,'获取事实确认书列表','POST','-','2019-01-08 00:21:21','audit','192.168.1.13',0),(47735,'/api/audit/punishNotice/list',-1,'获取惩罚通知书列表','POST','-','2019-01-08 00:21:33','audit','192.168.1.13',0),(47736,'/api/audit/punishNotice/list',-1,'获取惩罚通知书列表','POST','-','2019-01-08 00:21:33','audit','192.168.1.13',0),(47737,'/api/audit/confirmation/list',-1,'获取事实确认书列表','POST','-','2019-01-08 00:21:35','audit','192.168.1.13',0),(47738,'/api/audit/confirmation/list',-1,'获取事实确认书列表','POST','-','2019-01-08 00:21:35','audit','192.168.1.13',0),(47739,'/api/audit/draft/list',-1,'获取工作底稿列表','POST','-','2019-01-08 00:21:40','audit','192.168.1.13',0),(47740,'/api/audit/programme/select',-1,'获取审核方案选择列表','POST','-','2019-01-08 00:21:40','audit','192.168.1.13',0),(47741,'/api/audit/programme/select',-1,'获取审核方案选择列表','POST','-','2019-01-08 00:21:40','audit','192.168.1.13',0),(47742,'/api/audit/draft/list',-1,'获取工作底稿列表','POST','-','2019-01-08 00:21:40','audit','192.168.1.13',0),(47743,'/api/org/user/list',-1,'获取人员列表','POST','-','2019-01-08 00:21:47','org','192.168.1.13',0),(47744,'/api/audit/programme/get',-1,'获取审核方案','GET','id=94&rnd=0.5937631915331643','2019-01-08 00:21:48','audit','192.168.1.13',0),(47745,'/api/org/user/list',-1,'获取人员列表','POST','-','2019-01-08 00:21:48','org','192.168.1.13',0),(47746,'/api/org/user/list',-1,'获取人员列表','POST','-','2019-01-08 00:21:48','org','192.168.1.13',0),(47747,'/api/org/department/tree',-1,'获取部门/结构/网点','GET','parentId=-1&rnd=0.4249277933207598','2019-01-08 00:22:26','org','192.168.1.13',0),(47748,'/api/org/department/tree',-1,'获取部门/结构/网点','GET','parentId=1&rnd=0.4733377902367222','2019-01-08 00:22:28','org','192.168.1.13',0),(47749,'/api/org/department/tree',-1,'获取部门/结构/网点','GET','parentId=-1&rnd=0.879598341278512','2019-01-08 00:22:40','org','192.168.1.13',0),(47750,'/api/org/department/tree',-1,'获取部门/结构/网点','GET','parentId=-1&rnd=0.034734057343815516','2019-01-08 00:22:45','org','192.168.1.13',0),(47751,'/api/org/department/tree',-1,'获取部门/结构/网点','GET','parentId=-1&rnd=0.889794975357098','2019-01-08 00:22:49','org','192.168.1.13',0),(47752,'/api/org/clause/search',-1,'管理办法搜索','GET','content=%E8%BF%9D%E8%A7%84&rnd=0.42561567702018244','2019-01-08 00:23:12','org','192.168.1.13',0),(47753,'/api/org/clause/search',-1,'管理办法搜索','GET','content=%E7%AC%AC%E4%B8%89%E5%8D%81&rnd=0.20534814526751655','2019-01-08 00:23:17','org','192.168.1.13',0),(47754,'/api/worker/file/upload',-1,'上传文件','POST','-','2019-01-08 00:23:23','worker','192.168.1.13',0),(47755,'/api/audit/draft/add',-1,'添加工作底稿','POST','-','2019-01-08 00:23:28','audit','192.168.1.13',0),(47756,'/api/audit/programme/select',-1,'获取审核方案选择列表','POST','-','2019-01-08 00:23:28','audit','192.168.1.13',0),(47757,'/api/audit/draft/list',-1,'获取工作底稿列表','POST','-','2019-01-08 00:23:28','audit','192.168.1.13',0),(47758,'/api/audit/draft/get',-1,'获取工作底稿','GET','id=97&rnd=0.15751905756513707','2019-01-08 00:23:32','audit','192.168.1.13',0),(47759,'/api/audit/programme/get',-1,'获取审核方案','GET','id=94&rnd=0.753574403062401','2019-01-08 00:23:32','audit','192.168.1.13',0),(47760,'/api/org/user/list',-1,'获取人员列表','POST','-','2019-01-08 00:23:32','org','192.168.1.13',0),(47761,'/api/org/user/list',-1,'获取人员列表','POST','-','2019-01-08 00:23:32','org','192.168.1.13',0),(47762,'/api/org/user/list',-1,'获取人员列表','POST','-','2019-01-08 00:23:32','org','192.168.1.13',0),(47763,'/api/audit/confirmation/list',-1,'获取事实确认书列表','POST','-','2019-01-08 00:23:41','audit','192.168.1.13',0),(47764,'/api/audit/confirmation/list',-1,'获取事实确认书列表','POST','-','2019-01-08 00:23:41','audit','192.168.1.13',0),(47765,'/api/audit/draft/list',-1,'获取工作底稿列表','POST','-','2019-01-08 00:23:45','audit','192.168.1.13',0),(47766,'/api/audit/programme/select',-1,'获取审核方案选择列表','POST','-','2019-01-08 00:23:45','audit','192.168.1.13',0),(47767,'/api/audit/programme/select',-1,'获取审核方案选择列表','POST','-','2019-01-08 00:23:45','audit','192.168.1.13',0),(47768,'/api/audit/draft/list',-1,'获取工作底稿列表','POST','-','2019-01-08 00:23:45','audit','192.168.1.13',0),(47769,'/api/audit/draft/get',-1,'获取工作底稿','GET','id=97&rnd=0.20009335473198409','2019-01-08 00:23:47','audit','192.168.1.13',0),(47770,'/api/audit/programme/get',-1,'获取审核方案','GET','id=94&rnd=0.5411871834675741','2019-01-08 00:23:47','audit','192.168.1.13',0),(47771,'/api/org/user/list',-1,'获取人员列表','POST','-','2019-01-08 00:23:47','org','192.168.1.13',0),(47772,'/api/org/user/list',-1,'获取人员列表','POST','-','2019-01-08 00:23:47','org','192.168.1.13',0),(47773,'/api/org/user/list',-1,'获取人员列表','POST','-','2019-01-08 00:23:48','org','192.168.1.13',0),(47774,'/api/audit/draft/edit',-1,'编辑工作底稿','PUT','-','2019-01-08 00:23:51','audit','192.168.1.13',0),(47775,'/api/audit/programme/select',-1,'获取审核方案选择列表','POST','-','2019-01-08 00:23:52','audit','192.168.1.13',0),(47776,'/api/audit/draft/list',-1,'获取工作底稿列表','POST','-','2019-01-08 00:23:52','audit','192.168.1.13',0),(47777,'/api/audit/confirmation/list',-1,'获取事实确认书列表','POST','-','2019-01-08 00:23:55','audit','192.168.1.13',0),(47778,'/api/audit/confirmation/list',-1,'获取事实确认书列表','POST','-','2019-01-08 00:23:55','audit','192.168.1.13',0),(47779,'/api/audit/confirmation/get',-1,'获取事实确认书','GET','id=23&rnd=0.9809896955204436','2019-01-08 00:23:58','audit','192.168.1.13',0),(47780,'/api/audit/confirmation/read',-1,'事实确认书已读','PUT','-','2019-01-08 00:23:59','audit','192.168.1.13',0),(47781,'/api/audit/confirmation/get',-1,'获取事实确认书','GET','id=23&rnd=0.6009336087192512','2019-01-08 00:24:00','audit','192.168.1.13',0),(47782,'/api/audit/confirmation/list',-1,'获取事实确认书列表','POST','-','2019-01-08 00:24:02','audit','192.168.1.13',0),(47783,'/api/audit/confirmation/get',-1,'获取事实确认书','GET','id=23&rnd=0.6209672731408777','2019-01-08 00:24:04','audit','192.168.1.13',0),(47784,'/api/audit/programme/get',-1,'获取审核方案','GET','id=94&rnd=0.35692869101342684','2019-01-08 00:24:04','audit','192.168.1.13',0),(47785,'/api/audit/confirmation/edit',-1,'编辑事实确认书','PUT','-','2019-01-08 00:24:06','audit','192.168.1.13',0),(47786,'/api/audit/confirmation/get',-1,'获取事实确认书','GET','id=23&rnd=0.010610404866503886','2019-01-08 00:24:07','audit','192.168.1.13',0),(47787,'/api/audit/programme/get',-1,'获取审核方案','GET','id=94&rnd=0.006242073055528596','2019-01-08 00:24:07','audit','192.168.1.13',0),(47788,'/api/audit/programme/list',2,'获取审核方案列表','POST','-','2019-01-08 00:24:47','audit','192.168.1.20',0),(47789,'/api/audit/programme/list',2,'获取审核方案列表','POST','-','2019-01-08 00:24:49','audit','192.168.1.20',0),(47790,'/api/audit/draft/list',2,'获取工作底稿列表','POST','-','2019-01-08 00:24:51','audit','192.168.1.20',0),(47791,'/api/audit/programme/select',2,'获取审核方案选择列表','POST','-','2019-01-08 00:24:51','audit','192.168.1.20',0),(47792,'/api/audit/programme/select',2,'获取审核方案选择列表','POST','-','2019-01-08 00:24:51','audit','192.168.1.20',0),(47793,'/api/audit/draft/list',2,'获取工作底稿列表','POST','-','2019-01-08 00:24:51','audit','192.168.1.20',0),(47794,'/api/audit/draft/list',2,'获取工作底稿列表','POST','-','2019-01-08 00:24:51','audit','192.168.1.20',0),(47795,'/api/audit/draft/get',2,'获取工作底稿','GET','id=97&rnd=0.8658766285431017','2019-01-08 00:24:53','audit','192.168.1.20',0),(47796,'/api/audit/programme/get',2,'获取审核方案','GET','id=94&rnd=0.8777088455185496','2019-01-08 00:24:54','audit','192.168.1.20',0),(47797,'/api/audit/programme/select',2,'获取审核方案选择列表','POST','-','2019-01-08 00:24:55','audit','192.168.1.20',0),(47798,'/api/audit/draft/list',2,'获取工作底稿列表','POST','-','2019-01-08 00:24:56','audit','192.168.1.20',0),(47799,'/api/audit/draft/get',2,'获取工作底稿','GET','id=96&rnd=0.9028500080377357','2019-01-08 00:24:57','audit','192.168.1.20',0),(47800,'/api/audit/programme/get',2,'获取审核方案','GET','id=81&rnd=0.2944422694758988','2019-01-08 00:24:57','audit','192.168.1.20',0),(47801,'/api/audit/programme/select',2,'获取审核方案选择列表','POST','-','2019-01-08 00:24:58','audit','192.168.1.20',0),(47802,'/api/audit/draft/list',2,'获取工作底稿列表','POST','-','2019-01-08 00:24:58','audit','192.168.1.20',0),(47803,'/api/audit/draft/get',2,'获取工作底稿','GET','id=95&rnd=0.4193628592125771','2019-01-08 00:24:59','audit','192.168.1.20',0),(47804,'/api/audit/programme/get',2,'获取审核方案','GET','id=94&rnd=0.1011599491126185','2019-01-08 00:24:59','audit','192.168.1.20',0),(47805,'/api/audit/programme/select',2,'获取审核方案选择列表','POST','-','2019-01-08 00:25:01','audit','192.168.1.20',0),(47806,'/api/audit/draft/list',2,'获取工作底稿列表','POST','-','2019-01-08 00:25:01','audit','192.168.1.20',0),(47807,'/api/audit/confirmation/list',2,'获取事实确认书列表','POST','-','2019-01-08 00:25:03','audit','192.168.1.20',0),(47808,'/api/audit/confirmation/list',2,'获取事实确认书列表','POST','-','2019-01-08 00:25:03','audit','192.168.1.20',0),(47809,'/api/audit/confirmation/get',2,'获取事实确认书','GET','id=23&rnd=0.6395915005432897','2019-01-08 00:25:07','audit','192.168.1.20',0),(47810,'/api/audit/confirmation/list',2,'获取事实确认书列表','POST','-','2019-01-08 00:25:08','audit','192.168.1.20',0),(47811,'/api/audit/confirmation/get',2,'获取事实确认书','GET','id=22&rnd=0.8836098733175148','2019-01-08 00:25:09','audit','192.168.1.20',0),(47812,'/api/audit/programme/list',-1,'获取审核方案列表','POST','-','2019-01-08 00:25:10','audit','192.168.1.13',0),(47813,'/api/audit/programme/list',-1,'获取审核方案列表','POST','-','2019-01-08 00:25:10','audit','192.168.1.13',0),(47814,'/api/audit/confirmation/list',2,'获取事实确认书列表','POST','-','2019-01-08 00:25:11','audit','192.168.1.20',0),(47815,'/api/audit/draft/list',-1,'获取工作底稿列表','POST','-','2019-01-08 00:25:12','audit','192.168.1.13',0),(47816,'/api/audit/programme/select',-1,'获取审核方案选择列表','POST','-','2019-01-08 00:25:12','audit','192.168.1.13',0),(47817,'/api/audit/programme/select',-1,'获取审核方案选择列表','POST','-','2019-01-08 00:25:12','audit','192.168.1.13',0),(47818,'/api/audit/draft/list',-1,'获取工作底稿列表','POST','-','2019-01-08 00:25:12','audit','192.168.1.13',0),(47819,'/api/audit/confirmation/get',2,'获取事实确认书','GET','id=21&rnd=0.6468828346864299','2019-01-08 00:25:12','audit','192.168.1.20',0),(47820,'/api/audit/confirmation/list',2,'获取事实确认书列表','POST','-','2019-01-08 00:25:13','audit','192.168.1.20',0),(47821,'/api/audit/programme/get',-1,'获取审核方案','GET','id=94&rnd=0.9621435453710476','2019-01-08 00:25:21','audit','192.168.1.13',0),(47822,'/api/org/user/list',-1,'获取人员列表','POST','-','2019-01-08 00:25:21','org','192.168.1.13',0),(47823,'/api/org/user/list',-1,'获取人员列表','POST','-','2019-01-08 00:25:21','org','192.168.1.13',0),(47824,'/api/org/user/list',-1,'获取人员列表','POST','-','2019-01-08 00:25:21','org','192.168.1.13',0),(47825,'/api/audit/confirmation/get',2,'获取事实确认书','GET','id=23&rnd=0.5887042654550221','2019-01-08 00:26:11','audit','192.168.1.20',0),(47826,'/api/audit/confirmation/list',2,'获取事实确认书列表','POST','-','2019-01-08 00:26:17','audit','192.168.1.20',0),(47827,'/api/audit/confirmation/get',2,'获取事实确认书','GET','id=22&rnd=0.7870174867019821','2019-01-08 00:26:19','audit','192.168.1.20',0),(47828,'/api/audit/confirmation/list',2,'获取事实确认书列表','POST','-','2019-01-08 00:26:22','audit','192.168.1.20',0),(47829,'/api/audit/confirmation/get',2,'获取事实确认书','GET','id=21&rnd=0.8632963689268798','2019-01-08 00:26:23','audit','192.168.1.20',0),(47830,'/api/audit/confirmation/list',2,'获取事实确认书列表','POST','-','2019-01-08 00:26:29','audit','192.168.1.20',0),(47831,'/api/org/department/tree',-1,'获取部门/结构/网点','GET','parentId=-1&rnd=0.260035809245432','2019-01-08 00:26:45','org','192.168.1.13',0),(47832,'/api/org/department/tree',-1,'获取部门/结构/网点','GET','parentId=1&rnd=0.17288967331509086','2019-01-08 00:26:47','org','192.168.1.13',0),(47833,'/api/org/department/tree',-1,'获取部门/结构/网点','GET','parentId=-1&rnd=0.09763427602151742','2019-01-08 00:26:52','org','192.168.1.13',0),(47834,'/api/org/department/tree',-1,'获取部门/结构/网点','GET','parentId=-1&rnd=0.21962171991617296','2019-01-08 00:26:57','org','192.168.1.13',0),(47835,'/api/org/department/tree',-1,'获取部门/结构/网点','GET','parentId=-1&rnd=0.23893642700168138','2019-01-08 00:27:02','org','192.168.1.13',0),(47836,'/api/org/clause/search',-1,'管理办法搜索','GET','content=%E7%AC%AC%E4%BA%8C%E5%8D%81&rnd=0.5167329792189173','2019-01-08 00:27:26','org','192.168.1.13',0),(47837,'/api/org/clause/search',-1,'管理办法搜索','GET','content=%E7%AC%AC%E4%B8%89&rnd=0.1903006298347376','2019-01-08 00:27:34','org','192.168.1.13',0),(47838,'/api/worker/file/upload',-1,'上传文件','POST','-','2019-01-08 00:27:41','worker','192.168.1.13',0),(47839,'/api/audit/draft/add',-1,'添加工作底稿','POST','-','2019-01-08 00:27:44','audit','192.168.1.13',0),(47840,'/api/audit/programme/select',-1,'获取审核方案选择列表','POST','-','2019-01-08 00:27:45','audit','192.168.1.13',0),(47841,'/api/audit/draft/list',-1,'获取工作底稿列表','POST','-','2019-01-08 00:27:45','audit','192.168.1.13',0),(47842,'/api/audit/confirmation/list',-1,'获取事实确认书列表','POST','-','2019-01-08 00:27:49','audit','192.168.1.13',0),(47843,'/api/audit/confirmation/list',-1,'获取事实确认书列表','POST','-','2019-01-08 00:27:49','audit','192.168.1.13',0),(47844,'/api/audit/confirmation/get',-1,'获取事实确认书','GET','id=24&rnd=0.6767912197134491','2019-01-08 00:27:52','audit','192.168.1.13',0),(47845,'/api/audit/programme/get',-1,'获取审核方案','GET','id=94&rnd=0.4377688870088754','2019-01-08 00:27:52','audit','192.168.1.13',0),(47846,'/api/audit/confirmation/edit',-1,'编辑事实确认书','PUT','-','2019-01-08 00:27:56','audit','192.168.1.13',0),(47847,'/api/audit/confirmation/list',-1,'获取事实确认书列表','POST','-','2019-01-08 00:27:56','audit','192.168.1.13',0),(47848,'/api/audit/draft/list',2,'获取工作底稿列表','POST','-','2019-01-08 00:29:03','audit','192.168.1.20',0),(47849,'/api/audit/programme/select',2,'获取审核方案选择列表','POST','-','2019-01-08 00:29:03','audit','192.168.1.20',0),(47850,'/api/audit/programme/select',2,'获取审核方案选择列表','POST','-','2019-01-08 00:29:03','audit','192.168.1.20',0),(47851,'/api/audit/draft/list',2,'获取工作底稿列表','POST','-','2019-01-08 00:29:03','audit','192.168.1.20',0),(47852,'/api/audit/draft/list',-1,'获取工作底稿列表','POST','-','2019-01-08 00:34:58','audit','192.168.1.13',0),(47853,'/api/audit/programme/select',-1,'获取审核方案选择列表','POST','-','2019-01-08 00:34:58','audit','192.168.1.13',0),(47854,'/api/audit/programme/select',-1,'获取审核方案选择列表','POST','-','2019-01-08 00:34:58','audit','192.168.1.13',0),(47855,'/api/audit/draft/list',-1,'获取工作底稿列表','POST','-','2019-01-08 00:34:58','audit','192.168.1.13',0),(47856,'/api/audit/programme/select',-1,'获取审核方案选择列表','POST','-','2019-01-08 00:35:03','audit','192.168.1.13',0),(47857,'/api/audit/programme/get',-1,'获取审核方案','GET','id=90&rnd=0.7315547890508516','2019-01-08 00:35:06','audit','192.168.1.13',0),(47858,'/api/org/user/list',-1,'获取人员列表','POST','-','2019-01-08 00:35:06','org','192.168.1.13',0),(47859,'/api/org/user/list',-1,'获取人员列表','POST','-','2019-01-08 00:35:06','org','192.168.1.13',0),(47860,'/api/org/user/list',-1,'获取人员列表','POST','-','2019-01-08 00:35:06','org','192.168.1.13',0),(47861,'/api/org/department/tree',-1,'获取部门/结构/网点','GET','parentId=-1&rnd=0.45366346394373314','2019-01-08 00:35:29','org','192.168.1.13',0),(47862,'/api/org/department/tree',-1,'获取部门/结构/网点','GET','parentId=1&rnd=0.6586139101840256','2019-01-08 00:35:33','org','192.168.1.13',0),(47863,'/api/org/department/tree',-1,'获取部门/结构/网点','GET','parentId=-1&rnd=0.06610840925609085','2019-01-08 00:35:38','org','192.168.1.13',0),(47864,'/api/org/department/tree',-1,'获取部门/结构/网点','GET','parentId=-1&rnd=0.6164255493905362','2019-01-08 00:35:47','org','192.168.1.13',0),(47865,'/api/org/department/tree',-1,'获取部门/结构/网点','GET','parentId=-1&rnd=0.595778863459868','2019-01-08 00:35:52','org','192.168.1.13',0),(47866,'/api/org/clause/search',-1,'管理办法搜索','GET','content=%E7%AC%AC%E4%B8%89&rnd=0.10076209691663496','2019-01-08 00:36:14','org','192.168.1.13',0),(47867,'/api/worker/file/upload',-1,'上传文件','POST','-','2019-01-08 00:36:21','worker','192.168.1.13',0),(47868,'/api/audit/draft/add',-1,'添加工作底稿','POST','-','2019-01-08 00:36:22','audit','192.168.1.13',0),(47869,'/api/audit/programme/select',-1,'获取审核方案选择列表','POST','-','2019-01-08 00:36:23','audit','192.168.1.13',0),(47870,'/api/audit/draft/list',-1,'获取工作底稿列表','POST','-','2019-01-08 00:36:23','audit','192.168.1.13',0),(47871,'/api/audit/confirmation/list',-1,'获取事实确认书列表','POST','-','2019-01-08 00:36:26','audit','192.168.1.13',0),(47872,'/api/audit/confirmation/list',-1,'获取事实确认书列表','POST','-','2019-01-08 00:36:27','audit','192.168.1.13',0),(47873,'/api/audit/confirmation/get',-1,'获取事实确认书','GET','id=25&rnd=0.2015242866859448','2019-01-08 00:36:29','audit','192.168.1.13',0),(47874,'/api/audit/programme/get',-1,'获取审核方案','GET','id=90&rnd=0.2558490724998612','2019-01-08 00:36:29','audit','192.168.1.13',0),(47875,'/api/audit/confirmation/list',-1,'获取事实确认书列表','POST','-','2019-01-08 00:36:58','audit','192.168.1.13',0),(47876,'/api/audit/confirmation/get',-1,'获取事实确认书','GET','id=25&rnd=0.458491874202958','2019-01-08 00:37:03','audit','192.168.1.13',0),(47877,'/api/audit/programme/get',-1,'获取审核方案','GET','id=90&rnd=0.07926593681427097','2019-01-08 00:37:03','audit','192.168.1.13',0),(47878,'/api/audit/confirmation/list',-1,'获取事实确认书列表','POST','-','2019-01-08 00:37:15','audit','192.168.1.13',0),(47879,'/api/audit/draft/list',-1,'获取工作底稿列表','POST','-','2019-01-08 00:42:28','audit','192.168.1.13',0),(47880,'/api/audit/programme/select',-1,'获取审核方案选择列表','POST','-','2019-01-08 00:42:28','audit','192.168.1.13',0),(47881,'/api/audit/programme/select',-1,'获取审核方案选择列表','POST','-','2019-01-08 00:42:28','audit','192.168.1.13',0),(47882,'/api/audit/draft/list',-1,'获取工作底稿列表','POST','-','2019-01-08 00:42:28','audit','192.168.1.13',0),(47883,'/api/audit/programme/get',-1,'获取审核方案','GET','id=90&rnd=0.31228539745526884','2019-01-08 00:42:43','audit','192.168.1.13',0),(47884,'/api/org/user/list',-1,'获取人员列表','POST','-','2019-01-08 00:42:43','org','192.168.1.13',0),(47885,'/api/org/user/list',-1,'获取人员列表','POST','-','2019-01-08 00:42:43','org','192.168.1.13',0),(47886,'/api/org/user/list',-1,'获取人员列表','POST','-','2019-01-08 00:42:43','org','192.168.1.13',0),(47887,'/api/org/department/tree',-1,'获取部门/结构/网点','GET','parentId=-1&rnd=0.1646348958797177','2019-01-08 00:43:09','org','192.168.1.13',0),(47888,'/api/org/department/tree',-1,'获取部门/结构/网点','GET','parentId=1&rnd=0.50013405413016','2019-01-08 00:43:11','org','192.168.1.13',0),(47889,'/api/org/department/tree',-1,'获取部门/结构/网点','GET','parentId=-1&rnd=0.308590663232049','2019-01-08 00:43:18','org','192.168.1.13',0),(47890,'/api/org/department/tree',-1,'获取部门/结构/网点','GET','parentId=-1&rnd=0.7469151004158738','2019-01-08 00:43:22','org','192.168.1.13',0),(47891,'/api/org/department/tree',-1,'获取部门/结构/网点','GET','parentId=-1&rnd=0.6807622343735187','2019-01-08 00:43:28','org','192.168.1.13',0),(47892,'/api/org/clause/search',-1,'管理办法搜索','GET','content=%E7%AC%AC%E4%B8%80&rnd=0.8794304850271639','2019-01-08 00:43:58','org','192.168.1.13',0),(47893,'/api/worker/file/upload',-1,'上传文件','POST','-','2019-01-08 00:44:06','worker','192.168.1.13',0),(47894,'/api/audit/draft/add',-1,'添加工作底稿','POST','-','2019-01-08 00:44:08','audit','192.168.1.13',0),(47895,'/api/audit/programme/select',-1,'获取审核方案选择列表','POST','-','2019-01-08 00:44:08','audit','192.168.1.13',0),(47896,'/api/audit/draft/list',-1,'获取工作底稿列表','POST','-','2019-01-08 00:44:08','audit','192.168.1.13',0),(47897,'/api/audit/programme/get',-1,'获取审核方案','GET','id=90&rnd=0.8395499366799077','2019-01-08 00:44:27','audit','192.168.1.13',0),(47898,'/api/org/user/list',-1,'获取人员列表','POST','-','2019-01-08 00:44:27','org','192.168.1.13',0),(47899,'/api/org/user/list',-1,'获取人员列表','POST','-','2019-01-08 00:44:27','org','192.168.1.13',0),(47900,'/api/org/user/list',-1,'获取人员列表','POST','-','2019-01-08 00:44:27','org','192.168.1.13',0),(47901,'/api/org/department/tree',-1,'获取部门/结构/网点','GET','parentId=-1&rnd=0.08499110447873282','2019-01-08 00:44:52','org','192.168.1.13',0),(47902,'/api/org/department/tree',-1,'获取部门/结构/网点','GET','parentId=1&rnd=0.05617716772796277','2019-01-08 00:44:53','org','192.168.1.13',0),(47903,'/api/org/department/tree',-1,'获取部门/结构/网点','GET','parentId=-1&rnd=0.6828810187124508','2019-01-08 00:44:59','org','192.168.1.13',0),(47904,'/api/org/department/tree',-1,'获取部门/结构/网点','GET','parentId=-1&rnd=0.44529561231692827','2019-01-08 00:45:05','org','192.168.1.13',0),(47905,'/api/org/department/tree',-1,'获取部门/结构/网点','GET','parentId=-1&rnd=0.20836252192077165','2019-01-08 00:45:11','org','192.168.1.13',0),(47906,'/api/org/clause/search',-1,'管理办法搜索','GET','content=%E7%AC%AC%E4%B8%89&rnd=0.07555203592188753','2019-01-08 00:45:37','org','192.168.1.13',0),(47907,'/api/worker/file/upload',-1,'上传文件','POST','-','2019-01-08 00:45:42','worker','192.168.1.13',0),(47908,'/api/audit/draft/add',-1,'添加工作底稿','POST','-','2019-01-08 00:45:44','audit','192.168.1.13',0),(47909,'/api/audit/programme/select',-1,'获取审核方案选择列表','POST','-','2019-01-08 00:45:45','audit','192.168.1.13',0),(47910,'/api/audit/draft/list',-1,'获取工作底稿列表','POST','-','2019-01-08 00:45:45','audit','192.168.1.13',0),(47911,'/api/audit/programme/get',-1,'获取审核方案','GET','id=81&rnd=0.0012837192151511356','2019-01-08 00:45:52','audit','192.168.1.13',0),(47912,'/api/org/user/list',-1,'获取人员列表','POST','-','2019-01-08 00:45:52','org','192.168.1.13',0),(47913,'/api/org/user/list',-1,'获取人员列表','POST','-','2019-01-08 00:45:52','org','192.168.1.13',0),(47914,'/api/org/user/list',-1,'获取人员列表','POST','-','2019-01-08 00:45:52','org','192.168.1.13',0),(47915,'/api/org/department/tree',-1,'获取部门/结构/网点','GET','parentId=-1&rnd=0.4928705473250179','2019-01-08 00:46:13','org','192.168.1.13',0),(47916,'/api/org/department/tree',-1,'获取部门/结构/网点','GET','parentId=1&rnd=0.5790188485312362','2019-01-08 00:46:15','org','192.168.1.13',0),(47917,'/api/org/department/tree',-1,'获取部门/结构/网点','GET','parentId=-1&rnd=0.2816083908736986','2019-01-08 00:46:25','org','192.168.1.13',0),(47918,'/api/org/department/tree',-1,'获取部门/结构/网点','GET','parentId=-1&rnd=0.821414480359034','2019-01-08 00:46:32','org','192.168.1.13',0),(47919,'/api/org/department/tree',-1,'获取部门/结构/网点','GET','parentId=-1&rnd=0.2235663080079895','2019-01-08 00:46:39','org','192.168.1.13',0),(47920,'/api/org/clause/search',-1,'管理办法搜索','GET','content=%E7%AC%AC%E4%B8%89%E5%8D%81&rnd=0.9839937445669393','2019-01-08 00:46:54','org','192.168.1.13',0),(47921,'/api/worker/file/upload',-1,'上传文件','POST','-','2019-01-08 00:47:01','worker','192.168.1.13',0),(47922,'/api/audit/draft/add',-1,'添加工作底稿','POST','-','2019-01-08 00:47:03','audit','192.168.1.13',0),(47923,'/api/audit/programme/select',-1,'获取审核方案选择列表','POST','-','2019-01-08 00:47:03','audit','192.168.1.13',0),(47924,'/api/audit/draft/list',-1,'获取工作底稿列表','POST','-','2019-01-08 00:47:04','audit','192.168.1.13',0),(47925,'/api/audit/programme/get',-1,'获取审核方案','GET','id=90&rnd=0.9903865894962398','2019-01-08 00:47:23','audit','192.168.1.13',0),(47926,'/api/org/user/list',-1,'获取人员列表','POST','-','2019-01-08 00:47:23','org','192.168.1.13',0),(47927,'/api/org/user/list',-1,'获取人员列表','POST','-','2019-01-08 00:47:23','org','192.168.1.13',0),(47928,'/api/org/user/list',-1,'获取人员列表','POST','-','2019-01-08 00:47:23','org','192.168.1.13',0),(47929,'/api/org/department/tree',-1,'获取部门/结构/网点','GET','parentId=-1&rnd=0.9987717758399759','2019-01-08 00:47:55','org','192.168.1.13',0),(47930,'/api/org/department/tree',-1,'获取部门/结构/网点','GET','parentId=1&rnd=0.8476501865148125','2019-01-08 00:47:57','org','192.168.1.13',0),(47931,'/api/org/department/tree',-1,'获取部门/结构/网点','GET','parentId=-1&rnd=0.7187220721208845','2019-01-08 00:48:05','org','192.168.1.13',0),(47932,'/api/org/department/tree',-1,'获取部门/结构/网点','GET','parentId=-1&rnd=0.17466708155389488','2019-01-08 00:48:10','org','192.168.1.13',0),(47933,'/api/org/department/tree',-1,'获取部门/结构/网点','GET','parentId=-1&rnd=0.9621464540877289','2019-01-08 00:48:15','org','192.168.1.13',0),(47934,'/api/org/clause/search',-1,'管理办法搜索','GET','content=%E7%AC%AC%E4%B8%83&rnd=0.7440376290461415','2019-01-08 00:48:32','org','192.168.1.13',0),(47935,'/api/worker/file/upload',-1,'上传文件','POST','-','2019-01-08 00:48:39','worker','192.168.1.13',0),(47936,'/api/audit/draft/add',-1,'添加工作底稿','POST','-','2019-01-08 00:48:41','audit','192.168.1.13',0),(47937,'/api/audit/programme/select',-1,'获取审核方案选择列表','POST','-','2019-01-08 00:48:41','audit','192.168.1.13',0),(47938,'/api/audit/draft/list',-1,'获取工作底稿列表','POST','-','2019-01-08 00:48:42','audit','192.168.1.13',0),(47939,'/api/org/user/list',-1,'获取人员列表','POST','-','2019-01-08 00:48:48','org','192.168.1.13',0),(47940,'/api/org/user/list',-1,'获取人员列表','POST','-','2019-01-08 00:48:48','org','192.168.1.13',0),(47941,'/api/audit/programme/get',-1,'获取审核方案','GET','id=90&rnd=0.9427339337439056','2019-01-08 00:48:48','audit','192.168.1.13',0),(47942,'/api/org/user/list',-1,'获取人员列表','POST','-','2019-01-08 00:48:48','org','192.168.1.13',0),(47943,'/api/org/department/tree',-1,'获取部门/结构/网点','GET','parentId=-1&rnd=0.6821723606054311','2019-01-08 00:49:15','org','192.168.1.13',0),(47944,'/api/org/department/tree',-1,'获取部门/结构/网点','GET','parentId=1&rnd=0.5416895444478165','2019-01-08 00:49:18','org','192.168.1.13',0),(47945,'/api/org/department/tree',-1,'获取部门/结构/网点','GET','parentId=-1&rnd=0.8200347439802846','2019-01-08 00:49:24','org','192.168.1.13',0),(47946,'/api/org/department/tree',-1,'获取部门/结构/网点','GET','parentId=-1&rnd=0.111975631759615','2019-01-08 00:49:30','org','192.168.1.13',0),(47947,'/api/org/department/tree',-1,'获取部门/结构/网点','GET','parentId=-1&rnd=0.8989001742641665','2019-01-08 00:49:39','org','192.168.1.13',0),(47948,'/api/org/clause/search',-1,'管理办法搜索','GET','content=%E7%AC%AC%E5%85%AB&rnd=0.7551999123984363','2019-01-08 00:50:44','org','192.168.1.13',0),(47949,'/api/worker/file/upload',-1,'上传文件','POST','-','2019-01-08 00:50:51','worker','192.168.1.13',0),(47950,'/api/audit/draft/add',-1,'添加工作底稿','POST','-','2019-01-08 00:50:53','audit','192.168.1.13',0),(47951,'/api/audit/programme/select',-1,'获取审核方案选择列表','POST','-','2019-01-08 00:50:53','audit','192.168.1.13',0),(47952,'/api/audit/draft/list',-1,'获取工作底稿列表','POST','-','2019-01-08 00:50:54','audit','192.168.1.13',0),(47953,'/api/audit/programme/get',-1,'获取审核方案','GET','id=90&rnd=0.9846397597791396','2019-01-08 00:51:05','audit','192.168.1.13',0),(47954,'/api/org/user/list',-1,'获取人员列表','POST','-','2019-01-08 00:51:05','org','192.168.1.13',0),(47955,'/api/org/user/list',-1,'获取人员列表','POST','-','2019-01-08 00:51:05','org','192.168.1.13',0),(47956,'/api/org/user/list',-1,'获取人员列表','POST','-','2019-01-08 00:51:05','org','192.168.1.13',0),(47957,'/api/org/department/tree',-1,'获取部门/结构/网点','GET','parentId=-1&rnd=0.9160883707726333','2019-01-08 00:51:32','org','192.168.1.13',0),(47958,'/api/org/department/tree',-1,'获取部门/结构/网点','GET','parentId=1&rnd=0.18724382173142007','2019-01-08 00:51:33','org','192.168.1.13',0),(47959,'/api/org/department/tree',-1,'获取部门/结构/网点','GET','parentId=-1&rnd=0.44344480812303066','2019-01-08 00:51:44','org','192.168.1.13',0),(47960,'/api/org/department/tree',-1,'获取部门/结构/网点','GET','parentId=1&rnd=0.6967820062688646','2019-01-08 00:51:49','org','192.168.1.13',0),(47961,'/api/org/user/list',-1,'获取人员列表','POST','-','2019-01-08 00:51:53','org','192.168.1.13',0),(47962,'/api/org/department/tree',-1,'获取部门/结构/网点','GET','parentId=-1&rnd=0.7562791479879885','2019-01-08 00:51:59','org','192.168.1.13',0),(47963,'/api/org/department/tree',-1,'获取部门/结构/网点','GET','parentId=-1&rnd=0.43367039723277623','2019-01-08 00:52:06','org','192.168.1.13',0),(47964,'/api/org/clause/search',-1,'管理办法搜索','GET','content=%E8%BF%9D%E8%A7%84&rnd=0.5040690683731497','2019-01-08 00:52:24','org','192.168.1.13',0),(47965,'/api/org/clause/search',-1,'管理办法搜索','GET','content=%E8%BF%9D%E8%A7%84&rnd=0.3995116678292865','2019-01-08 00:52:25','org','192.168.1.13',0),(47966,'/api/org/clause/search',-1,'管理办法搜索','GET','content=%E7%AC%AC%E4%BA%8C%E5%8D%81&rnd=0.9764203066265911','2019-01-08 00:52:29','org','192.168.1.13',0),(47967,'/api/worker/file/upload',-1,'上传文件','POST','-','2019-01-08 00:52:36','worker','192.168.1.13',0),(47968,'/api/audit/draft/add',-1,'添加工作底稿','POST','-','2019-01-08 00:52:41','audit','192.168.1.13',0),(47969,'/api/audit/programme/select',-1,'获取审核方案选择列表','POST','-','2019-01-08 00:52:41','audit','192.168.1.13',0),(47970,'/api/audit/draft/list',-1,'获取工作底稿列表','POST','-','2019-01-08 00:52:42','audit','192.168.1.13',0),(47971,'/api/org/user/list',-1,'获取人员列表','POST','-','2019-01-08 00:53:37','org','192.168.1.13',0),(47972,'/api/audit/programme/get',-1,'获取审核方案','GET','id=90&rnd=0.1676090569444606','2019-01-08 00:53:37','audit','192.168.1.13',0),(47973,'/api/org/user/list',-1,'获取人员列表','POST','-','2019-01-08 00:53:37','org','192.168.1.13',0),(47974,'/api/org/user/list',-1,'获取人员列表','POST','-','2019-01-08 00:53:37','org','192.168.1.13',0),(47975,'/api/org/department/tree',-1,'获取部门/结构/网点','GET','parentId=-1&rnd=0.6462760136376555','2019-01-08 00:55:17','org','192.168.1.13',0),(47976,'/api/org/department/tree',-1,'获取部门/结构/网点','GET','parentId=-1&rnd=0.5405750781947825','2019-01-08 00:55:33','org','192.168.1.13',0),(47977,'/api/org/department/tree',-1,'获取部门/结构/网点','GET','parentId=1&rnd=0.6669439070473686','2019-01-08 00:55:36','org','192.168.1.13',0),(47978,'/api/org/department/tree',-1,'获取部门/结构/网点','GET','parentId=-1&rnd=0.5619591411229199','2019-01-08 00:55:59','org','192.168.1.13',0),(47979,'/api/org/department/tree',-1,'获取部门/结构/网点','GET','parentId=-1&rnd=0.968538164564416','2019-01-08 00:56:06','org','192.168.1.13',0),(47980,'/api/org/clause/search',-1,'管理办法搜索','GET','content=%E7%AC%AC%E5%8D%81&rnd=0.37341486348318087','2019-01-08 00:56:32','org','192.168.1.13',0),(47981,'/api/worker/file/upload',-1,'上传文件','POST','-','2019-01-08 00:56:39','worker','192.168.1.13',0),(47982,'/api/audit/draft/add',-1,'添加工作底稿','POST','-','2019-01-08 00:56:41','audit','192.168.1.13',0),(47983,'/api/audit/programme/select',-1,'获取审核方案选择列表','POST','-','2019-01-08 00:56:41','audit','192.168.1.13',0),(47984,'/api/audit/draft/list',-1,'获取工作底稿列表','POST','-','2019-01-08 00:56:42','audit','192.168.1.13',0),(47985,'/api/audit/programme/get',-1,'获取审核方案','GET','id=81&rnd=0.32375288048636075','2019-01-08 00:56:57','audit','192.168.1.13',0),(47986,'/api/org/user/list',-1,'获取人员列表','POST','-','2019-01-08 00:56:57','org','192.168.1.13',0),(47987,'/api/org/user/list',-1,'获取人员列表','POST','-','2019-01-08 00:56:57','org','192.168.1.13',0),(47988,'/api/org/user/list',-1,'获取人员列表','POST','-','2019-01-08 00:56:57','org','192.168.1.13',0),(47989,'/api/org/department/tree',-1,'获取部门/结构/网点','GET','parentId=-1&rnd=0.5977394014028268','2019-01-08 00:57:23','org','192.168.1.13',0),(47990,'/api/org/department/tree',-1,'获取部门/结构/网点','GET','parentId=1&rnd=0.018807984085871476','2019-01-08 00:57:25','org','192.168.1.13',0),(47991,'/api/org/department/tree',-1,'获取部门/结构/网点','GET','parentId=-1&rnd=0.10854462826393352','2019-01-08 00:57:31','org','192.168.1.13',0),(47992,'/api/org/user/list',-1,'获取人员列表','POST','-','2019-01-08 00:57:36','org','192.168.1.13',0),(47993,'/api/org/department/tree',-1,'获取部门/结构/网点','GET','parentId=-1&rnd=0.10455460395661031','2019-01-08 00:57:43','org','192.168.1.13',0),(47994,'/api/org/user/list',-1,'获取人员列表','POST','-','2019-01-08 00:57:45','org','192.168.1.13',0),(47995,'/api/org/department/tree',-1,'获取部门/结构/网点','GET','parentId=-1&rnd=0.6129697855141603','2019-01-08 00:57:49','org','192.168.1.13',0),(47996,'/api/org/clause/search',-1,'管理办法搜索','GET','content=%E7%AC%AC%E4%B8%89&rnd=0.7396727087121755','2019-01-08 00:58:11','org','192.168.1.13',0),(47997,'/api/org/clause/search',-1,'管理办法搜索','GET','content=%E5%9C%B0%E5%B8%82&rnd=0.1305257401814568','2019-01-08 00:58:17','org','192.168.1.13',0),(47998,'/api/org/clause/search',-1,'管理办法搜索','GET','content=%E7%AC%AC%E5%8D%81&rnd=0.982350066643374','2019-01-08 00:58:23','org','192.168.1.13',0),(47999,'/api/worker/file/upload',-1,'上传文件','POST','-','2019-01-08 00:58:29','worker','192.168.1.13',0),(48000,'/api/audit/draft/add',-1,'添加工作底稿','POST','-','2019-01-08 00:58:31','audit','192.168.1.13',0),(48001,'/api/audit/programme/select',-1,'获取审核方案选择列表','POST','-','2019-01-08 00:58:31','audit','192.168.1.13',0),(48002,'/api/audit/draft/list',-1,'获取工作底稿列表','POST','-','2019-01-08 00:58:31','audit','192.168.1.13',0),(48003,'/api/audit/programme/get',-1,'获取审核方案','GET','id=81&rnd=0.6101016690545087','2019-01-08 00:58:51','audit','192.168.1.13',0),(48004,'/api/org/user/list',-1,'获取人员列表','POST','-','2019-01-08 00:58:51','org','192.168.1.13',0),(48005,'/api/org/user/list',-1,'获取人员列表','POST','-','2019-01-08 00:58:51','org','192.168.1.13',0),(48006,'/api/org/user/list',-1,'获取人员列表','POST','-','2019-01-08 00:58:51','org','192.168.1.13',0),(48007,'/api/org/department/tree',-1,'获取部门/结构/网点','GET','parentId=-1&rnd=0.8373733440735807','2019-01-08 00:59:12','org','192.168.1.13',0),(48008,'/api/org/department/tree',-1,'获取部门/结构/网点','GET','parentId=1&rnd=0.9718195420245999','2019-01-08 00:59:14','org','192.168.1.13',0),(48009,'/api/org/department/tree',-1,'获取部门/结构/网点','GET','parentId=-1&rnd=0.9608046274725286','2019-01-08 00:59:21','org','192.168.1.13',0),(48010,'/api/org/department/tree',-1,'获取部门/结构/网点','GET','parentId=-1&rnd=0.9824060216663455','2019-01-08 00:59:25','org','192.168.1.13',0),(48011,'/api/org/department/tree',-1,'获取部门/结构/网点','GET','parentId=-1&rnd=0.9469234105069497','2019-01-08 00:59:32','org','192.168.1.13',0),(48012,'/api/org/clause/search',-1,'管理办法搜索','GET','content=%E7%AC%AC%E4%B8%80&rnd=0.10662776794706241','2019-01-08 00:59:56','org','192.168.1.13',0),(48013,'/api/org/clause/search',-1,'管理办法搜索','GET','content=%E7%AC%AC%E4%BA%8C%E5%A4%A9&rnd=0.23958528283206326','2019-01-08 01:00:02','org','192.168.1.13',0),(48014,'/api/org/clause/search',-1,'管理办法搜索','GET','content=%E7%AC%AC%E4%BA%8C&rnd=0.14257602907163314','2019-01-08 01:00:03','org','192.168.1.13',0),(48015,'/api/worker/file/upload',-1,'上传文件','POST','-','2019-01-08 01:00:09','worker','192.168.1.13',0),(48016,'/api/audit/draft/add',-1,'添加工作底稿','POST','-','2019-01-08 01:00:11','audit','192.168.1.13',0),(48017,'/api/audit/programme/select',-1,'获取审核方案选择列表','POST','-','2019-01-08 01:00:11','audit','192.168.1.13',0),(48018,'/api/audit/draft/list',-1,'获取工作底稿列表','POST','-','2019-01-08 01:00:11','audit','192.168.1.13',0),(48019,'/api/audit/draft/list',2,'获取工作底稿列表','POST','-','2019-01-08 01:00:45','audit','192.168.1.20',0),(48020,'/api/audit/confirmation/list',2,'获取事实确认书列表','POST','-','2019-01-08 01:00:47','audit','192.168.1.20',0),(48021,'/api/audit/confirmation/list',2,'获取事实确认书列表','POST','-','2019-01-08 01:00:47','audit','192.168.1.20',0),(48022,'/api/audit/punishNotice/list',2,'获取惩罚通知书列表','POST','-','2019-01-08 01:00:49','audit','192.168.1.20',0),(48023,'/api/audit/punishNotice/list',2,'获取惩罚通知书列表','POST','-','2019-01-08 01:00:49','audit','192.168.1.20',0),(48024,'/api/audit/integral/list',2,'获取积分列表','POST','-','2019-01-08 01:00:50','audit','192.168.1.20',0),(48025,'/api/audit/integral/list',2,'获取积分列表','POST','-','2019-01-08 01:00:51','audit','192.168.1.20',0),(48026,'/api/audit/rectify/list',2,'获取整改通知列表','POST','-','2019-01-08 01:00:52','audit','192.168.1.20',0),(48027,'/api/audit/rectify/list',2,'获取整改通知列表','POST','-','2019-01-08 01:00:52','audit','192.168.1.20',0),(48028,'/api/audit/rectify/list',2,'获取整改通知列表','POST','-','2019-01-08 01:00:53','audit','192.168.1.20',0),(48029,'/api/audit/rectify/list',2,'获取整改通知列表','POST','-','2019-01-08 01:00:53','audit','192.168.1.20',0),(48030,'/api/audit/auditReport/list',2,'获取列表','POST','-','2019-01-08 01:00:55','audit','192.168.1.20',0),(48031,'/api/audit/auditReport/list',2,'获取列表','POST','-','2019-01-08 01:00:55','audit','192.168.1.20',0),(48032,'/api/audit/statistical/list',2,'获取统计分析列表','POST','-','2019-01-08 01:00:55','audit','192.168.1.20',0),(48033,'/api/audit/statistical/list',2,'获取统计分析列表','POST','-','2019-01-08 01:00:56','audit','192.168.1.20',0),(48034,'/api/audit/statistical/get',2,'获取统计分析','GET','id=5&rnd=0.8245567337749062','2019-01-08 01:00:56','audit','192.168.1.20',0),(48035,'/api/audit/statistical/list',2,'获取统计分析列表','POST','-','2019-01-08 01:00:59','audit','192.168.1.20',0);

/*Table structure for table `menu` */

DROP TABLE IF EXISTS `menu`;

CREATE TABLE `menu` (
  `id` int(11) NOT NULL AUTO_INCREMENT COMMENT '主键ID',
  `path` char(250) DEFAULT NULL COMMENT '路径',
  `name` char(250) DEFAULT NULL COMMENT '路由名称',
  `title` char(250) DEFAULT NULL COMMENT '名称',
  `icon` char(50) DEFAULT NULL COMMENT '图标',
  `no_cache` tinyint(1) NOT NULL DEFAULT '1' COMMENT '是否缓存',
  `parent_id` int(11) NOT NULL DEFAULT '-1' COMMENT '父级菜单',
  `has_child` tinyint(1) NOT NULL DEFAULT '0' COMMENT '是否有子菜单',
  `order` int(2) NOT NULL DEFAULT '0' COMMENT '排序',
  `is_use` tinyint(1) NOT NULL DEFAULT '0' COMMENT '是否启用（0禁用1启用）',
  `time` timestamp NOT NULL DEFAULT '0000-00-00 00:00:00' ON UPDATE CURRENT_TIMESTAMP COMMENT '更新日期',
  `delete` tinyint(1) NOT NULL DEFAULT '0' COMMENT '删除（0未删|1删除）',
  PRIMARY KEY (`id`)
) ENGINE=MyISAM AUTO_INCREMENT=28 DEFAULT CHARSET=utf8;

/*Data for the table `menu` */

insert  into `menu`(`id`,`path`,`name`,`title`,`icon`,`no_cache`,`parent_id`,`has_child`,`order`,`is_use`,`time`,`delete`) values (1,'','','','',1,-1,1,1,1,'2018-12-06 09:15:55',0),(2,'dashboard','Dashboard','dashboard','dashboard',1,1,0,1,1,'2019-01-06 16:37:51',0),(3,'/guide','','','',1,-1,1,2,1,'2018-12-06 09:17:06',0),(4,'index','Guide','guide','guide',1,3,0,1,1,'2019-01-06 16:54:08',0),(5,'/personal','','','',1,-1,1,3,1,'2018-12-06 09:18:09',0),(6,'index','Personal','personal','user',1,5,0,0,1,'2019-01-04 15:34:18',0),(7,'/organization','organization','organization','component',1,-1,1,4,1,'2018-12-06 09:20:43',0),(8,'notice','notice','notice','',1,7,0,1,1,'2019-01-06 16:41:06',0),(9,'departmentManagement','departmentManagement','departmentManagement','',1,7,0,2,1,'2018-12-06 09:21:31',0),(10,'personnelManagement','personnelManagement','personnelManagement','',1,7,0,3,1,'2019-01-05 10:26:15',0),(11,'managementMethods','managementMethods','managementMethods','',1,7,0,4,1,'2018-12-06 09:21:47',0),(12,'/audit','audit','audit','international',1,-1,1,5,1,'2018-12-06 09:22:10',0),(13,'workManuscript','workManuscript','workManuscript','',1,12,0,2,1,'2019-01-04 15:30:54',0),(14,'confirmation','confirmation','confirmation','',1,12,0,3,1,'2019-01-04 15:30:55',0),(15,'punishNotice','punishNotice','punishNotice','',1,12,0,4,1,'2019-01-04 15:30:56',0),(16,'integralTable','integralTable','integralTable','',1,12,0,5,1,'2019-01-04 15:30:56',0),(17,'statisticalAnalysis','statisticalAnalysis','statisticalAnalysis','',1,12,0,9,1,'2019-01-04 15:31:02',0),(18,'/system','system','system','example',1,-1,1,6,1,'2018-12-06 09:23:47',0),(19,'dictionaryManagement','dictionaryManagement','dictionaryManagement','',1,18,0,1,1,'2018-12-06 09:25:58',0),(20,'loginManagement','loginManagement','loginManagement','',1,18,0,2,1,'2018-12-06 09:26:06',0),(21,'menusManagement','menusManagement','menusManagement','',1,18,0,3,1,'2018-12-06 09:26:19',0),(22,'powerManagement','powerManagement','powerManagement','',1,18,0,4,1,'2018-12-06 09:26:27',0),(23,'systemLog','systemLog','systemLog','',1,18,0,5,1,'2018-12-06 09:26:33',0),(24,'auditPlan','auditPlan','auditPlan','',1,12,0,1,1,'2019-01-04 15:34:12',0),(25,'rectifyNotice','rectifyNotice','rectifyNotice','',1,12,0,6,1,'2019-01-04 15:34:04',0),(26,'rectifyReport','rectifyReport','rectifyReport','',1,12,0,7,1,'2019-01-04 15:34:06',0),(27,'auditReport','auditReport','auditReport','',1,12,0,8,1,'2019-01-04 15:34:08',0);

/*Table structure for table `notice` */

DROP TABLE IF EXISTS `notice`;

CREATE TABLE `notice` (
  `id` int(11) NOT NULL AUTO_INCREMENT COMMENT '公告ID',
  `department_id` int(11) NOT NULL COMMENT '机构ID',
  `title` char(100) DEFAULT NULL COMMENT '标题',
  `content` longtext COMMENT '公告内容',
  `time` timestamp NULL DEFAULT '0000-00-00 00:00:00' ON UPDATE CURRENT_TIMESTAMP COMMENT '发布时间',
  `range` enum('1','2') DEFAULT '1' COMMENT '通知范围（1所有部门，2指定部门）',
  `state` enum('draft','publish') DEFAULT 'draft' COMMENT '状态（draft草稿publish发布）',
  `delete` int(11) DEFAULT '0' COMMENT '删除（0未删1已删）',
  PRIMARY KEY (`id`,`department_id`)
) ENGINE=MyISAM AUTO_INCREMENT=217 DEFAULT CHARSET=utf8;

/*Data for the table `notice` */

insert  into `notice`(`id`,`department_id`,`title`,`content`,`time`,`range`,`state`,`delete`) values (18,1,'公告18','公告内容18','2018-12-25 14:02:02','2','publish',0),(45,1,'测试标题','<p>测试内容</p>','2018-11-30 09:59:30','1','draft',0),(47,1,'测试标题1','<p>这是测试内容</p>','2018-12-20 10:33:39','1','publish',0),(214,1,'企业所得税征收','<p>为认真落实国家税务总局关于《事业单位、社会团体、民办非企业单位企业所得税征收管理办法》，切实加强我省事业单位、社会团体、民办非企业单位的企业所得税征收管理工作，特通告如下：</p>\n<p>　　一、事业单位、社会团体、民办非企业单位以实行独立经济核算的单位（组织）为企业所得税纳税义务人。</p>\n<p>　　二、事业单位、社会团体、民办非企业单位的收入，除国务院或财政部、国家税务总局规定免征企业所得税的项目外，均应计入应纳税收入总额，依法计征企业所得税。</p>\n<p>　　三、事业单位、社会团体、民办非企业单位的下列收入免征企业所得税：财政拨款；经国务院及财政部批准设立和收取，并纳入财政预算管理或财政预算外资金专户管理的政府性基金、资金、附加收入；经国务院、省级人民政府批准，并纳入财政预算管理或财政预算外资金专户管理的行政事业性收费；经财政部核准不上交财政专户管理的预算外资金；事业单位从主管部门和上级单位取得的用于事业发展的专项补助收入；事业单位从其所属独立核算经营单位的税后利润中取得的收入；社会团体取得的各级政府资助；社会团体按照省级以上民政、财政部门规定收取的会费；社会各界的捐赠收入等。纳税人凡有免征企业所得税收入项目的，应根据税务机关要求带给有关证明资料，对未出具证明文件的收入，主管税务机关可不将其视为免税收入。</p>\n<p>　　四、事业单位、社会团体、民办非企业单位对与取得应税收入有关的支出项目和与免税收入有关的支出项目应分别核算。确实难以划分清楚的，经主管税务机关审核同意，采取分摊比例法的方法确定。对不按规定核算，又不能正确地申报按分摊比例法计算应纳税所得额的，主管税务机关有权根据有关法律、法规的规定核定其应纳税额。</p>\n<p>　　五、从事生产、经营和非专门从事生产、经营而有应税收入的事业单位、社会团体、民办非企业单位，凡是没有按照《中华人民共和国税收征收管理法》和《国家税务总局登记管理办法》向所在地税务机关申报办理税务登记的，应于本通告发布之日起30日内向主管税务机关办理税务登记，凡逾期不办税务登记的，依法处以二千元以下的罚款；情节严重的，依法处以2000元以上1万元以下的罚款。</p>\n<p>　　六、事业单位、社会团体、民办非企业单位在纳税年度内无论是否有应纳税所得额，都应当自觉按照规定期限和要求向主管税务机关报送纳税申报表和会计报表，凡未按照规定的期限办理纳税申报的，由主管税务机关责令限期改正，并依法处以2000元以下的罚款；逾期不改正的，依法处以2000元以上1万元以下的罚款。</p>\n<p>　　特此通告</p>','2019-01-07 17:05:13','1','draft',0),(213,1,'招录机关工作人员面试公告','<p>根据国家公务员录用有关规定和中国侨联招录计划，现将中国侨联20xx年招录机关工作人员面试工作有关事项公告如下：</p>\n<p>　　一、参加面试的人员</p>\n<p>　　xxx</p>\n<p>　　经济联络处职位最低分数线为114.4分；政策法规处职位最低分数线为122分。</p>\n<p>　　二、面试时间、地点</p>\n<p>　　20xx年x月x日上午8时30分在中国侨联机关办公楼(北京东城区北新桥三条甲一号)面试。请各位考生准时到达，迟到者视为自动放弃面试。</p>\n<p>　　三、面试注意事项</p>\n<p>　　1、参加面试人员须回复信箱xxx确认。</p>\n<p>　　2、参加面试人员须携带本人身份证、准考证原件、所在校园盖章的报名推荐表或所在单位出具的同意报考的证明，考生报名登记表1份，本人近期一、二吋免冠彩色照片各三张。缺少上述证件者，原则上不得参加面试。</p>\n<p>　　3、面试结束当晚确定参加体检人员，第二天进行体检。接到参加体检通知的人员，25日清晨不得进食、进水，持续空腹。体检结束后考生即可回到。</p>\n<p>　　4、考生食、宿、路费用自理。</p>\n<p>　　四、联系人和电话</p>\n<p>　　xxx</p>\n<p>　　xx组织人事部人事处</p>','2019-01-07 17:02:04','1','draft',0),(212,1,'第一届股东代表大会','<p>关于召开第一届股东代表大会的公告</p>\n<p>　　xx股份有限公司第一届二次股东代表大会（xx年年会）定于xx年xx月xx日上午9:00在xx股份有限公司召开，现将有关事项公告如下：</p>\n<p>　　一、会议主要议程</p>\n<p>　　１，审议透过董事会的工作报告。</p>\n<p>　　２，审议透过公司临事会的工作报告。</p>\n<p>　　３，审议公司xx年度财务决算和利润分配方案。</p>\n<p>　　４，其他有关事宜。</p>\n<p>　　二、出席会议股东资格</p>\n<p>　　持有本公司股权满5000股以上的股东，或委托满5000股以上的股东，均可出席本次大会。</p>\n<p>　　三、出席会议登记办法</p>\n<p>　　１，贴合出席会议股东资格的个人股东，请持本人身分证及持股单据办理登记手续。</p>\n<p>　　２，登记时间：xx年xx月xx日－xx月xx日。</p>\n<p>　　３，登记地点：xx股份有限公司二楼接待室。</p>\n<p>　　４，联系电话：xxxxxxxxxxxxxx。</p>\n<p>　　xx股份有限公司董事会</p>','2019-01-07 16:58:28','2','draft',0),(210,1,'测试','<p>测试</p>','2019-01-07 16:55:12','1','publish',0),(211,1,'春节放假通知','<p>关于元旦放假的通知<br />各位同仁：<br />　　20xx年1月1日&mdash;&mdash;元旦为国家法定假日，放假一天。<br />　　为便于各部门及早合理地安排节假日生产等有关工作，现将元旦放假调休日期具体安排通知如下：<br />　　200xx年12月30日&mdash;200xx年1月1日放假，共3天。其中，1月1日(星期二)为法定节假日，12月30日(星期日)为公休日，12月29日(星期六)公休日调至12月31日(星期一)，12月29日(星期六)上班。<br />　　节假日期间，各部门要认真做好各项工作：<br />　　(1)加强节日期间安全生产和其它工作领导，强化监督管理，落实各项安全措施，确保节日期间的安全生产。<br />　　(2)要做好节日期间的值班和安全保卫工作，严格值班制度，并要有领导带班、值班制度，值班人员要恪尽职守，遇到重大问题和紧急突发事件，要在第一时间向上级请示报告，妥善处理，不得延误。在新的一年到来之际确保过上一个欢乐、祥和的节日。<br />　　请各部门将节日值班表于12月29日前报公司办公室。<br />**有限责任公司<br />XXXX年XX月XX日</p>','2019-01-07 16:56:55','1','draft',0),(215,1,'关于规范教学区车辆行驶管理的通告','<p>为了加强教学区内车辆管理，维护教学区内良好交通秩序，为广大师生营造有序舒适的教学区环境，按照校园的有关要求将对所有驶入校园内车辆进行规范管理，有关事宜通知如下：</p>\n<p>　　1、外来车辆不得驶入教学区（以办公楼4号楼为界，4号楼以北为教学区，4号楼以南为生活区）。</p>\n<p>　　2、因工作需要或经校园允许驶入教学区的车辆应遵守：减速慢行，不得超速，禁止鸣笛，不得随意停放车辆。</p>\n<p>　　3、对于违反规定车辆予以警告或驱逐出校园。</p>\n<p>　　X校（印）</p>\n<p>　　****年**月**日</p>','2019-01-07 17:05:44','1','draft',0),(216,1,'关于加强机关值班、加强机关安全保卫工作的公告','<p>各乡镇党委、政府，县直各部、委、局、办、中心：</p>\n<p>　　时至年底，全县各种不稳定因素增加，治安形势比较严峻。加强值班工作，加强安全保卫工作显得尤为重要。然而，近一段时间以来，我县一些单位和乡镇在机关值班和安全保卫方面存在一些问题。有的单位平时不安排值班，公休日、节假日期间更是无人在岗，值班制度形同虚设；有的单位领导不带班，只有一般工作人员守摊子；还有的单位连值班室、值班电话都没有设立，有些单位和乡镇安全保卫工作制度不落实，管理松懈，导致发生入室盗窃等问题。针对这些状况，现就进一步加强值班、做好机关安全保卫工作提出如下要求：</p>\n<p>　　一、提高思想认识，加强组织领导。机关值班和安全保卫工作是各级机关搞好自身管理的重要组成部分，是维护机关工作秩序、持续上下联系畅通的必要保证，也关系到整体工作的大局。各级各部门必须要站在讲政治、讲大局、讲稳定的高度，充分认识加强机关值班和安全保卫工作的重要性，真正摆上重要位置，认真研究和及时解决工作中存在的问题。</p>\n<p>　　各级党政主要领导要高度重视，加强领导，督促检查。该投资的要舍得投资，经费缺乏的要增加经费，人员不足的要配齐配强。个性是对全体机关干部，要切实加强机关安全教育，牢固树立维护稳定意识和安全防范意识，坚决克服各种麻痹松懈倾向，坚定维护机关良好秩序和稳定局面。</p>\n<p>　　二、采取有效措施，落实完善制度。做好机关值班和安全保卫工作，务必配备好值班和安全保卫人员，认真完善和落实各项规章制度，加强管理和检查，构成制度化、经常化的防范机制。结合当前实际，全县各级机关务必做到以下两点：一是认真落实机关值班制度。县直机关和各乡镇机关要坚持实行常年值班制度，确保每一天24小时不间断有人值班，并要由一名班子成员带班。没有值班室、值班电话的要抓紧设立。对值班期间发生的重要状况和重大事件，要按照有关规定迅速上报，及时采取应对措施。二是加强安全保卫工作。各乡镇和县直各部门要建立健全机关安全保卫工作制度。凡是有机关大院的单位，都要确定专门的安全保卫人员，配齐配好必需的工作生活设施，加强巡逻，严明职责。个性是重点部门、要害部位要严防死守，确保万无一失。</p>\n<p>　　三、强化监督检查，严肃追究职责。从此刻起，无论是上班期间，还是公休日、节假日，县委、县政府将对值班和安全保卫工作采取电话检查、现场检查等方式进行定期不定期地督查。电话查岗时无人接听，一律视为无人值班；现场检查时要求值班人员在岗，各项制度健全。对措施落实不到位、不按时值班的单位要进行通报批评。对因误岗、漏岗、工作失误导致出现失盗失火、财物损坏、人身伤害事件的，将按照规定严肃追究有关人员与主要领导的职责。</p>\n<p>　　中共**县委办公室</p>\n<p>　　**县人民政府办公室</p>\n<p>　　年月日</p>','2019-01-07 17:06:28','2','draft',0);

/*Table structure for table `notice_file` */

DROP TABLE IF EXISTS `notice_file`;

CREATE TABLE `notice_file` (
  `id` int(11) NOT NULL AUTO_INCREMENT COMMENT '主键ID',
  `file_id` int(11) DEFAULT NULL COMMENT '通知附件ID',
  `notice_id` int(11) NOT NULL COMMENT '通知ID',
  `delete` tinyint(1) NOT NULL DEFAULT '0' COMMENT '删除（0未删|1已删）',
  PRIMARY KEY (`id`,`notice_id`)
) ENGINE=MyISAM AUTO_INCREMENT=56 DEFAULT CHARSET=utf8;

/*Data for the table `notice_file` */

insert  into `notice_file`(`id`,`file_id`,`notice_id`,`delete`) values (1,1,3,0),(2,2,3,0),(3,3,3,0),(4,1,4,0),(5,2,4,0),(6,3,4,0),(7,1,13,0),(8,2,13,0),(9,3,13,0),(10,1,14,0),(11,2,14,0),(12,3,14,0),(13,1,16,0),(14,2,16,0),(16,56,40,0),(17,57,40,0),(18,58,40,0),(19,56,41,0),(20,57,41,0),(21,58,41,0),(22,56,42,0),(23,57,42,0),(24,58,42,0),(25,59,43,0),(26,60,43,0),(29,61,18,0),(30,71,45,0),(31,72,45,0),(45,158,47,0),(44,146,47,0),(43,145,47,0),(47,514,207,0),(48,515,207,0),(49,516,207,0),(50,526,211,0),(51,527,212,0),(52,528,213,0),(53,529,214,0),(54,530,215,0),(55,531,216,0);

/*Table structure for table `notice_inform` */

DROP TABLE IF EXISTS `notice_inform`;

CREATE TABLE `notice_inform` (
  `id` int(11) NOT NULL AUTO_INCREMENT COMMENT '主键ID',
  `department_id` int(11) NOT NULL COMMENT '机构ID',
  `notice_id` int(11) NOT NULL COMMENT '公告ID',
  `delete` tinyint(1) NOT NULL DEFAULT '0' COMMENT '删除（0未删|1已删）',
  PRIMARY KEY (`id`,`notice_id`)
) ENGINE=MyISAM AUTO_INCREMENT=525 DEFAULT CHARSET=utf8;

/*Data for the table `notice_inform` */

insert  into `notice_inform`(`id`,`department_id`,`notice_id`,`delete`) values (1,1,3,0),(2,2,3,0),(3,3,3,0),(4,4,3,0),(5,1,4,0),(6,2,4,0),(7,3,4,0),(8,4,4,0),(9,2,13,0),(10,23,13,0),(11,5,13,0),(12,5,14,0),(512,5,18,0),(511,2,18,0),(510,1,18,0),(18,1,19,0),(22,1,20,0),(23,1,21,0),(24,1,22,0),(25,1,23,0),(26,1,24,0),(38,1,30,0),(37,1,29,0),(29,1,27,0),(39,1,40,0),(40,1,41,0),(41,1,42,0),(42,1,43,0),(52,1,50,0),(57,59,55,0),(58,62,56,0),(59,61,56,0),(60,60,56,0),(61,57,57,0),(62,67,57,0),(63,66,57,0),(64,65,57,0),(65,64,57,0),(66,63,57,0),(67,62,57,0),(68,61,57,0),(69,60,57,0),(70,59,57,0),(71,58,57,0),(514,67,206,0),(515,64,207,0),(516,64,208,0),(517,17,212,0),(518,18,212,0),(519,19,212,0),(520,9,216,0),(521,10,216,0),(522,13,216,0),(523,16,216,0),(524,18,216,0);

/*Table structure for table `programme` */

DROP TABLE IF EXISTS `programme`;

CREATE TABLE `programme` (
  `id` int(11) NOT NULL AUTO_INCREMENT COMMENT '方案ID',
  `title` char(200) DEFAULT NULL COMMENT '方案名称',
  `key` char(20) DEFAULT NULL COMMENT '方案分类',
  `query_department_id` int(11) NOT NULL DEFAULT '0' COMMENT '被稽核审计机构ID',
  `user_id` int(11) DEFAULT '0' COMMENT '创建方案的人员ID',
  `query_point_id` int(11) NOT NULL DEFAULT '0' COMMENT '被稽核审计网点ID',
  `purpose` varchar(500) DEFAULT NULL COMMENT '稽核目的',
  `type` char(20) DEFAULT NULL COMMENT '稽核审计方式',
  `start_time` timestamp NULL DEFAULT NULL COMMENT '稽核审计开始时间',
  `end_time` timestamp NULL DEFAULT NULL COMMENT '稽核审计结束时间',
  `plan_start_time` timestamp NULL DEFAULT NULL COMMENT '方案计划工作开始时间',
  `plan_end_time` timestamp NULL DEFAULT NULL COMMENT '方案计划工作结束时间',
  `update_time` timestamp NULL DEFAULT NULL COMMENT '更新时间',
  `state` enum('draft','report','dep_reject','dep_adopt','admin_reject','publish') NOT NULL DEFAULT 'draft' COMMENT '状态（draft草稿|report上报|publish发布|adopt通过|reject驳回【dep_部门负责人前缀|admin_分管领导前缀】）',
  `delete` tinyint(1) NOT NULL DEFAULT '0' COMMENT '删除（0未删|1已删）',
  PRIMARY KEY (`id`)
) ENGINE=InnoDB AUTO_INCREMENT=97 DEFAULT CHARSET=utf8;

/*Data for the table `programme` */

insert  into `programme`(`id`,`title`,`key`,`query_department_id`,`user_id`,`query_point_id`,`purpose`,`type`,`start_time`,`end_time`,`plan_start_time`,`plan_end_time`,`update_time`,`state`,`delete`) values (81,'XX省XX市XX银行2018年次级信贷业务审计','auditKey2',1,2,3,'对本行次级信贷业务的合法性、合理性发表审计意见，以评估本行的次级信贷风险.','auditType2','2018-10-10 10:10:10','2018-10-10 11:10:10','2018-10-12 10:10:10','2018-10-13 10:10:10','2019-01-07 22:35:44','publish',0),(82,'贵州省贵阳市市XX银行2017年次级信贷业务审计','auditKey2',1,2,3,'对本行次级信贷业务的合法性、合理性发表审计意见，以评估本行的次级信贷风险','auditType2','2018-10-10 10:10:10','2018-10-10 11:10:10','2018-10-12 10:10:10','2018-10-13 10:10:10','2019-01-07 19:34:52','draft',0),(88,'中国XX银行审计方案','auditKey2',1,2,3,'树立全面、协调、可持续的发展观，确保银行在整个国民经济中保持全面协调可持续发展。','auditType3','2018-10-10 10:10:10','2018-10-10 11:10:10','2018-10-12 10:10:10','2018-10-13 10:10:10','2019-01-07 19:23:44','draft',0),(90,'贵州省贵阳市市商业银行2018年次级信贷业务审计','auditKey1',0,0,0,'对本行次级信贷业务的合法性、合理性发表审计意见，以评估本行的次级信贷风险。','auditType2','2019-01-07 18:23:44','2019-01-08 00:00:00','2019-01-09 00:00:00','2019-01-10 00:00:00','2019-01-07 19:36:35','publish',0),(91,'2016年季度关于XX次级信贷业务审计','auditKey1',0,0,0,'对本行次级信贷业务的合法性、合理性发表审计意见，以评估本行的次级信贷风险。','auditType1','2019-01-07 20:08:42','2019-01-08 20:08:44','2019-01-30 00:00:00','2019-01-31 00:00:00','2019-01-07 20:10:03','draft',0),(92,'对于xx的季度审计','auditKey1',0,0,0,'对本行次级信贷业务的合法性、合理性发表审计意见，以评估本行的次级信贷风险。','auditType2','2019-01-01 00:00:00','2019-01-02 00:00:00','2019-01-29 00:00:00','2019-01-31 00:00:00','2019-01-07 20:12:14','report',0),(93,'关于xxx在2017季度xx的审计','auditKey1',0,0,0,'对本行次级信贷业务的合法性、合理性发表审计意见，以评估本行的次级信贷风险。','auditType2','2019-01-07 20:12:53','2019-01-09 00:00:00','2019-01-28 00:00:00','2019-01-30 00:00:00','2019-01-07 20:13:41','draft',0),(94,' 2015xx项目年度总结工作','auditKey1',0,0,0,'\n对本行次级信贷业务的合法性、合理性发表审计意见，以评估本行的次级信贷风险。','auditType2','2019-01-07 22:14:44','2019-01-08 00:00:00','2019-01-07 22:14:54','2019-01-08 00:00:00','2019-01-07 22:23:24','publish',0),(95,'针对xx2018审计','auditKey1',0,0,0,'对本行次级信贷业务的合法性、合理性发表审计意见，以评估本行的次级信贷风险。','auditType1','2019-01-07 22:17:13','2019-01-08 00:00:00','2019-01-07 22:17:26','2019-01-12 00:00:00','2019-01-07 22:19:46','draft',0),(96,'关于xxx第三次审计','auditKey1',0,0,0,'对本行次级信贷业务的合法性、合理性发表审计意见，以评估本行的次级信贷风险。','auditType2','2019-01-02 00:00:00','2019-01-15 00:00:00','2019-01-29 00:00:00','2019-01-31 00:00:00','2019-01-07 22:23:13','draft',0);

/*Table structure for table `programme_basis` */

DROP TABLE IF EXISTS `programme_basis`;

CREATE TABLE `programme_basis` (
  `id` int(11) NOT NULL AUTO_INCREMENT COMMENT '实施稽核的依据ID',
  `programme_id` int(11) NOT NULL DEFAULT '0' COMMENT '稽核方案ID',
  `clause_id` int(11) NOT NULL DEFAULT '0' COMMENT '管理办法ID',
  `content` char(250) DEFAULT NULL COMMENT '依据内容',
  `order` int(11) NOT NULL DEFAULT '0' COMMENT '排序序号',
  `delete` tinyint(1) NOT NULL DEFAULT '0' COMMENT '删除（0未删|1删除）',
  PRIMARY KEY (`id`)
) ENGINE=InnoDB AUTO_INCREMENT=163 DEFAULT CHARSET=utf8;

/*Data for the table `programme_basis` */

insert  into `programme_basis`(`id`,`programme_id`,`clause_id`,`content`,`order`,`delete`) values (146,81,1,'这是依据内容，自己填写的',1,0),(147,81,2,'安顺市信用合作联社员工 违规行为积分管理实施细则',2,0),(148,81,0,'普定县农村信用合作联社员工 违规行为积分管理实施细则',3,0),(149,82,1,'这是依据内容，自己填写的',1,0),(150,82,2,'安顺市信用合作联社员工 违规行为积分管理实施细则',2,0),(151,82,0,'普定县农村信用合作联社员工 违规行为积分管理实施细则',3,0),(152,88,1,'这是依据内容，自己填写的',1,0),(153,88,2,'安顺市信用合作联社员工 违规行为积分管理实施细则',2,0),(154,88,0,'普定县农村信用合作联社员工 违规行为积分管理实施细则',3,0),(155,90,0,'商业银行理财业务监督管理办法',1,0),(156,90,0,'中国人民银行规章制定程序与管理规定',2,0),(157,91,0,'中国人民银行规章制定程序与管理规定',1,0),(158,92,0,'中国人民银行规章制定程序与管理规定',1,0),(159,93,0,'中国人民银行规章制定程序与管理规定',1,0),(160,94,0,'中国人民银行规章制定程序与管理规定',1,0),(161,95,0,'中国人民银行规章制定程序与管理规定',1,0),(162,96,0,'中国人民银行规章制定程序与管理规定',1,0);

/*Table structure for table `programme_business` */

DROP TABLE IF EXISTS `programme_business`;

CREATE TABLE `programme_business` (
  `id` int(11) NOT NULL AUTO_INCREMENT COMMENT '工作方案业务范围ID',
  `programme_id` int(11) NOT NULL DEFAULT '0' COMMENT '稽核方案ID',
  `content` char(250) DEFAULT NULL COMMENT '内容',
  `order` int(11) NOT NULL DEFAULT '0' COMMENT '排序序号',
  `delete` tinyint(1) NOT NULL DEFAULT '0' COMMENT '删除（0未删|1删除）',
  PRIMARY KEY (`id`)
) ENGINE=InnoDB AUTO_INCREMENT=130 DEFAULT CHARSET=utf8;

/*Data for the table `programme_business` */

insert  into `programme_business`(`id`,`programme_id`,`content`,`order`,`delete`) values (117,81,'方案业务范围1',1,0),(118,81,'方案业务范围2',2,0),(119,82,'方案业务范围1',1,0),(120,82,'方案业务范围2',2,0),(121,88,'根据本行2002年度各支行的次级信贷业务情况、市分行内审部门人力资 　　源状况以及次级贷款等的综合考虑，市行内审小组拟对市分行01分行、04分行、08分行、12分行、13分行、14分行和16分行进行重点审计，采用就地审计的方式。与此同时，对未确定为重要审计领域的其它支行采用送达审计的方式。',1,0),(123,90,'根据本行2002年度各支行的次级信贷业务情况、市分行内审部门人力资 　　源状况以及次级贷款等的综合考虑，市行内审小组拟对市分行01分行、04分行、08分行、12分行、13分行、14分行和16分行进行重点审计，采用就地审计的方式。与此同时，对未确定为重要审计领域的其它支行采用送达审计的方式。',1,0),(124,91,' 根据本行2002年度各支行的次级信贷业务情况、市分行内审部门人力资 　　源状况以及次级贷款等的综合考虑，市行内审小组拟对市分行01分行、04分行、08分行、12分行、13分行、14分行和16分行进行重点审计，采用就地审计的方式。与此同时，对未确定为重要审计领域的其它支行采用送达审计的方式。',1,0),(125,92,'根据本行2002年度各支行的次级信贷业务情况、市分行内审部门人力资 　　源状况以及次级贷款等的综合考虑，市行内审小组拟对市分行01分行、04分行、08分行、12分行、13分行、14分行和16分行进行重点审计，采用就地审计的方式。与此同时，对未确定为重要审计领域的其它支行采用送达审计的方式。',1,0),(126,93,' 根据本行2002年度各支行的次级信贷业务情况、市分行内审部门人力资 　　源状况以及次级贷款等的综合考虑，市行内审小组拟对市分行01分行、04分行、08分行、12分行、13分行、14分行和16分行进行重点审计，采用就地审计的方式。与此同时，对未确定为重要审计领域的其它支行采用送达审计的方式。',1,0),(127,94,'根据本行2002年度各支行的次级信贷业务情况、市分行内审部门人力资 　　源状况以及次级贷款等的综合考虑，市行内审小组拟对市分行01分行、04分行、08分行、12分行、13分行、14分行和16分行进行重点审计，采用就地审计的方式。与此同时，对未确定为重要审计领域的其它支行采用送达审计的方式。',1,0),(128,95,'根据本行2002年度各支行的次级信贷业务情况、市分行内审部门人力资 　　源状况以及次级贷款等的综合考虑，市行内审小组拟对市分行01分行、04分行、08分行、12分行、13分行、14分行和16分行进行重点审计，采用就地审计的方式。与此同时，对未确定为重要审计领域的其它支行采用送达审计的方式。',1,0),(129,96,'根据本行2002年度各支行的次级信贷业务情况、市分行内审部门人力资 　　源状况以及次级贷款等的综合考虑，市行内审小组拟对市分行01分行、04分行、08分行、12分行、13分行、14分行和16分行进行重点审计，采用就地审计的方式。与此同时，对未确定为重要审计领域的其它支行采用送达审计的方式。',1,0);

/*Table structure for table `programme_content` */

DROP TABLE IF EXISTS `programme_content`;

CREATE TABLE `programme_content` (
  `id` int(11) NOT NULL AUTO_INCREMENT COMMENT '工作方案主要内容ID',
  `programme_id` int(11) NOT NULL DEFAULT '0' COMMENT '稽核方案ID',
  `content` varchar(500) DEFAULT NULL COMMENT '主要内容',
  `order` int(11) NOT NULL DEFAULT '0' COMMENT '排序序号',
  `delete` tinyint(1) NOT NULL DEFAULT '0' COMMENT '删除（0未除|1已删）',
  PRIMARY KEY (`id`)
) ENGINE=InnoDB AUTO_INCREMENT=142 DEFAULT CHARSET=utf8;

/*Data for the table `programme_content` */

insert  into `programme_content`(`id`,`programme_id`,`content`,`order`,`delete`) values (129,81,'这是方案主要内容1',1,0),(130,81,'这是方案主要内容2',2,0),(131,82,'这是方案主要内容1',1,0),(132,82,'这是方案主要内容2',2,0),(134,88,'即本次审计重要性标准为：人民币9000万元。采用就地审计的各分支行重要性标准根据准则，要求以上述重要性标准1/3-1/6把握，采用抽查与送达审计相结合的分支行重要性标准不得高于1500万元，全部调整事项应予汇总后编制未调整不符事项汇总表。对于采用抽查与送达审计相结合的分支行最终误差超过1500万元的要开展进一步审计程度，进行详细审计。',1,0),(135,90,'即本次审计重要性标准为：人民币9000万元。采用就地审计的各分支行重要性标准根据准则，要求以上述重要性标准1/3-1/6把握，采用抽查与送达审计相结合的分支行重要性标准不得高于1500万元，全部调整事项应予汇总后编制未调整不符事项汇总表。对于采用抽查与送达审计相结合的分支行最终误差超过1500万元的要开展进一步审计程度，进行详细审计。',1,0),(136,91,'即本次审计重要性标准为：人民币9000万元。采用就地审计的各分支行重要性标准根据准则，要求以上述重要性标准1/3-1/6把握，采用抽查与送达审计相结合的分支行重要性标准不得高于1500万元，全部调整事项应予汇总后编制未调整不符事项汇总表。对于采用抽查与送达审计相结合的分支行最终误差超过1500万元的要开展进一步审计程度，进行详细审计。',1,0),(137,92,'即本次审计重要性标准为：人民币9000万元。采用就地审计的各分支行重要性标准根据准则，要求以上述重要性标准1/3-1/6把握，采用抽查与送达审计相结合的分支行重要性标准不得高于1500万元，全部调整事项应予汇总后编制未调整不符事项汇总表。对于采用抽查与送达审计相结合的分支行最终误差超过1500万元的要开展进一步审计程度，进行详细审计。',1,0),(138,93,'即本次审计重要性标准为：人民币9000万元。采用就地审计的各分支行重要性标准根据准则，要求以上述重要性标准1/3-1/6把握，采用抽查与送达审计相结合的分支行重要性标准不得高于1500万元，全部调整事项应予汇总后编制未调整不符事项汇总表。对于采用抽查与送达审计相结合的分支行最终误差超过1500万元的要开展进一步审计程度，进行详细审计。 ',1,0),(139,94,'即本次审计重要性标准为：人民币9000万元。采用就地审计的各分支行重要性标准根据准则，要求以上述重要性标准1/3-1/6把握，采用抽查与送达审计相结合的分支行重要性标准不得高于1500万元，全部调整事项应予汇总后编制未调整不符事项汇总表。对于采用抽查与送达审计相结合的分支行最终误差超过1500万元的要开展进一步审计程度，进行详细审计。',1,0),(140,95,'即本次审计重要性标准为：人民币9000万元。采用就地审计的各分支行重要性标准根据准则，要求以上述重要性标准1/3-1/6把握，采用抽查与送达审计相结合的分支行重要性标准不得高于1500万元，全部调整事项应予汇总后编制未调整不符事项汇总表。对于采用抽查与送达审计相结合的分支行最终误差超过1500万元的要开展进一步审计程度，进行详细审计。',1,0),(141,96,'即本次审计重要性标准为：人民币9000万元。采用就地审计的各分支行重要性标准根据准则，要求以上述重要性标准1/3-1/6把握，采用抽查与送达审计相结合的分支行重要性标准不得高于1500万元，全部调整事项应予汇总后编制未调整不符事项汇总表。对于采用抽查与送达审计相结合的分支行最终误差超过1500万元的要开展进一步审计程度，进行详细审计。',1,0);

/*Table structure for table `programme_emphases` */

DROP TABLE IF EXISTS `programme_emphases`;

CREATE TABLE `programme_emphases` (
  `id` int(11) NOT NULL AUTO_INCREMENT COMMENT '工作方案重点ID',
  `programme_id` int(11) NOT NULL DEFAULT '0' COMMENT '稽核方案ID',
  `content` char(250) DEFAULT NULL COMMENT '内容',
  `order` int(11) NOT NULL DEFAULT '0' COMMENT '排序序号',
  `delete` tinyint(1) NOT NULL DEFAULT '0' COMMENT '删除（0未删|1删除）',
  PRIMARY KEY (`id`)
) ENGINE=InnoDB AUTO_INCREMENT=100 DEFAULT CHARSET=utf8;

/*Data for the table `programme_emphases` */

insert  into `programme_emphases`(`id`,`programme_id`,`content`,`order`,`delete`) values (87,81,'方案重点1',1,0),(88,81,'方案重点2',2,0),(89,82,'方案重点1',1,0),(90,82,'方案重点2',2,0),(91,88,'即本次审计重要性标准为：人民币9000万元。采用就地审计的各分支行重要性标准根据准则，要求以上述重要性标准1/3-1/6把握，采用抽查与送达审计相结合的分支行重要性标准不得高于1500万元，全部调整事项应予汇总后编制未调整不符事项汇总表。对于采用抽查与送达审计相结合的分支行最终误差超过1500万元的要开展进一步审计程度，进行详细审计。',1,0),(93,90,'本次审计根据以往我们对次级信贷业务内部控制了解及其对次级信贷业务的初步审阅，我们认为本次审计相对于上一年而言,信贷余额没有发生重大变化。因此，本次审计的重要性标准依据次级信贷的0.5%计算约为0.9亿元（即9000万元）作为本次审计的重要性标准,本次所有单独或汇总起来后对本行信贷业务产生重大影响的调整或重分类不超过上述标准。',1,0),(94,91,' 本次审计根据以往我们对次级信贷业务内部控制了解及其对次级信贷业务的初步审阅，我们认为本次审计相对于上一年而言,信贷余额没有发生重大变化。因此，本次审计的重要性标准依据次级信贷的0.5%计算约为0.9亿元（即9000万元）作为本次审计的重要性标准,本次所有单独或汇总起来后对本行信贷业务产生重大影响的调整或重分类不超过上述标准。',1,0),(95,92,'本次审计根据以往我们对次级信贷业务内部控制了解及其对次级信贷业务的初步审阅，我们认为本次审计相对于上一年而言,信贷余额没有发生重大变化。因此，本次审计的重要性标准依据次级信贷的0.5%计算约为0.9亿元（即9000万元）作为本次审计的重要性标准,本次所有单独或汇总起来后对本行信贷业务产生重大影响的调整或重分类不超过上述标准。',1,0),(96,93,'本次审计根据以往我们对次级信贷业务内部控制了解及其对次级信贷业务的初步审阅，我们认为本次审计相对于上一年而言,信贷余额没有发生重大变化。因此，本次审计的重要性标准依据次级信贷的0.5%计算约为0.9亿元（即9000万元）作为本次审计的重要性标准,本次所有单独或汇总起来后对本行信贷业务产生重大影响的调整或重分类不超过上述标准。',1,0),(97,94,'\n本次审计根据以往我们对次级信贷业务内部控制了解及其对次级信贷业务的初步审阅，我们认为本次审计相对于上一年而言,信贷余额没有发生重大变化。因此，本次审计的重要性标准依据次级信贷的0.5%计算约为0.9亿元（即9000万元）作为本次审计的重要性标准,本次所有单独或汇总起来后对本行信贷业务产生重大影响的调整或重分类不超过上述标准。',1,0),(98,95,'本次审计根据以往我们对次级信贷业务内部控制了解及其对次级信贷业务的初步审阅，我们认为本次审计相对于上一年而言,信贷余额没有发生重大变化。因此，本次审计的重要性标准依据次级信贷的0.5%计算约为0.9亿元（即9000万元）作为本次审计的重要性标准,本次所有单独或汇总起来后对本行信贷业务产生重大影响的调整或重分类不超过上述标准。',1,0),(99,96,'本次审计根据以往我们对次级信贷业务内部控制了解及其对次级信贷业务的初步审阅，我们认为本次审计相对于上一年而言,信贷余额没有发生重大变化。因此，本次审计的重要性标准依据次级信贷的0.5%计算约为0.9亿元（即9000万元）作为本次审计的重要性标准,本次所有单独或汇总起来后对本行信贷业务产生重大影响的调整或重分类不超过上述标准。',1,0);

/*Table structure for table `programme_examine_admin` */

DROP TABLE IF EXISTS `programme_examine_admin`;

CREATE TABLE `programme_examine_admin` (
  `id` int(11) NOT NULL AUTO_INCREMENT COMMENT '部门负责人审核ID',
  `programme_id` int(11) DEFAULT NULL COMMENT '方案ID',
  `user_id` int(11) DEFAULT NULL COMMENT '审核人ID',
  `content` varchar(500) DEFAULT NULL COMMENT '审核意见内容',
  `time` timestamp NOT NULL DEFAULT CURRENT_TIMESTAMP ON UPDATE CURRENT_TIMESTAMP COMMENT '审核时间',
  `state` char(20) NOT NULL DEFAULT 'reject' COMMENT '审核状态（reject驳回|adopt通过）',
  `file_id` int(11) DEFAULT NULL COMMENT '签名附件ID(未启用)',
  `delete` tinyint(1) NOT NULL DEFAULT '0' COMMENT '删除（0未删|1已删）',
  PRIMARY KEY (`id`)
) ENGINE=InnoDB AUTO_INCREMENT=7 DEFAULT CHARSET=utf8;

/*Data for the table `programme_examine_admin` */

insert  into `programme_examine_admin`(`id`,`programme_id`,`user_id`,`content`,`time`,`state`,`file_id`,`delete`) values (1,78,NULL,'没问题的','2018-12-28 10:31:32','adopt',NULL,0),(2,89,NULL,'','2019-01-03 15:10:32','adopt',NULL,0),(3,79,NULL,'通过','2019-01-07 17:22:24','adopt',NULL,0),(4,90,NULL,'可通过','2019-01-07 19:37:32','adopt',NULL,0),(5,94,NULL,'通过','2019-01-07 22:36:25','adopt',NULL,0),(6,81,NULL,'通过','2019-01-07 22:36:42','adopt',NULL,0);

/*Table structure for table `programme_examine_dep` */

DROP TABLE IF EXISTS `programme_examine_dep`;

CREATE TABLE `programme_examine_dep` (
  `id` int(11) NOT NULL AUTO_INCREMENT COMMENT '部门负责人审核ID',
  `programme_id` int(11) DEFAULT NULL COMMENT '方案ID',
  `user_id` int(11) DEFAULT NULL COMMENT '审核人ID',
  `content` varchar(500) DEFAULT NULL COMMENT '审核意见内容',
  `time` timestamp NOT NULL DEFAULT CURRENT_TIMESTAMP ON UPDATE CURRENT_TIMESTAMP COMMENT '审核时间',
  `state` char(20) NOT NULL DEFAULT 'reject' COMMENT '审核状态（reject驳回|adopt通过）',
  `file_id` int(11) DEFAULT NULL COMMENT '签名附件ID(未启用)',
  `delete` tinyint(1) NOT NULL DEFAULT '0' COMMENT '删除（0未删|1已删）',
  PRIMARY KEY (`id`)
) ENGINE=InnoDB AUTO_INCREMENT=7 DEFAULT CHARSET=utf8;

/*Data for the table `programme_examine_dep` */

insert  into `programme_examine_dep`(`id`,`programme_id`,`user_id`,`content`,`time`,`state`,`file_id`,`delete`) values (1,78,NULL,'好样的','2018-12-28 10:31:19','adopt',NULL,0),(2,89,NULL,'','2019-01-03 15:10:21','adopt',NULL,0),(3,79,NULL,'通过','2019-01-05 19:35:42','adopt',NULL,0),(4,90,NULL,'可通过','2019-01-07 19:37:23','adopt',NULL,0),(5,94,NULL,'通过','2019-01-07 22:36:14','adopt',NULL,0),(6,81,NULL,'通过','2019-01-07 22:36:34','adopt',NULL,0);

/*Table structure for table `programme_step` */

DROP TABLE IF EXISTS `programme_step`;

CREATE TABLE `programme_step` (
  `id` int(11) NOT NULL AUTO_INCREMENT COMMENT '审查方案实施步骤ID',
  `programme_id` int(11) NOT NULL DEFAULT '0' COMMENT '稽核方案ID',
  `type` enum('step','title','content') NOT NULL DEFAULT 'content' COMMENT '类型（step步骤|title标题|content内容）',
  `content` varchar(500) DEFAULT NULL COMMENT '内容',
  `order` int(11) NOT NULL DEFAULT '0' COMMENT '排序序号',
  `delete` tinyint(1) NOT NULL DEFAULT '0' COMMENT '删除（0未删|1删除）',
  PRIMARY KEY (`id`)
) ENGINE=InnoDB AUTO_INCREMENT=265 DEFAULT CHARSET=utf8;

/*Data for the table `programme_step` */

insert  into `programme_step`(`id`,`programme_id`,`type`,`content`,`order`,`delete`) values (188,90,'step','步骤1-1-1',3,0),(191,90,'step','步骤2-1-1',6,0),(194,90,'step','实施内容3-1-1',9,0),(207,88,'title','这是方案实施步骤标题1',1,0),(208,88,'content','这是方案实施步骤内容1',2,0),(209,88,'content','这是方案实施步骤内容2',3,0),(219,82,'title','这是方案实施步骤标题1',1,0),(220,82,'content','这是方案实施步骤内容1',2,0),(221,82,'content','这是方案实施步骤内容2',3,0),(228,81,'title','这是方案实施步骤标题1',1,1),(229,81,'content','这是方案实施步骤内容1',2,1),(230,81,'content','这是方案实施步骤内容2',3,1),(231,90,'title','实施步骤一',1,0),(232,90,'content','步骤内容1-1',2,0),(233,90,'title','实施步骤二',4,0),(234,90,'content','实施内容2-1',5,0),(235,90,'title','实施步骤三',7,0),(236,90,'content','实施内容3-1',8,0),(237,91,'title','实施步骤1',1,0),(238,91,'content','内容1',2,0),(239,91,'step','步骤1',3,0),(242,92,'step','步骤1',3,0),(243,92,'title','步骤标题1',1,0),(244,92,'content','步骤内容1',2,0),(245,93,'title','步骤标题',1,0),(246,93,'content','步骤内容',2,0),(247,93,'step','步骤',3,0),(248,94,'title','步骤标题',1,1),(249,94,'content','步骤内容',2,1),(250,94,'step','步骤',3,0),(251,95,'title','实施步骤',1,0),(252,95,'content','步骤内容',2,0),(253,95,'step','步骤',3,0),(254,96,'title','实施步骤',1,0),(255,96,'content','步骤内容',2,0),(256,96,'step','步骤',3,0),(257,96,'title','实施步骤',4,0),(258,96,'content','步骤内容',5,0),(259,96,'step','步骤',6,0),(260,94,'title','步骤标题',1,0),(261,94,'content','步骤内容',2,0),(262,81,'title','这是方案实施步骤标题1',1,0),(263,81,'content','这是方案实施步骤内容1',2,0),(264,81,'content','这是方案实施步骤内容2',3,0);

/*Table structure for table `programme_user` */

DROP TABLE IF EXISTS `programme_user`;

CREATE TABLE `programme_user` (
  `id` int(11) NOT NULL AUTO_INCREMENT COMMENT '工作方案主要内容ID',
  `programme_id` int(11) NOT NULL DEFAULT '0' COMMENT '稽核方案ID',
  `user_id` int(11) NOT NULL DEFAULT '0' COMMENT '员工ID',
  `job` char(20) NOT NULL DEFAULT '-' COMMENT '员工行政职务',
  `title` char(20) NOT NULL DEFAULT '-' COMMENT '员工技术职称',
  `task` varchar(500) DEFAULT NULL COMMENT '员工分工',
  `order` int(11) NOT NULL DEFAULT '0' COMMENT '排序序号',
  `delete` tinyint(1) NOT NULL DEFAULT '0' COMMENT '删除（0未除|1已删）',
  PRIMARY KEY (`id`)
) ENGINE=InnoDB AUTO_INCREMENT=144 DEFAULT CHARSET=utf8;

/*Data for the table `programme_user` */

insert  into `programme_user`(`id`,`programme_id`,`user_id`,`job`,`title`,`task`,`order`,`delete`) values (122,81,1,'人员职务1','人员技术职称1','员工分工1',1,0),(123,81,2,'人员职务2','人员技术职称2','员工分工2',2,0),(124,82,1,'人员职务1','人员技术职称1','员工分工1',1,0),(125,82,2,'人员职务2','人员技术职称2','员工分工2',2,0),(131,88,47,'人员职务1','人员技术职称1','员工分工1',1,0),(132,88,46,'人员职务2','人员技术职称2','员工分工2',2,0),(134,90,41,'userJob2','userTitle3','auditTask3',1,0),(135,90,43,'userJob1','userTitle2','auditTask1',2,0),(136,90,46,'userJob1','userTitle2','auditTask2',3,0),(137,91,40,'userJob2','userTitle3','auditTask1',1,0),(138,92,46,'userJob2','userTitle3','auditTask3',1,0),(139,93,43,'userJob1','userTitle3','auditTask2',1,0),(140,94,47,'userJob2','userTitle3','auditTask2',1,0),(141,94,44,'userJob1','userTitle3','auditTask2',2,0),(142,95,42,'userJob2','userTitle2','auditTask3',1,0),(143,96,37,'userJob1','userTitle3','auditTask2',1,0);

/*Table structure for table `punish_notice` */

DROP TABLE IF EXISTS `punish_notice`;

CREATE TABLE `punish_notice` (
  `id` int(11) NOT NULL AUTO_INCREMENT COMMENT '处罚通知ID',
  `confirmation_id` int(11) NOT NULL DEFAULT '0' COMMENT '确认书ID',
  `draft_id` int(11) NOT NULL DEFAULT '0' COMMENT '工作底稿ID',
  `user_id` int(11) NOT NULL DEFAULT '0' COMMENT '被惩罚人ID',
  `number` char(50) DEFAULT NULL COMMENT '文件号',
  `time` timestamp NULL DEFAULT NULL COMMENT '生成时间',
  `state` enum('draft','jh_draft','jh_publish','ld_draft','ld_publish','bgs_draft','publish') NOT NULL DEFAULT 'draft' COMMENT '状态（draft草稿|publish发布）',
  `update_timw` timestamp NULL DEFAULT NULL COMMENT '更新时间',
  `delete` tinyint(1) NOT NULL DEFAULT '0' COMMENT '删除（0未删|1删除）',
  PRIMARY KEY (`id`)
) ENGINE=InnoDB AUTO_INCREMENT=23 DEFAULT CHARSET=utf8;

/*Data for the table `punish_notice` */

insert  into `punish_notice`(`id`,`confirmation_id`,`draft_id`,`user_id`,`number`,`time`,`state`,`update_timw`,`delete`) values (19,21,95,46,'1023','2019-01-08 00:13:24','publish',NULL,0),(20,22,96,28,NULL,'2019-01-08 00:21:04','draft',NULL,0),(21,23,97,47,NULL,'2019-01-08 00:24:06','draft',NULL,0),(22,24,98,46,NULL,'2019-01-08 00:27:56','draft',NULL,0);

/*Table structure for table `punish_notice_behavior` */

DROP TABLE IF EXISTS `punish_notice_behavior`;

CREATE TABLE `punish_notice_behavior` (
  `id` int(11) NOT NULL AUTO_INCREMENT COMMENT '违规行为ID',
  `punish_notice_id` int(11) NOT NULL DEFAULT '0' COMMENT '惩罚通知ID',
  `user_id` int(11) NOT NULL DEFAULT '0' COMMENT '记录人ID',
  `behavior_id` int(11) DEFAULT NULL COMMENT '违规行为ID',
  `content` char(250) DEFAULT NULL COMMENT '违规行为内容',
  `update_time` timestamp NULL DEFAULT NULL COMMENT '填写时间',
  `delete` tinyint(1) NOT NULL DEFAULT '0' COMMENT '删除（0未删|1删除）',
  PRIMARY KEY (`id`)
) ENGINE=InnoDB AUTO_INCREMENT=17 DEFAULT CHARSET=utf8;

/*Data for the table `punish_notice_behavior` */

insert  into `punish_notice_behavior`(`id`,`punish_notice_id`,`user_id`,`behavior_id`,`content`,`update_time`,`delete`) values (16,19,2,0,'违规行为','2019-01-08 00:13:54',0);

/*Table structure for table `punish_notice_score` */

DROP TABLE IF EXISTS `punish_notice_score`;

CREATE TABLE `punish_notice_score` (
  `id` int(11) NOT NULL AUTO_INCREMENT COMMENT '处罚分数ID',
  `cognizance_user_id` int(11) NOT NULL DEFAULT '0' COMMENT '处罚人员ID',
  `punish_notice_id` int(11) NOT NULL DEFAULT '0' COMMENT '处罚通知ID',
  `score` int(5) NOT NULL DEFAULT '0' COMMENT '处罚分数(填写的数*1000保存)',
  `update_time` timestamp NULL DEFAULT NULL COMMENT '处罚时间',
  `delete` tinyint(1) NOT NULL DEFAULT '0' COMMENT '删除（0未删|1删除）',
  PRIMARY KEY (`id`)
) ENGINE=InnoDB AUTO_INCREMENT=20 DEFAULT CHARSET=utf8;

/*Data for the table `punish_notice_score` */

insert  into `punish_notice_score`(`id`,`cognizance_user_id`,`punish_notice_id`,`score`,`update_time`,`delete`) values (19,2,19,4000,'2019-01-08 00:14:01',0);

/*Table structure for table `rbac` */

DROP TABLE IF EXISTS `rbac`;

CREATE TABLE `rbac` (
  `rid` int(11) NOT NULL AUTO_INCREMENT COMMENT '权限主键ID',
  `key` char(20) NOT NULL DEFAULT '-' COMMENT '角色key（字典）',
  `menu_id` int(11) NOT NULL DEFAULT '0' COMMENT '菜单ID',
  `is_read` tinyint(1) NOT NULL DEFAULT '0' COMMENT '是否可读',
  `is_write` tinyint(1) NOT NULL DEFAULT '0' COMMENT '是否可写',
  `delete` tinyint(1) NOT NULL DEFAULT '0' COMMENT '删除（0未删|1已删）',
  PRIMARY KEY (`rid`)
) ENGINE=MyISAM AUTO_INCREMENT=668 DEFAULT CHARSET=utf8;

/*Data for the table `rbac` */

insert  into `rbac`(`rid`,`key`,`menu_id`,`is_read`,`is_write`,`delete`) values (643,'staff',23,1,0,0),(642,'staff',22,1,0,0),(641,'staff',21,1,0,0),(640,'staff',20,1,0,0),(639,'staff',19,1,0,0),(638,'staff',18,1,0,0),(637,'staff',27,1,1,0),(636,'staff',26,1,1,0),(635,'staff',25,1,0,0),(634,'staff',24,1,0,0),(633,'staff',17,1,0,0),(632,'staff',16,1,0,0),(631,'staff',15,1,0,0),(630,'staff',14,1,0,0),(667,'management',23,1,1,0),(666,'management',22,1,1,0),(665,'management',21,1,1,0),(664,'management',20,1,1,0),(663,'management',19,1,1,0),(662,'management',18,1,1,0),(661,'management',27,1,1,0),(660,'management',26,1,1,0),(659,'management',25,1,1,0),(658,'management',24,1,1,0),(657,'management',17,1,1,0),(656,'management',16,1,1,0),(655,'management',15,1,1,0),(654,'management',14,1,1,0),(653,'management',13,1,1,0),(652,'management',12,1,1,0),(651,'management',11,1,1,0),(650,'management',10,1,1,0),(649,'management',9,1,1,0),(648,'management',8,1,1,0),(647,'management',7,1,1,0),(646,'management',5,1,1,0),(645,'management',3,1,1,0),(571,'admin',23,1,1,0),(570,'admin',22,1,1,0),(569,'admin',21,1,1,0),(568,'admin',20,1,1,0),(567,'admin',19,1,1,0),(566,'admin',18,1,1,0),(565,'admin',27,1,1,0),(564,'admin',26,1,1,0),(563,'admin',25,1,1,0),(562,'admin',24,1,1,0),(561,'admin',17,1,1,0),(560,'admin',16,1,1,0),(559,'admin',15,1,1,0),(558,'admin',14,1,1,0),(557,'admin',13,1,1,0),(556,'admin',12,1,1,0),(555,'admin',11,1,1,0),(554,'admin',10,1,1,0),(553,'admin',9,1,1,0),(552,'admin',8,1,1,0),(551,'admin',7,1,1,0),(550,'admin',5,1,1,0),(549,'admin',3,1,1,0),(629,'staff',13,1,1,0),(628,'staff',12,1,0,0),(627,'staff',11,1,0,0),(626,'staff',10,1,0,0),(625,'staff',9,1,0,0),(624,'staff',8,1,0,0),(623,'staff',7,1,0,0),(622,'staff',5,1,0,0),(621,'staff',3,1,0,0),(548,'admin',1,1,1,0),(644,'management',1,1,1,0),(620,'staff',1,1,0,0);

/*Table structure for table `rectify` */

DROP TABLE IF EXISTS `rectify`;

CREATE TABLE `rectify` (
  `id` int(11) NOT NULL AUTO_INCREMENT COMMENT '整改通知主键ID',
  `draft_id` int(11) NOT NULL DEFAULT '0' COMMENT '工作底稿ID',
  `confirmation_id` int(11) NOT NULL DEFAULT '0' COMMENT '事实确认书ID',
  `suggest` varchar(10000) DEFAULT NULL COMMENT '整改建议或意见',
  `user_id` int(11) NOT NULL DEFAULT '0' COMMENT '签署人ID',
  `update_time` timestamp NULL DEFAULT NULL COMMENT '更新日期',
  `state` enum('draft','publish') NOT NULL DEFAULT 'draft' COMMENT '状态（draft草稿|publish发布）',
  `delete` tinyint(1) NOT NULL DEFAULT '0' COMMENT '删除（0未删|1删除）',
  PRIMARY KEY (`id`)
) ENGINE=InnoDB AUTO_INCREMENT=24 DEFAULT CHARSET=utf8;

/*Data for the table `rectify` */

insert  into `rectify`(`id`,`draft_id`,`confirmation_id`,`suggest`,`user_id`,`update_time`,`state`,`delete`) values (20,95,21,'意见',2,'2019-01-08 00:15:50','publish',0),(21,96,22,NULL,0,NULL,'draft',0),(22,97,23,NULL,0,NULL,'draft',0),(23,98,24,NULL,0,NULL,'draft',0);

/*Table structure for table `rectify_report` */

DROP TABLE IF EXISTS `rectify_report`;

CREATE TABLE `rectify_report` (
  `id` int(11) NOT NULL AUTO_INCREMENT COMMENT '整改报告ID',
  `rectify_id` int(11) NOT NULL DEFAULT '0' COMMENT '整改通知ID',
  `state` enum('draft','publish') NOT NULL DEFAULT 'draft' COMMENT '状态（draft草稿|publish发布）',
  `update_time` datetime DEFAULT NULL COMMENT '更新时间',
  `delete` tinyint(1) NOT NULL DEFAULT '0' COMMENT '删除（0未删|1已删）',
  PRIMARY KEY (`id`)
) ENGINE=InnoDB AUTO_INCREMENT=50 DEFAULT CHARSET=utf8;

/*Data for the table `rectify_report` */

insert  into `rectify_report`(`id`,`rectify_id`,`state`,`update_time`,`delete`) values (49,20,'publish','2019-01-08 00:16:09',0);

/*Table structure for table `rectify_report_content` */

DROP TABLE IF EXISTS `rectify_report_content`;

CREATE TABLE `rectify_report_content` (
  `id` int(11) NOT NULL AUTO_INCREMENT COMMENT '整改详情ID',
  `rectify_report_id` int(11) NOT NULL DEFAULT '0' COMMENT '整改报告ID',
  `draft_content_id` int(11) NOT NULL DEFAULT '0' COMMENT '工作底稿违规内容ID',
  `content` varchar(500) DEFAULT NULL COMMENT '整改详情',
  `delete` tinyint(1) NOT NULL DEFAULT '0' COMMENT '删除（0未删|1已删）',
  PRIMARY KEY (`id`)
) ENGINE=InnoDB AUTO_INCREMENT=94 DEFAULT CHARSET=utf8;

/*Data for the table `rectify_report_content` */

insert  into `rectify_report_content`(`id`,`rectify_report_id`,`draft_content_id`,`content`,`delete`) values (93,49,273,'条法司在公开征求意见前，应当充分评估舆情风险，做好宣传引导和应急处置预案。',0);

/*Table structure for table `rectify_report_file` */

DROP TABLE IF EXISTS `rectify_report_file`;

CREATE TABLE `rectify_report_file` (
  `id` int(11) NOT NULL AUTO_INCREMENT COMMENT '整改附件ID',
  `file_id` int(11) NOT NULL DEFAULT '0' COMMENT '附件ID',
  `rectify_report_id` int(11) NOT NULL DEFAULT '0' COMMENT '整改报告ID',
  `delete` tinyint(1) NOT NULL DEFAULT '0' COMMENT '删除（0未删|1已删）',
  PRIMARY KEY (`id`)
) ENGINE=InnoDB AUTO_INCREMENT=47 DEFAULT CHARSET=utf8;

/*Data for the table `rectify_report_file` */

insert  into `rectify_report_file`(`id`,`file_id`,`rectify_report_id`,`delete`) values (46,590,49,0);

/*Table structure for table `user_job` */

DROP TABLE IF EXISTS `user_job`;

CREATE TABLE `user_job` (
  `id` int(11) NOT NULL AUTO_INCREMENT COMMENT '主键ID',
  `user_id` int(11) DEFAULT NULL COMMENT '人员ID',
  `job` char(20) DEFAULT NULL COMMENT '岗位',
  `delete` tinyint(1) NOT NULL DEFAULT '0' COMMENT '删除（0未删|1已删）',
  PRIMARY KEY (`id`)
) ENGINE=MyISAM DEFAULT CHARSET=utf8;

/*Data for the table `user_job` */

/*Table structure for table `users` */

DROP TABLE IF EXISTS `users`;

CREATE TABLE `users` (
  `user_id` int(11) NOT NULL AUTO_INCREMENT COMMENT '人员ID',
  `department_id` int(11) NOT NULL DEFAULT '0' COMMENT '部门ID',
  `user_name` char(50) DEFAULT NULL COMMENT '姓名',
  `user_code` char(30) NOT NULL COMMENT '员工号',
  `class` char(20) DEFAULT NULL COMMENT '民族',
  `sex` enum('0','1','2') NOT NULL DEFAULT '0' COMMENT '性别（0保密1女2男）',
  `phone` char(20) DEFAULT NULL COMMENT '联系方式',
  `id_card` char(18) DEFAULT NULL COMMENT '身份证',
  `portrait_id` int(11) NOT NULL DEFAULT '0' COMMENT '头像ID',
  `update_time` timestamp NOT NULL DEFAULT '0000-00-00 00:00:00' COMMENT '更新时间',
  `delete` tinyint(1) NOT NULL DEFAULT '0' COMMENT '是否删除',
  PRIMARY KEY (`user_id`)
) ENGINE=InnoDB AUTO_INCREMENT=56 DEFAULT CHARSET=utf8;

/*Data for the table `users` */

insert  into `users`(`user_id`,`department_id`,`user_name`,`user_code`,`class`,`sex`,`phone`,`id_card`,`portrait_id`,`update_time`,`delete`) values (-1,1,'超级管理员','admin','汉','0','18153100614','522623199706141234',0,'2019-01-07 18:38:53',0),(1,1,'周明','10001','汉','1','18396231756','522623199203165416',0,'2019-01-07 18:39:57',0),(2,1,'王哲','10002','汉','0','18564821456','522178199002051234',523,'2019-01-07 18:39:50',0),(11,1,'张美丽','10086','苗','1','17596321569','5654132156415648',0,'2019-01-07 18:40:34',0),(13,1,'张国荣','10234','汉','0','15326485962','5649825134546147',0,'2019-01-07 18:40:52',0),(14,1,'梁朝伟','10023146','汉','0','17895623156','56484131841114723',0,'2019-01-07 18:41:07',0),(15,1,'刘德华','561641','汉','0','15789364852','62241461386995252',0,'2019-01-07 18:41:23',0),(16,17,'张学友','2131446','汉','0','14526351876','318656461315941',0,'2019-01-07 18:41:41',0),(22,8,'扬场','1234567','汉','1','17569853698','566326177813254952',0,'2019-01-07 18:42:28',0),(24,20,'赵总','123456789','汉','1','17598632564','522632199201235623',0,'2019-01-07 18:42:39',0),(25,20,'钱总','123456712','苗','1','145789632145','522632166503121562',0,'2019-01-07 18:42:52',0),(26,19,'孙小','123456711','汉','1','14758263128','522632199305125612',0,'2019-01-07 18:43:02',0),(27,19,'孙大','12345712','汉','1','14778963214','522632199412123256',0,'2019-01-07 18:43:13',0),(28,18,'李一','12345678913','汉','1','16845682654','522623199810233265',0,'2019-01-07 18:36:53',0),(29,17,'李谋','1234567814','汉','0','18136529856','522622199412035612',0,'2019-01-07 18:38:06',0),(30,16,'张索','123456715','汉','1','16359683693','52262319913215',0,'2019-01-07 18:37:58',0),(31,15,'张阿基','123456716','苗','0','17456982365','522136199406125612',0,'2019-01-07 18:37:49',0),(32,14,'王业务','123456717','苗','0','13566984562','536123199703211235',0,'2019-01-07 18:37:37',0),(33,13,'王子','123456718','汉','0','15369853547','522623199712023265',0,'2019-01-07 18:37:28',0),(34,12,'张方','123456719','苗','1','13699443056','522123198656185920',0,'2019-01-07 18:37:19',0),(35,11,'吴还','123456720','汉','0','18398531699','522631199506042356',0,'2019-01-07 18:37:07',0),(36,10,'柳是','123456721','苗','1','13699882034','522613199203215214',0,'2019-01-07 18:36:40',0),(37,9,'韩信原','123456723','汉','1','18795368945','522613199602031324',0,'2019-01-07 18:36:27',0),(38,8,'袁承','123456724','汉','0','16965892365','532412199002305321',0,'2019-01-07 18:36:13',0),(39,7,'焦恩','3215642','汉','1','13145686592','563145199202151235',0,'2019-01-07 18:36:03',0),(40,6,'夏洛克','132456700','汉','0','18562345618','563145199202151265',0,'2019-01-07 18:35:21',0),(41,5,'赵三','231546712','汉','0','17856489632','563145199502151355',0,'2019-01-07 18:35:10',0),(42,4,'吴小二','123654891','汉','0','15789562365','563145196502151235',0,'2019-01-07 18:34:59',0),(43,3,'李玉','136448132','汉','1','13256412356','563145199202153235',0,'2019-01-07 18:34:48',0),(44,2,'柳永','123246542','汉','0','19865326485','513145199202151935',0,'2019-01-07 18:34:35',0),(45,2,'张有','156237891','土家','1','16235674856','563145199202024568',0,'2019-01-07 18:34:25',0),(46,2,'王右','326541523','汉','1','13156237895','564163196909291236',0,'2019-01-07 18:34:16',0),(47,1,'周润发','1236548532','汉','0','18153648962','532463195008243256',0,'2019-01-07 18:33:13',0),(48,-1,'测试1','123456793','汉','0','12345678911','1234567889xx',0,'2019-01-07 23:24:55',1),(49,-1,'测试2','123456790','汉','1','12345678912','1234567890xx',0,'2019-01-07 23:24:55',1),(50,-1,'测试3','123456791','汉','','12345678913','1234567891xx',0,'2019-01-07 23:24:55',1),(51,-1,'测试4','123456792','汉','0','12345678914','1234567892xx',0,'2019-01-07 23:24:55',1),(52,-1,'测试1','123456793','汉','0','12345678911','1234567889xx',0,'2019-01-07 23:29:44',1),(53,-1,'测试2','123456790','汉','1','12345678912','1234567890xx',0,'2019-01-07 23:29:44',1),(54,-1,'测试3','123456791','汉','','12345678913','1234567891xx',0,'2019-01-07 23:29:44',1),(55,-1,'测试4','123456792','汉','0','12345678914','1234567892xx',0,'2019-01-07 23:29:44',1);

/*!40101 SET SQL_MODE=@OLD_SQL_MODE */;
/*!40014 SET FOREIGN_KEY_CHECKS=@OLD_FOREIGN_KEY_CHECKS */;
/*!40014 SET UNIQUE_CHECKS=@OLD_UNIQUE_CHECKS */;
/*!40111 SET SQL_NOTES=@OLD_SQL_NOTES */;
