/*
SQLyog Ultimate v12.09 (64 bit)
MySQL - 5.5.53-log : Database - audit_integral
*********************************************************************
*/

/*!40101 SET NAMES utf8 */;

/*!40101 SET SQL_MODE=''*/;

/*!40014 SET @OLD_UNIQUE_CHECKS=@@UNIQUE_CHECKS, UNIQUE_CHECKS=0 */;
/*!40014 SET @OLD_FOREIGN_KEY_CHECKS=@@FOREIGN_KEY_CHECKS, FOREIGN_KEY_CHECKS=0 */;
/*!40101 SET @OLD_SQL_MODE=@@SQL_MODE, SQL_MODE='NO_AUTO_VALUE_ON_ZERO' */;
/*!40111 SET @OLD_SQL_NOTES=@@SQL_NOTES, SQL_NOTES=0 */;
CREATE DATABASE /*!32312 IF NOT EXISTS*/`audit_integral` /*!40100 DEFAULT CHARACTER SET utf8 */;

USE `audit_integral`;

/*Table structure for table `clause` */

DROP TABLE IF EXISTS `clause`;

CREATE TABLE `clause` (
  `id` int(11) NOT NULL AUTO_INCREMENT COMMENT '管理办法及条款ID',
  `department_id` int(11) NOT NULL DEFAULT '-1' COMMENT '所属部门ID（为-1时所有部门通用）',
  `title` char(200) DEFAULT NULL COMMENT '管理办法及条款标题',
  `author_id` int(11) DEFAULT NULL COMMENT '发布人ID',
  `update_time` timestamp NOT NULL DEFAULT CURRENT_TIMESTAMP ON UPDATE CURRENT_TIMESTAMP COMMENT '更新时间',
  `state` enum('draft','publish') NOT NULL DEFAULT 'draft' COMMENT '状态（draft草稿publish发布）',
  `delete` tinyint(1) NOT NULL DEFAULT '0' COMMENT '删除（0未删1删除）',
  PRIMARY KEY (`id`)
) ENGINE=MyISAM AUTO_INCREMENT=9 DEFAULT CHARSET=utf8;

/*Data for the table `clause` */

insert  into `clause`(`id`,`department_id`,`title`,`author_id`,`update_time`,`state`,`delete`) values (1,1,'公告1',1,'2018-11-30 14:58:58','draft',1),(2,1,'公告1',1,'2018-11-30 15:05:50','publish',0),(3,1,'公告1',2,'2018-12-03 21:14:05','draft',0),(4,1,'公告1',2,'2018-12-03 21:14:15','draft',0),(5,1,'公告1-0',2,'2018-12-03 21:13:35','draft',0),(6,-1,'普定县农村信用合作联社员工 违规行为积分管理实施细则',2,'2018-12-03 21:28:27','draft',0),(7,-1,'普定县农村信用合作联社员工 违规行为积分管理实施细则1',2,'2018-12-03 21:15:48','draft',0),(8,-1,'普定县农村信用合作联社员工 违规行为积分管理实施细则2',2,'2018-12-03 21:28:05','draft',0);

/*Table structure for table `clause_content` */

DROP TABLE IF EXISTS `clause_content`;

CREATE TABLE `clause_content` (
  `id` int(11) NOT NULL AUTO_INCREMENT COMMENT '管理办法内容ID',
  `clause_id` int(11) DEFAULT NULL COMMENT '管理办法ID',
  `is_title` tinyint(1) NOT NULL DEFAULT '0' COMMENT '是否为标题（0内容1标题）',
  `title_level` char(20) NOT NULL DEFAULT '-' COMMENT '标题级别',
  `content` varchar(1000) DEFAULT NULL COMMENT '内容',
  `order` int(4) NOT NULL DEFAULT '0' COMMENT '顺序',
  `delete` tinyint(1) NOT NULL DEFAULT '0' COMMENT '删除（0未删1删除）',
  PRIMARY KEY (`id`)
) ENGINE=MyISAM AUTO_INCREMENT=39 DEFAULT CHARSET=utf8;

/*Data for the table `clause_content` */

insert  into `clause_content`(`id`,`clause_id`,`is_title`,`title_level`,`content`,`order`,`delete`) values (1,4,1,'h1','标题测试',1,0),(2,5,1,'h1','标题测试1',1,0),(3,5,0,'','标题测试2',2,1),(4,5,0,'','标题测试3',2,1),(5,5,0,'','标题测试3',2,1),(6,5,0,'','标题测试3',2,1),(7,5,0,'','标题测试3',2,1),(8,5,1,'h2','标题测试3',2,0),(9,6,1,'h1','第一章 总　则',1,0),(10,6,0,'h2','第一条 为加强内控管理，切实解决有章不循、违规操作问题，有效防范和控制操作风险，进一步促进我县农村信用社安全稳健运行，根据国家有关法律、金融法规和省联社有关内控管理制度规定，制定本办法。',2,0),(11,6,0,'h2','第二条 本办法所称的违规行为是指不按制度或流程办理、审批有关事项，未造成不良后果或情节轻微，不足以按照有关规定实施处理的行为。',3,0),(12,6,0,'h2','第三条 本办法所称的积分管理是对员工违规行为进行年度累计积分，并将累计积分分别与行政处罚、绩效薪酬、评先选优、职务晋升等挂钩进行处理的管理方法。',4,0),(13,6,0,'h2','第四条 本办法所称部门是指县联社所辖各部室、各乡镇信用社、分社、小微企业金融服务中心等；所称人员是指普定联社所有在岗人员（含高管人员、劳务派遣员工）。',5,0),(14,6,0,'h2','第五条 违规积分分为直接违规积分和连带责任积分。直接违规积分是对违规当事人进行的积分，连带责任积分是对违规行为负有管理或监督责任的人员进行的积分。',6,0),(15,7,1,'h1','第一章 总　则',1,1),(16,7,1,'h2','第一条 为加强内控管理，切实解决有章不循、违规操作问题，有效防范和控制操作风险，进一步促进我县农村信用社安全稳健运行，根据国家有关法律、金融法规和省联社有关内控管理制度规定，制定本办法。',2,1),(17,7,1,'h2','第二条 本办法所称的违规行为是指不按制度或流程办理、审批有关事项，未造成不良后果或情节轻微，不足以按照有关规定实施处理的行为。',3,1),(18,7,1,'h2','第三条 本办法所称的积分管理是对员工违规行为进行年度累计积分，并将累计积分分别与行政处罚、绩效薪酬、评先选优、职务晋升等挂钩进行处理的管理方法。',4,1),(19,7,1,'h2','第四条 本办法所称部门是指县联社所辖各部室、各乡镇信用社、分社、小微企业金融服务中心等；所称人员是指普定联社所有在岗人员（含高管人员、劳务派遣员工）。',5,1),(20,7,1,'h2','第五条 违规积分分为直接违规积分和连带责任积分。直接违规积分是对违规当事人进行的积分，连带责任积分是对违规行为负有管理或监督责任的人员进行的积分。',6,1),(21,8,1,'h1','第一章 总　则',1,1),(22,8,1,'h2','第一条 为加强内控管理，切实解决有章不循、违规操作问题，有效防范和控制操作风险，进一步促进我县农村信用社安全稳健运行，根据国家有关法律、金融法规和省联社有关内控管理制度规定，制定本办法。',2,1),(23,8,1,'h2','第二条 本办法所称的违规行为是指不按制度或流程办理、审批有关事项，未造成不良后果或情节轻微，不足以按照有关规定实施处理的行为。',3,1),(24,8,1,'h2','第三条 本办法所称的积分管理是对员工违规行为进行年度累计积分，并将累计积分分别与行政处罚、绩效薪酬、评先选优、职务晋升等挂钩进行处理的管理方法。',4,1),(25,8,1,'h2','第四条 本办法所称部门是指县联社所辖各部室、各乡镇信用社、分社、小微企业金融服务中心等；所称人员是指普定联社所有在岗人员（含高管人员、劳务派遣员工）。',5,1),(26,8,1,'h2','第五条 违规积分分为直接违规积分和连带责任积分。直接违规积分是对违规当事人进行的积分，连带责任积分是对违规行为负有管理或监督责任的人员进行的积分。',6,1),(27,8,1,'h2','第六条 各部门应定期和不定期地开展自查自纠工作，对所辖员工的检查次数每年不得低于4次（每季度不少于1次）。自查、检查工作应形成书面报告按季交联社稽核审计部留存。',7,1),(28,7,1,'h1','第一章 总　则',1,0),(29,7,0,'h1','第一条 为加强内控管理，切实解决有章不循、违规操作问题，有效防范和控制操作风险，进一步促进我县农村信用社安全稳健运行，根据国家有关法律、金融法规和省联社有关内控管理制度规定，制定本办法。',2,0),(30,7,0,'h1','第二条 本办法所称的违规行为是指不按制度或流程办理、审批有关事项，未造成不良后果或情节轻微，不足以按照有关规定实施处理的行为。',3,0),(31,7,0,'h1','第三条 本办法所称的积分管理是对员工违规行为进行年度累计积分，并将累计积分分别与行政处罚、绩效薪酬、评先选优、职务晋升等挂钩进行处理的管理方法。',4,0),(32,8,1,'','updateContentArr',1,0),(33,8,1,'','',2,1),(34,8,0,'','',3,1),(35,8,0,'','',4,1),(36,8,0,'','',5,1),(37,8,1,'','',6,1),(38,8,1,'','',7,1);

/*Table structure for table `clause_file` */

DROP TABLE IF EXISTS `clause_file`;

CREATE TABLE `clause_file` (
  `id` int(11) NOT NULL AUTO_INCREMENT COMMENT '主键ID',
  `clause_id` int(11) DEFAULT NULL COMMENT '管理办法ID',
  `file_id` int(11) DEFAULT NULL COMMENT '附件ID',
  PRIMARY KEY (`id`)
) ENGINE=MyISAM AUTO_INCREMENT=34 DEFAULT CHARSET=utf8;

/*Data for the table `clause_file` */

insert  into `clause_file`(`id`,`clause_id`,`file_id`) values (1,2,3),(2,2,4),(3,2,5),(31,3,4),(30,3,3),(33,4,4),(32,4,3),(29,5,8),(28,5,5);

/*Table structure for table `confirmation` */

DROP TABLE IF EXISTS `confirmation`;

CREATE TABLE `confirmation` (
  `id` int(11) NOT NULL AUTO_INCREMENT COMMENT '确认书ID',
  `draft_id` int(11) NOT NULL COMMENT '工作底稿ID',
  `confirmation_receipt_id` int(11) DEFAULT NULL COMMENT '确认书回执ID',
  `file_id` int(11) DEFAULT NULL COMMENT '图片ID',
  `proposal` varchar(2000) DEFAULT NULL COMMENT '单位意见或者建议',
  `delete` tinyint(1) NOT NULL DEFAULT '0' COMMENT '删除（0未删|1删除）',
  PRIMARY KEY (`id`,`draft_id`)
) ENGINE=MyISAM DEFAULT CHARSET=utf8;

/*Data for the table `confirmation` */

/*Table structure for table `confirmation_receipt` */

DROP TABLE IF EXISTS `confirmation_receipt`;

CREATE TABLE `confirmation_receipt` (
  `id` int(11) NOT NULL AUTO_INCREMENT COMMENT '确认书回执ID',
  `content` varchar(5000) DEFAULT NULL COMMENT '回复内容',
  `time` timestamp NOT NULL DEFAULT '0000-00-00 00:00:00' COMMENT '回执时间',
  `delete` tinyint(1) DEFAULT '0' COMMENT '删除（0未删|1删除）',
  PRIMARY KEY (`id`)
) ENGINE=MyISAM AUTO_INCREMENT=2 DEFAULT CHARSET=utf8;

/*Data for the table `confirmation_receipt` */

/*Table structure for table `confirmation_receipt_content` */

DROP TABLE IF EXISTS `confirmation_receipt_content`;

CREATE TABLE `confirmation_receipt_content` (
  `id` int(11) NOT NULL COMMENT '整改项ID',
  `confirmation_receipt` int(11) DEFAULT NULL COMMENT '确认书回执ID',
  `behavior_id` int(11) DEFAULT NULL COMMENT '违规行为ID',
  `result` char(250) DEFAULT NULL COMMENT '整改结果',
  `time` timestamp NOT NULL DEFAULT CURRENT_TIMESTAMP ON UPDATE CURRENT_TIMESTAMP COMMENT '整改时间',
  PRIMARY KEY (`id`)
) ENGINE=MyISAM DEFAULT CHARSET=utf8;

/*Data for the table `confirmation_receipt_content` */

/*Table structure for table `department` */

DROP TABLE IF EXISTS `department`;

CREATE TABLE `department` (
  `id` int(11) NOT NULL AUTO_INCREMENT COMMENT '部门ID',
  `name` char(50) DEFAULT NULL COMMENT '部门名称',
  `parent_id` int(11) DEFAULT NULL COMMENT '上级部门ID',
  `code` char(50) DEFAULT NULL COMMENT '部门编码',
  `level` char(20) DEFAULT NULL COMMENT '部门级别',
  `grade` int(3) DEFAULT NULL COMMENT '所在部门树的层级',
  `address` char(250) DEFAULT NULL COMMENT '地址',
  `phone` char(11) DEFAULT NULL COMMENT '手机号或者电话',
  `update_time` timestamp NULL DEFAULT NULL COMMENT '更新时间',
  `delete` tinyint(1) DEFAULT '0' COMMENT '是否删除（0未删1删除）',
  PRIMARY KEY (`id`)
) ENGINE=MyISAM AUTO_INCREMENT=41 DEFAULT CHARSET=utf8;

/*Data for the table `department` */

insert  into `department`(`id`,`name`,`parent_id`,`code`,`level`,`grade`,`address`,`phone`,`update_time`,`delete`) values (1,'部门1',-1,'d1','1',NULL,'0','','0000-00-00 00:00:00',0),(2,'部门1',-1,'d1','1',NULL,'贵州贵阳','','0000-00-00 00:00:00',0),(3,'部门1',-1,'d1','1',NULL,'贵州贵阳','','0000-00-00 00:00:00',1),(4,'部门1',-1,'d1','1',NULL,'贵州贵阳','','0000-00-00 00:00:00',0),(5,'部门1',-1,'d1','1',NULL,'贵州贵阳','','0000-00-00 00:00:00',0),(6,'部门1',-1,'d1','1',NULL,'贵州贵阳','','0000-00-00 00:00:00',0),(7,'部门1',-1,'d1','1',NULL,'贵州贵阳','','0000-00-00 00:00:00',0),(8,'部门1',-1,'d1','1',NULL,'贵州贵阳','','0000-00-00 00:00:00',0),(9,'部门1',-1,'d1','1',NULL,'贵州贵阳','','0000-00-00 00:00:00',0),(10,'部门1',-1,'d1','1',NULL,'贵州贵阳','','0000-00-00 00:00:00',0),(11,'部门1',-1,'d1','1',NULL,'贵州贵阳','','0000-00-00 00:00:00',0),(12,'部门1',-1,'d1','1',NULL,'贵州贵阳','','0000-00-00 00:00:00',0),(13,'部门1',-1,'d1','1',NULL,'贵州贵阳','','0000-00-00 00:00:00',0),(14,'部门1',-1,'d1','1',NULL,'贵州贵阳','','0000-00-00 00:00:00',0),(15,'部门1',-1,'d1','1',NULL,'贵州贵阳','','0000-00-00 00:00:00',0),(16,'部门1',-1,'d1','1',NULL,'贵州贵阳','','0000-00-00 00:00:00',0),(17,'部门1',-1,'d1','1',NULL,'贵州贵阳','','0000-00-00 00:00:00',1),(18,'部门1',-1,'d1','1',NULL,'贵州贵阳','','0000-00-00 00:00:00',0),(19,'部门1',-1,'d1','1',NULL,'贵州贵阳','','2018-11-30 10:54:50',0),(20,'部门1',-1,'d12','1',NULL,'贵州贵阳1','10086','2018-11-30 10:52:11',0),(21,'部门1',-1,'d1','1',NULL,'贵州贵阳','','0000-00-00 00:00:00',0),(22,'部门1',-1,'d1','1',NULL,'贵州贵阳','','0000-00-00 00:00:00',0),(23,'部门1',-1,'d1','1',NULL,'贵州贵阳','1008611','2018-11-30 10:54:59',0),(24,'部门1',-1,'d1','1',NULL,'贵州贵阳','','2018-11-23 16:53:39',0),(25,'部门1',-1,'d1','1',NULL,'贵州贵阳','','2018-11-23 16:54:15',0),(26,'部门1',-1,'d1','1',NULL,'贵州贵阳','','2018-11-26 10:28:01',0),(27,'部门26-1',26,'d1','1',NULL,'贵州贵阳','','2018-11-26 10:28:14',0),(28,'部门26-2',26,'d1','1',NULL,'贵州贵阳','','2018-11-26 10:28:18',0),(29,'部门26-3',26,'d1','1',NULL,'贵州贵阳','','2018-11-26 10:28:21',0),(30,'部门26-4',26,'d1','1',NULL,'贵州贵阳','','2018-11-26 10:28:25',0),(31,'',0,'','0',NULL,'','','2018-11-26 11:47:10',0),(32,'',0,'','0',NULL,'','','2018-11-26 11:47:18',0),(33,'',26,'','0',NULL,'','','2018-11-26 11:51:01',1),(34,'',26,'','0',NULL,'','','2018-11-27 11:50:28',1),(35,'部门1',-1,'d1','1',NULL,'贵州贵阳','','2018-11-28 09:49:52',0),(36,'',26,'','0',NULL,'','','2018-11-28 14:25:59',1),(37,'部门1',-1,'d1','1',NULL,'贵州贵阳','','2018-11-28 17:18:37',1),(38,'部门1',-1,'d1','1',NULL,'贵州贵阳','','2018-11-28 17:19:21',1),(39,'测试部门',0,'10023','2',NULL,'休息休息','1815310','2018-11-29 15:37:50',0),(40,'',0,'','0',NULL,'','','2018-12-01 21:55:10',0);

/*Table structure for table `department_user` */

DROP TABLE IF EXISTS `department_user`;

CREATE TABLE `department_user` (
  `id` int(11) NOT NULL AUTO_INCREMENT COMMENT '主键id',
  `department_id` int(11) DEFAULT NULL COMMENT '部门id',
  `user_id` int(11) DEFAULT NULL COMMENT '人员id',
  `type` char(20) DEFAULT NULL COMMENT '角色类型',
  `delete` tinyint(1) DEFAULT '0' COMMENT '软删除',
  PRIMARY KEY (`id`)
) ENGINE=MyISAM AUTO_INCREMENT=22 DEFAULT CHARSET=utf8;

/*Data for the table `department_user` */

insert  into `department_user`(`id`,`department_id`,`user_id`,`type`,`delete`) values (1,18,1,'admin',0),(2,19,1,'admin',0),(3,20,1,'admin',0),(4,21,1,'admin',0),(5,22,1,'admin',0),(6,23,1,'admin',0),(7,20,2,'admins',1),(8,20,2,'admins',1),(9,20,2,'admins',1),(10,20,2,'admins',1),(11,20,2,'admins',1),(12,31,0,'',0),(13,32,0,'',0),(14,33,0,'',0),(15,34,-2,'',0),(16,20,2,'admins',1),(17,36,-2,'',0),(18,20,2,'admins',1),(19,20,2,'admins',0),(20,39,-2,'admin',0),(21,40,-2,'',0);

/*Table structure for table `dictionary` */

DROP TABLE IF EXISTS `dictionary`;

CREATE TABLE `dictionary` (
  `id` int(11) NOT NULL AUTO_INCREMENT COMMENT '字典ID',
  `type_id` int(11) DEFAULT NULL COMMENT '字典类型ID',
  `key` char(50) DEFAULT NULL COMMENT '字典值',
  `value` char(50) DEFAULT NULL COMMENT '字典名称',
  `order` int(4) DEFAULT '0' COMMENT '排序顺序',
  `describe` char(250) DEFAULT NULL COMMENT '字典描述',
  `delete` tinyint(1) DEFAULT '0' COMMENT '删除（0未删1删除）',
  PRIMARY KEY (`id`)
) ENGINE=MyISAM AUTO_INCREMENT=184 DEFAULT CHARSET=utf8;

/*Data for the table `dictionary` */

insert  into `dictionary`(`id`,`type_id`,`key`,`value`,`order`,`describe`,`delete`) values (-102,-1,'other','其他',0,'系统分类（不允许删除）',0),(-101,-1,'system','系统',0,'系统分类（不允许删除）',0),(2,41,'test','测试',1,'这是测试',0),(3,42,'test1','测试1',1,'这是测试1',0),(4,42,'test2','测试2',2,'这是测试2',0),(-301,-3,'list','获取列表',1,'系统分类（不允许删除）',0),(36,63,'','',0,'',0),(35,62,'','',0,'',0),(34,62,'','',0,'',0),(33,62,'','',0,'',0),(32,61,'','',0,'',0),(31,61,'','',0,'',0),(30,61,'','',0,'',0),(29,60,'','',0,'',0),(-308,-3,'login','登录',2,'系统分类（不允许删除）',0),(-307,-3,'is-use','变更',3,'系统分类（不允许删除）',0),(-306,-3,'tree','获取',4,'系统分类（不允许删除）',0),(-305,-3,'delete','删除',5,'系统分类（不允许删除）',0),(-304,-3,'edit','编辑',6,'系统分类（不允许删除）',0),(-303,-3,'get','获取',7,'系统分类（不允许删除）',0),(-302,-3,'add','添加',8,'系统分类（不允许删除）',0),(37,63,'','',0,'',0),(38,63,'','',0,'',0),(39,64,'','',0,'',0),(40,64,'','',0,'',0),(41,64,'','',0,'',0),(42,65,'','',0,'',0),(43,65,'','',0,'',0),(44,65,'','',0,'',0),(45,66,'','',0,'',0),(46,66,'','',0,'',0),(47,66,'','',0,'',0),(48,67,'','',0,'',0),(49,67,'','',0,'',0),(50,67,'','',0,'',0),(51,68,'','',0,'',0),(52,68,'','',0,'',0),(53,68,'','',0,'',0),(54,69,'','',0,'',0),(55,69,'','',0,'',0),(56,69,'','',0,'',0),(57,70,'','',0,'',0),(58,70,'','',0,'',0),(59,70,'','',0,'',0),(60,71,'','',0,'',0),(61,71,'','',0,'',0),(62,71,'','',0,'',0),(63,72,'','',0,'',0),(64,72,'','',0,'',0),(65,72,'','',0,'',0),(66,73,'','',0,'',0),(67,73,'','',0,'',0),(68,73,'','',0,'',0),(69,74,'','',0,'',0),(70,74,'','',0,'',0),(71,74,'','',0,'',0),(72,75,'','',0,'',0),(73,75,'','',0,'',0),(74,75,'','',0,'',0),(75,76,'','',0,'',0),(76,76,'','',0,'',0),(77,76,'','',0,'',0),(78,77,'','',0,'',0),(79,77,'','',0,'',0),(80,77,'','',0,'',0),(81,78,'test1','测试1',1,'这是测试1',0),(82,78,'test2','测试2',2,'这是测试2',0),(83,78,'test3','测试3',3,'这是测试3',0),(84,79,'test1','测试1',1,'这是测试1',0),(85,79,'test2','测试2',2,'这是测试2',0),(86,79,'test3','测试3',3,'这是测试3',0),(87,80,'test1','测试1',1,'这是测试1',0),(88,80,'test2','测试2',2,'这是测试2',0),(89,80,'test3','测试3',3,'这是测试3',0),(90,81,'test1','测试10',1,'这是测试10',0),(91,81,'test2','测试2',2,'这是测试2',1),(92,81,'test3','测试30',3,'这是测试30',0),(93,82,'test1','测试1',1,'这是测试1',0),(94,82,'test2','测试2',2,'这是测试2',0),(95,82,'test3','测试3',3,'这是测试3',0),(96,83,'test1','测试1',1,'这是测试1',0),(97,83,'test2','测试2',2,'这是测试2',0),(98,83,'test3','测试3',3,'这是测试3',0),(99,84,'test1','测试1',1,'这是测试1',0),(100,84,'test2','测试2',2,'这是测试2',0),(101,84,'test3','测试3',3,'这是测试3',0),(102,81,'test2','测试2',2,'这是测试2',1),(103,81,'test2','测试20',2,'这是测试20',1),(104,81,'test2','测试20',2,'这是测试20',1),(105,81,'test2','测试20',2,'这是测试20',1),(106,85,'test1','测试1',1,'这是测试1',0),(107,85,'test2','测试2',2,'这是测试2',0),(108,85,'test3','测试3',3,'这是测试3',0),(109,86,'test1','测试1',1,'这是测试1',0),(110,86,'test2','测试2',2,'这是测试2',0),(111,86,'test3','测试3',3,'这是测试3',0),(112,81,'test2','测试20',2,'这是测试20',1),(113,87,'test1','测试1',1,'这是测试1',0),(114,87,'test2','测试2',2,'这是测试2',0),(115,87,'test3','测试3',3,'这是测试3',0),(116,88,'test1','测试1',1,'这是测试1',0),(117,88,'test2','测试2',2,'这是测试2',0),(118,88,'test3','测试3',3,'这是测试3',0),(119,81,'test2','测试20',2,'这是测试20',1),(120,89,'test1','测试1',1,'这是测试1',0),(121,89,'test2','测试2',2,'这是测试2',0),(122,89,'test3','测试3',3,'这是测试3',0),(123,81,'test2','测试20',2,'这是测试20',1),(124,81,'test2','测试20',2,'这是测试20',1),(125,81,'test2','测试20',2,'这是测试20',1),(126,90,'test1','测试1',1,'这是测试1',0),(127,90,'test2','测试2',2,'这是测试2',0),(128,90,'test3','测试3',3,'这是测试3',0),(129,81,'test2','测试20',2,'这是测试20',1),(130,91,'','',0,'',0),(131,92,'key','value',0,'sdasda',0),(132,93,'a','1',0,'3',0),(133,93,'b','2',0,'4',0),(134,94,'3','2',1,'6',0),(135,94,'65','56',2,'56',0),(136,95,'key1','value1',1,'这是备注1',0),(137,95,'key2','value2',2,'这是备注2',0),(138,96,'test1','测试1',1,'这是测试1',0),(139,96,'test2','测试2',2,'这是测试2',0),(140,96,'test3','测试3',3,'这是测试3',0),(141,81,'test2','测试20',2,'这是测试20',1),(142,97,'test1','测试1',1,'这是测试1',0),(143,97,'test2','测试2',2,'这是测试2',0),(144,97,'test3','测试3',3,'这是测试3',0),(145,81,'test2','测试20',2,'这是测试20',1),(146,98,'test1','测试1',1,'这是测试1',0),(147,98,'test2','测试2',2,'这是测试2',0),(148,98,'test3','测试3',3,'这是测试3',0),(149,81,'test2','测试20',2,'这是测试20',0),(150,112,'t)x7','tYtU^I',1,'I5ts',0),(151,112,'eF8^J','8hSD8*Y',2,'#t[LW',0),(152,112,'Ymsw9','CHlosJ',3,'vvK*i',0),(-201,-2,'admin','管理员',1,'系统管理员',0),(-202,-2,'management','负责人',2,'部门负责人',0),(-203,-2,'staff','业务员',3,'部门业务员',0),(156,114,'test1','测试1',1,'这是测试1',0),(157,114,'test2','测试2',2,'这是测试2',0),(158,114,'test3','测试3',3,'这是测试3',0),(159,115,'test1','测试1',1,'这是测试1',0),(160,115,'test2','测试2',2,'这是测试2',0),(161,115,'test3','测试3',3,'这是测试3',0),(162,116,'test1','测试1',1,'这是测试1',0),(163,116,'test2','测试2',2,'这是测试2',0),(164,116,'test3','测试3',3,'这是测试3',0),(165,117,'test1','测试1',1,'这是测试1',0),(166,117,'test2','测试2',2,'这是测试2',0),(167,117,'test3','测试3',3,'这是测试3',0),(168,118,'test1','测试1',1,'这是测试1',0),(169,118,'test2','测试2',2,'这是测试2',0),(170,118,'test3','测试3',3,'这是测试3',0),(171,119,'test1','测试1',1,'这是测试1',0),(172,119,'test2','测试2',2,'这是测试2',0),(173,119,'test3','测试3',3,'这是测试3',0),(174,120,'test1','测试1',1,'这是测试1',0),(175,120,'test2','测试2',2,'这是测试2',0),(176,120,'test3','测试3',3,'这是测试3',0),(-309,-3,'password','编辑',9,'系统分类（不允许删除）',0),(-310,-3,'upload','文件',10,'系统分类（不允许删除）',0),(-401,-4,'h1','一级标题',1,'系统分类（不允许删除）',0),(-402,-4,'h2','二级标题',2,'系统分类（不允许删除）',0),(-403,-4,'h3','三级标题',3,'系统分类（不允许删除）',0),(-404,-4,'h4','四级标题',4,'系统分类（不允许删除）',0),(-405,-4,'h5','无机标题',5,'系统分类（不允许删除）',0);

/*Table structure for table `dictionary_type` */

DROP TABLE IF EXISTS `dictionary_type`;

CREATE TABLE `dictionary_type` (
  `id` int(11) NOT NULL AUTO_INCREMENT COMMENT '字典类型ID',
  `type_id` int(11) NOT NULL COMMENT '字典分类ID',
  `key` char(20) NOT NULL COMMENT '字典分类键',
  `title` char(50) NOT NULL COMMENT '字典类型名称',
  `is_use` tinyint(1) NOT NULL DEFAULT '1' COMMENT '是否启用',
  `update_time` datetime DEFAULT NULL COMMENT '更新时间',
  `user_id` int(11) DEFAULT NULL COMMENT '创建人ID',
  `describe` char(250) DEFAULT NULL COMMENT '字典类型描述',
  `delete` tinyint(1) NOT NULL DEFAULT '0' COMMENT '软删除',
  PRIMARY KEY (`id`)
) ENGINE=MyISAM AUTO_INCREMENT=122 DEFAULT CHARSET=utf8;

/*Data for the table `dictionary_type` */

insert  into `dictionary_type`(`id`,`type_id`,`key`,`title`,`is_use`,`update_time`,`user_id`,`describe`,`delete`) values (-1,-1,'system','字典分类',1,'2018-11-12 15:37:43',0,'系统字典分类',0),(-4,-1,'system','管理办法标题级别',0,'2018-12-03 20:31:18',0,'管理办法标题级别选项',0),(-3,-1,'system','日志分类',1,'2018-11-29 18:15:50',0,'系统日志分类',0),(119,3,'yes','666',0,'2018-11-28 17:18:03',0,'这是描述文字11',1),(118,3,'yes','666',0,'2018-11-28 17:14:02',0,'这是描述文字11',1),(117,3,'yes','666',0,'2018-11-28 16:43:54',0,'这是描述文字11',1),(116,3,'yes','666',0,'2018-11-28 16:37:25',0,'这是描述文字11',1),(115,3,'yes','666',0,'2018-11-28 15:40:49',0,'这是描述文字11',1),(114,3,'yes','666',1,'2018-12-06 15:32:21',0,'这是描述文字11',0),(-2,-1,'system','人员角色',1,'2018-11-26 12:08:34',0,'部门人员角色字典',0);

/*Table structure for table `draft` */

DROP TABLE IF EXISTS `draft`;

CREATE TABLE `draft` (
  `id` int(11) NOT NULL COMMENT '工作底稿ID',
  `query_department_id` int(11) NOT NULL COMMENT '被查询机构ID',
  `department_id` int(11) NOT NULL COMMENT '检查机构ID',
  `number` char(100) DEFAULT NULL COMMENT '编号',
  `project_name` char(250) DEFAULT NULL COMMENT '项目名称',
  `state` enum('draft','publish') DEFAULT NULL COMMENT '底稿状态（draft草稿|publish发布）',
  PRIMARY KEY (`id`,`query_department_id`,`department_id`)
) ENGINE=MyISAM DEFAULT CHARSET=utf8;

/*Data for the table `draft` */

/*Table structure for table `draft_admin_user` */

DROP TABLE IF EXISTS `draft_admin_user`;

CREATE TABLE `draft_admin_user` (
  `id` int(11) NOT NULL AUTO_INCREMENT COMMENT '复查ID',
  `draft_id` int(11) DEFAULT NULL COMMENT '底稿ID',
  `user_id` int(11) DEFAULT NULL COMMENT '复查人员ID',
  PRIMARY KEY (`id`)
) ENGINE=MyISAM DEFAULT CHARSET=utf8;

/*Data for the table `draft_admin_user` */

/*Table structure for table `draft_content` */

DROP TABLE IF EXISTS `draft_content`;

CREATE TABLE `draft_content` (
  `id` int(11) NOT NULL AUTO_INCREMENT COMMENT '底稿内容ID',
  `draft_id` int(11) DEFAULT NULL COMMENT '底稿ID',
  `type` enum('behavior','other') NOT NULL DEFAULT 'other' COMMENT '内容类型（behavior违规行为|other其他）',
  `behavior_id` int(11) DEFAULT NULL COMMENT '违规行为ID',
  `behavior_content` varchar(2000) DEFAULT NULL COMMENT '违规行为描述或者其他',
  PRIMARY KEY (`id`)
) ENGINE=MyISAM DEFAULT CHARSET=utf8;

/*Data for the table `draft_content` */

/*Table structure for table `draft_file` */

DROP TABLE IF EXISTS `draft_file`;

CREATE TABLE `draft_file` (
  `id` int(11) NOT NULL AUTO_INCREMENT COMMENT '主键ID',
  `draft_id` int(11) NOT NULL COMMENT '底稿ID',
  `file_id` int(11) DEFAULT NULL COMMENT '附件ID',
  PRIMARY KEY (`id`,`draft_id`)
) ENGINE=MyISAM DEFAULT CHARSET=utf8;

/*Data for the table `draft_file` */

/*Table structure for table `draft_inspect_user` */

DROP TABLE IF EXISTS `draft_inspect_user`;

CREATE TABLE `draft_inspect_user` (
  `id` int(11) NOT NULL AUTO_INCREMENT COMMENT '主键ID',
  `draft_id` int(11) DEFAULT NULL COMMENT '底稿ID',
  `user_id` int(11) DEFAULT NULL COMMENT '被检查人员ID',
  PRIMARY KEY (`id`)
) ENGINE=MyISAM DEFAULT CHARSET=utf8;

/*Data for the table `draft_inspect_user` */

/*Table structure for table `draft_query_user` */

DROP TABLE IF EXISTS `draft_query_user`;

CREATE TABLE `draft_query_user` (
  `id` int(11) NOT NULL AUTO_INCREMENT COMMENT '主键ID',
  `draft_id` int(11) DEFAULT NULL COMMENT '底稿ID',
  `user_id` int(11) DEFAULT NULL COMMENT '检查人员ID',
  PRIMARY KEY (`id`)
) ENGINE=MyISAM DEFAULT CHARSET=utf8;

/*Data for the table `draft_query_user` */

/*Table structure for table `draft_review_user` */

DROP TABLE IF EXISTS `draft_review_user`;

CREATE TABLE `draft_review_user` (
  `id` int(11) NOT NULL AUTO_INCREMENT COMMENT '主键ID',
  `draft_id` int(11) DEFAULT NULL COMMENT '底稿ID',
  `user_id` int(11) DEFAULT NULL COMMENT '负责人员ID',
  PRIMARY KEY (`id`)
) ENGINE=MyISAM DEFAULT CHARSET=utf8;

/*Data for the table `draft_review_user` */

/*Table structure for table `files` */

DROP TABLE IF EXISTS `files`;

CREATE TABLE `files` (
  `id` int(11) NOT NULL AUTO_INCREMENT COMMENT '附件ID',
  `name` char(100) DEFAULT NULL COMMENT '附件名称',
  `suffix` char(10) DEFAULT NULL COMMENT '附件后缀',
  `time` timestamp NOT NULL DEFAULT CURRENT_TIMESTAMP ON UPDATE CURRENT_TIMESTAMP COMMENT '上传时间',
  `path` char(250) DEFAULT NULL COMMENT '附件存放位置',
  `size` int(10) DEFAULT '0' COMMENT '文件大小（单位B）',
  `file_name` char(100) DEFAULT NULL COMMENT '存放名称',
  `form_id` int(11) NOT NULL DEFAULT '0' COMMENT '外部ID',
  `form` char(10) NOT NULL DEFAULT '-' COMMENT '来自那张表',
  `delete` tinyint(1) NOT NULL DEFAULT '0' COMMENT '是否删除（0未删1删除）',
  PRIMARY KEY (`id`)
) ENGINE=MyISAM AUTO_INCREMENT=159 DEFAULT CHARSET=utf8;

/*Data for the table `files` */

insert  into `files`(`id`,`name`,`suffix`,`time`,`path`,`size`,`file_name`,`form_id`,`form`,`delete`) values (17,'系统设置','json','2018-11-29 16:23:36','201811/',0,'1543479816_系统设置',0,'-',0),(3,'系统设置','json','2018-12-03 21:14:15','201811/',0,'1543478749_系统设置',4,'clause',0),(4,'系统设置','json','2018-12-03 21:14:15','201811/',0,'1543478751_系统设置',4,'clause',0),(5,'系统设置','json','2018-12-03 21:13:35','201811/',0,'1543478752_系统设置',5,'clause',0),(6,'系统设置','json','2018-11-30 14:56:09','201811/',0,'1543478753_系统设置',5,'clause',1),(7,'系统设置','json','2018-11-30 14:46:16','201811/',0,'1543478754_系统设置',5,'clause',1),(8,'系统设置','json','2018-12-03 21:13:35','201811/',0,'1543479000_系统设置',5,'clause',0),(9,'系统设置','json','2018-11-29 16:10:01','201811/',0,'1543479001_系统设置',0,'-',0),(10,'系统设置','json','2018-11-29 16:10:02','201811/',0,'1543479002_系统设置',0,'-',0),(11,'系统设置','json','2018-11-29 16:10:03','201811/',0,'1543479003_系统设置',0,'-',0),(12,'系统设置','json','2018-11-29 16:10:03','201811/',0,'1543479003_系统设置',0,'-',0),(13,'系统设置','json','2018-11-29 16:10:04','201811/',0,'1543479004_系统设置',0,'-',0),(14,'系统设置','json','2018-11-29 16:10:05','201811/',0,'1543479005_系统设置',0,'-',0),(15,'系统设置','json','2018-11-29 16:10:05','201811/',0,'1543479005_系统设置',0,'-',0),(16,'系统设置','json','2018-11-29 16:10:06','201811/',0,'1543479006_系统设置',0,'-',0),(18,'系统设置','json','2018-11-29 16:32:19','201811/',11672,'1543480339_系统设置',0,'-',0),(19,'vscode-setting','txt','2018-11-29 18:22:25','201811/',1902,'1543486945_vscode-setting',0,'-',0),(20,'vscode-setting','txt','2018-11-29 18:23:07','201811/',1902,'1543486987_vscode-setting',0,'-',0),(21,'刘亦菲','gif','2018-11-29 18:23:55','201811/',5116027,'1543487035_刘亦菲',0,'-',0),(22,'微信图片_20181122135157','jpg','2018-11-29 18:29:10','201811/',11887,'1543487350_微信图片_20181122135157',0,'-',0),(23,'微信图片_20181122135157','jpg','2018-11-29 18:29:25','201811/',11887,'1543487365_微信图片_20181122135157',0,'-',0),(24,'微信图片_20181122135157','jpg','2018-11-29 18:29:28','201811/',11887,'1543487368_微信图片_20181122135157',0,'-',0),(25,'微信图片_20181122135157','jpg','2018-11-29 18:29:33','201811/',11887,'1543487373_微信图片_20181122135157',0,'-',0),(26,'微信图片_20181122135157','jpg','2018-11-29 18:32:49','201811/',11887,'1543487569_微信图片_20181122135157',0,'-',0),(27,'微信图片_20181122135157','jpg','2018-11-29 18:36:27','201811/',11887,'1543487787_微信图片_20181122135157',0,'-',0),(28,'微信图片_20181122135157','jpg','2018-11-29 18:36:32','201811/',11887,'1543487792_微信图片_20181122135157',0,'-',0),(29,'微信图片_20181122135157','jpg','2018-11-29 18:36:35','201811/',11887,'1543487795_微信图片_20181122135157',0,'-',0),(30,'微信图片_20181122135157','jpg','2018-11-29 18:36:58','201811/',11887,'1543487818_微信图片_20181122135157',0,'-',0),(31,'微信图片_20181122135157','jpg','2018-11-29 18:37:10','201811/',11887,'1543487830_微信图片_20181122135157',0,'-',0),(32,'微信图片_20181122135157','jpg','2018-11-29 18:37:35','201811/',11887,'1543487855_微信图片_20181122135157',0,'-',0),(33,'微信图片_20181122135157','jpg','2018-11-29 18:37:38','201811/',11887,'1543487858_微信图片_20181122135157',0,'-',0),(34,'微信图片_20181122135157','jpg','2018-11-29 18:38:41','201811/',11887,'1543487921_微信图片_20181122135157',0,'-',0),(35,'微信图片_20181122135157','jpg','2018-11-29 18:39:03','201811/',11887,'1543487943_微信图片_20181122135157',0,'-',0),(36,'微信图片_20181122135157','jpg','2018-11-29 18:39:07','201811/',11887,'1543487947_微信图片_20181122135157',0,'-',0),(37,'微信图片_20181122135157','jpg','2018-11-29 18:39:10','201811/',11887,'1543487950_微信图片_20181122135157',0,'-',0),(38,'微信图片_20181122135157','jpg','2018-11-29 18:39:57','201811/',11887,'1543487997_微信图片_20181122135157',0,'-',0),(39,'微信图片_20181122135157','jpg','2018-11-29 18:40:01','201811/',11887,'1543488001_微信图片_20181122135157',0,'-',0),(40,'微信图片_20181122135157','jpg','2018-11-29 18:40:03','201811/',11887,'1543488003_微信图片_20181122135157',0,'-',0),(41,'微信图片_20181122135157','jpg','2018-11-29 18:41:39','201811/',11887,'1543488099_微信图片_20181122135157',0,'-',0),(42,'微信图片_20181122135157','jpg','2018-11-29 18:41:42','201811/',11887,'1543488102_微信图片_20181122135157',0,'-',0),(43,'微信图片_20181122135157','jpg','2018-11-29 18:41:45','201811/',11887,'1543488105_微信图片_20181122135157',0,'-',0),(44,'刘亦菲','gif','2018-11-29 18:42:04','201811/',5116027,'1543488124_刘亦菲',0,'-',0),(45,'刘亦菲','gif','2018-11-29 18:42:07','201811/',5116027,'1543488127_刘亦菲',0,'-',0),(46,'js运行机制','png','2018-11-29 18:44:55','201811/',187655,'1543488295_js运行机制',0,'-',0),(47,'刘亦菲','gif','2018-11-29 18:46:48','201811/',5116027,'1543488408_刘亦菲',0,'-',0),(48,'刘亦菲','gif','2018-11-29 18:46:53','201811/',5116027,'1543488413_刘亦菲',0,'-',0),(49,'刘亦菲','gif','2018-11-29 18:47:00','201811/',5116027,'1543488420_刘亦菲',0,'-',0),(50,'刘亦菲','gif','2018-11-29 18:52:41','201811/',5116027,'1543488761_刘亦菲',0,'-',0),(51,'刘亦菲','gif','2018-11-29 18:53:02','201811/',5116027,'1543488782_刘亦菲',0,'-',0),(52,'刘亦菲','gif','2018-11-29 18:53:15','201811/',5116027,'1543488795_刘亦菲',0,'-',0),(53,'刘亦菲','gif','2018-11-29 18:53:18','201811/',5116027,'1543488798_刘亦菲',0,'-',0),(54,'刘亦菲','gif','2018-11-29 18:53:22','201811/',5116027,'1543488802_刘亦菲',0,'-',0),(55,'刘亦菲','gif','2018-11-29 19:00:26','201811/',5116027,'1543489226_刘亦菲',0,'-',0),(56,NULL,NULL,'2018-11-30 09:38:25',NULL,0,NULL,42,'notice',0),(57,NULL,NULL,'2018-11-30 09:38:25',NULL,0,NULL,42,'notice',0),(58,NULL,NULL,'2018-11-30 09:38:25',NULL,0,NULL,42,'notice',0),(59,'系统设置','json','2018-11-30 09:42:08','201811/',11672,'1543541593_系统设置',43,'notice',0),(60,'系统设置','json','2018-11-30 09:47:43','201811/',11672,'1543541646_系统设置',18,'notice',1),(61,'a532d333c895d14321efbc1e71f082025baf0783','jpg','2018-11-30 09:47:43','201811/',403120,'1543542093_a532d333c895d14321efbc1e71f082025baf0783',18,'notice',0),(62,'a532d333c895d14321efbc1e71f082025baf0783','jpg','2018-11-30 09:43:25','201811/',403120,'1543542205_a532d333c895d14321efbc1e71f082025baf0783',0,'-',0),(63,'a532d333c895d14321efbc1e71f082025baf0783','jpg','2018-11-30 09:43:54','201811/',403120,'1543542234_a532d333c895d14321efbc1e71f082025baf0783',0,'-',0),(64,'6767178-a13d5324f8d8cd98','png','2018-11-30 09:43:57','201811/',229979,'1543542237_6767178-a13d5324f8d8cd98',0,'-',0),(65,'6767178-a13d5324f8d8cd98','png','2018-11-30 09:45:12','201811/',229979,'1543542312_6767178-a13d5324f8d8cd98',0,'-',0),(66,'a532d333c895d14321efbc1e71f082025baf0783','jpg','2018-11-30 09:46:01','201811/',403120,'1543542361_a532d333c895d14321efbc1e71f082025baf0783',0,'-',0),(67,'6767178-a13d5324f8d8cd98','png','2018-11-30 09:46:08','201811/',229979,'1543542368_6767178-a13d5324f8d8cd98',0,'-',0),(68,'6767178-a13d5324f8d8cd98','png','2018-11-30 09:51:17','201811/',229979,'1543542677_6767178-a13d5324f8d8cd98',0,'-',0),(69,'6767178-a13d5324f8d8cd98','png','2018-11-30 09:51:20','201811/',229979,'1543542680_6767178-a13d5324f8d8cd98',0,'-',0),(70,'6767178-a13d5324f8d8cd98','png','2018-11-30 09:51:22','201811/',229979,'1543542682_6767178-a13d5324f8d8cd98',0,'-',0),(71,'6767178-a13d5324f8d8cd98','png','2018-11-30 09:59:30','201811/',229979,'1543543161_6767178-a13d5324f8d8cd98',45,'notice',0),(72,'a532d333c895d14321efbc1e71f082025baf0783','jpg','2018-11-30 09:59:30','201811/',403120,'1543543166_a532d333c895d14321efbc1e71f082025baf0783',45,'notice',0),(73,'6767178-a13d5324f8d8cd98','png','2018-11-30 10:03:15','201811/',229979,'1543543395_6767178-a13d5324f8d8cd98',0,'-',0),(74,'6767178-a13d5324f8d8cd98','png','2018-11-30 10:03:33','201811/',229979,'1543543413_6767178-a13d5324f8d8cd98',0,'-',0),(75,'a532d333c895d14321efbc1e71f082025baf0783','jpg','2018-11-30 10:04:19','201811/',403120,'1543543459_a532d333c895d14321efbc1e71f082025baf0783',0,'-',0),(76,'6767178-a13d5324f8d8cd98','png','2018-11-30 10:04:22','201811/',229979,'1543543462_6767178-a13d5324f8d8cd98',0,'-',0),(77,'6767178-a13d5324f8d8cd98','png','2018-12-03 13:40:10','201812/',229979,'1543815610_6767178-a13d5324f8d8cd98',0,'-',0),(78,'6767178-a13d5324f8d8cd98','png','2018-12-03 14:03:12','201812/',229979,'1543816992_6767178-a13d5324f8d8cd98',0,'-',0),(79,'6767178-a13d5324f8d8cd98','png','2018-12-03 14:26:39','201812/',229979,'1543818399_6767178-a13d5324f8d8cd98',0,'-',0),(80,'a532d333c895d14321efbc1e71f082025baf0783','jpg','2018-12-03 14:35:18','201812/',403120,'1543818918_a532d333c895d14321efbc1e71f082025baf0783',0,'-',0),(81,'6767178-a13d5324f8d8cd98','png','2018-12-03 14:38:24','201812/',229979,'1543819104_6767178-a13d5324f8d8cd98',0,'-',0),(82,'6767178-a13d5324f8d8cd98','png','2018-12-03 14:38:26','201812/',229979,'1543819106_6767178-a13d5324f8d8cd98',0,'-',0),(83,'a532d333c895d14321efbc1e71f082025baf0783','jpg','2018-12-03 14:38:29','201812/',403120,'1543819109_a532d333c895d14321efbc1e71f082025baf0783',0,'-',0),(84,'a532d333c895d14321efbc1e71f082025baf0783','jpg','2018-12-03 14:40:34','201812/',403120,'1543819234_a532d333c895d14321efbc1e71f082025baf0783',0,'-',0),(85,'6767178-a13d5324f8d8cd98','png','2018-12-03 14:40:37','201812/',229979,'1543819237_6767178-a13d5324f8d8cd98',0,'-',0),(86,'6767178-a13d5324f8d8cd98','png','2018-12-03 14:40:42','201812/',229979,'1543819242_6767178-a13d5324f8d8cd98',0,'-',0),(87,'6767178-a13d5324f8d8cd98','png','2018-12-03 14:45:58','201812/',229979,'1543819558_6767178-a13d5324f8d8cd98',0,'-',0),(88,'a532d333c895d14321efbc1e71f082025baf0783','jpg','2018-12-03 14:46:04','201812/',403120,'1543819564_a532d333c895d14321efbc1e71f082025baf0783',0,'-',0),(89,'a532d333c895d14321efbc1e71f082025baf0783','jpg','2018-12-03 14:48:22','201812/',403120,'1543819702_a532d333c895d14321efbc1e71f082025baf0783',0,'-',0),(90,'6767178-a13d5324f8d8cd98','png','2018-12-03 14:48:24','201812/',229979,'1543819704_6767178-a13d5324f8d8cd98',0,'-',0),(91,'a532d333c895d14321efbc1e71f082025baf0783','jpg','2018-12-03 14:48:28','201812/',403120,'1543819708_a532d333c895d14321efbc1e71f082025baf0783',0,'-',0),(92,'6767178-a13d5324f8d8cd98','png','2018-12-03 14:49:11','201812/',229979,'1543819751_6767178-a13d5324f8d8cd98',0,'-',0),(93,'6767178-a13d5324f8d8cd98','png','2018-12-03 14:49:14','201812/',229979,'1543819754_6767178-a13d5324f8d8cd98',0,'-',0),(94,'6767178-a13d5324f8d8cd98','png','2018-12-03 14:49:16','201812/',229979,'1543819756_6767178-a13d5324f8d8cd98',0,'-',0),(95,'6767178-a13d5324f8d8cd98','png','2018-12-03 14:51:30','201812/',229979,'1543819890_6767178-a13d5324f8d8cd98',0,'-',0),(96,'6767178-a13d5324f8d8cd98','png','2018-12-03 14:51:32','201812/',229979,'1543819892_6767178-a13d5324f8d8cd98',0,'-',0),(97,'6767178-a13d5324f8d8cd98','png','2018-12-03 14:51:35','201812/',229979,'1543819895_6767178-a13d5324f8d8cd98',0,'-',0),(98,'6767178-a13d5324f8d8cd98','png','2018-12-03 14:52:37','201812/',229979,'1543819957_6767178-a13d5324f8d8cd98',0,'-',0),(99,'6767178-a13d5324f8d8cd98','png','2018-12-03 14:52:39','201812/',229979,'1543819959_6767178-a13d5324f8d8cd98',0,'-',0),(100,'6767178-a13d5324f8d8cd98','png','2018-12-03 14:52:41','201812/',229979,'1543819961_6767178-a13d5324f8d8cd98',0,'-',0),(101,'a532d333c895d14321efbc1e71f082025baf0783','jpg','2018-12-03 14:55:26','201812/',403120,'1543820126_a532d333c895d14321efbc1e71f082025baf0783',0,'-',0),(102,'6767178-a13d5324f8d8cd98','png','2018-12-03 14:55:29','201812/',229979,'1543820129_6767178-a13d5324f8d8cd98',0,'-',0),(103,'a532d333c895d14321efbc1e71f082025baf0783','jpg','2018-12-03 14:56:01','201812/',403120,'1543820161_a532d333c895d14321efbc1e71f082025baf0783',0,'-',0),(104,'6767178-a13d5324f8d8cd98','png','2018-12-03 14:56:04','201812/',229979,'1543820164_6767178-a13d5324f8d8cd98',0,'-',0),(105,'6767178-a13d5324f8d8cd98','png','2018-12-03 14:59:23','201812/',229979,'1543820363_6767178-a13d5324f8d8cd98',0,'-',0),(106,'a532d333c895d14321efbc1e71f082025baf0783','jpg','2018-12-03 14:59:25','201812/',403120,'1543820365_a532d333c895d14321efbc1e71f082025baf0783',0,'-',0),(107,'6767178-a13d5324f8d8cd98','png','2018-12-03 15:00:03','201812/',229979,'1543820403_6767178-a13d5324f8d8cd98',0,'-',0),(108,'a532d333c895d14321efbc1e71f082025baf0783','jpg','2018-12-03 15:00:06','201812/',403120,'1543820406_a532d333c895d14321efbc1e71f082025baf0783',0,'-',0),(109,'6767178-a13d5324f8d8cd98','png','2018-12-03 15:00:15','201812/',229979,'1543820415_6767178-a13d5324f8d8cd98',0,'-',0),(110,'a532d333c895d14321efbc1e71f082025baf0783','jpg','2018-12-03 15:03:38','201812/',403120,'1543820618_a532d333c895d14321efbc1e71f082025baf0783',0,'-',0),(111,'6767178-a13d5324f8d8cd98','png','2018-12-03 15:03:41','201812/',229979,'1543820621_6767178-a13d5324f8d8cd98',0,'-',0),(112,'a532d333c895d14321efbc1e71f082025baf0783','jpg','2018-12-03 15:03:44','201812/',403120,'1543820624_a532d333c895d14321efbc1e71f082025baf0783',0,'-',0),(113,'a532d333c895d14321efbc1e71f082025baf0783','jpg','2018-12-03 15:04:21','201812/',403120,'1543820661_a532d333c895d14321efbc1e71f082025baf0783',0,'-',0),(114,'6767178-a13d5324f8d8cd98','png','2018-12-03 15:04:24','201812/',229979,'1543820664_6767178-a13d5324f8d8cd98',0,'-',0),(115,'a532d333c895d14321efbc1e71f082025baf0783','jpg','2018-12-03 15:04:26','201812/',403120,'1543820666_a532d333c895d14321efbc1e71f082025baf0783',0,'-',0),(116,'a532d333c895d14321efbc1e71f082025baf0783','jpg','2018-12-03 15:06:51','201812/',403120,'1543820811_a532d333c895d14321efbc1e71f082025baf0783',0,'-',0),(117,'6767178-a13d5324f8d8cd98','png','2018-12-03 15:06:53','201812/',229979,'1543820813_6767178-a13d5324f8d8cd98',0,'-',0),(118,'a532d333c895d14321efbc1e71f082025baf0783','jpg','2018-12-03 15:06:56','201812/',403120,'1543820816_a532d333c895d14321efbc1e71f082025baf0783',0,'-',0),(119,'a532d333c895d14321efbc1e71f082025baf0783','jpg','2018-12-03 15:09:16','201812/',403120,'1543820956_a532d333c895d14321efbc1e71f082025baf0783',0,'-',0),(120,'a532d333c895d14321efbc1e71f082025baf0783','jpg','2018-12-03 15:09:19','201812/',403120,'1543820959_a532d333c895d14321efbc1e71f082025baf0783',0,'-',0),(121,'6767178-a13d5324f8d8cd98','png','2018-12-03 15:09:22','201812/',229979,'1543820962_6767178-a13d5324f8d8cd98',0,'-',0),(122,'a532d333c895d14321efbc1e71f082025baf0783','jpg','2018-12-03 15:14:11','201812/',403120,'1543821251_a532d333c895d14321efbc1e71f082025baf0783',0,'-',0),(123,'6767178-a13d5324f8d8cd98','png','2018-12-03 15:14:13','201812/',229979,'1543821253_6767178-a13d5324f8d8cd98',0,'-',0),(124,'6767178-a13d5324f8d8cd98','png','2018-12-03 15:14:33','201812/',229979,'1543821273_6767178-a13d5324f8d8cd98',0,'-',0),(125,'a532d333c895d14321efbc1e71f082025baf0783','jpg','2018-12-03 15:14:35','201812/',403120,'1543821275_a532d333c895d14321efbc1e71f082025baf0783',0,'-',0),(126,'6767178-a13d5324f8d8cd98','png','2018-12-03 15:14:38','201812/',229979,'1543821278_6767178-a13d5324f8d8cd98',0,'-',0),(127,'a532d333c895d14321efbc1e71f082025baf0783','jpg','2018-12-03 15:19:07','201812/',403120,'1543821547_a532d333c895d14321efbc1e71f082025baf0783',0,'-',0),(128,'6767178-a13d5324f8d8cd98','png','2018-12-03 15:19:09','201812/',229979,'1543821549_6767178-a13d5324f8d8cd98',0,'-',0),(129,'a532d333c895d14321efbc1e71f082025baf0783','jpg','2018-12-03 15:19:11','201812/',403120,'1543821551_a532d333c895d14321efbc1e71f082025baf0783',0,'-',0),(130,'6767178-a13d5324f8d8cd98','png','2018-12-03 15:20:54','201812/',229979,'1543821654_6767178-a13d5324f8d8cd98',0,'-',0),(131,'a532d333c895d14321efbc1e71f082025baf0783','jpg','2018-12-03 15:20:57','201812/',403120,'1543821657_a532d333c895d14321efbc1e71f082025baf0783',0,'-',0),(132,'6767178-a13d5324f8d8cd98','png','2018-12-03 15:20:59','201812/',229979,'1543821659_6767178-a13d5324f8d8cd98',0,'-',0),(133,'6767178-a13d5324f8d8cd98','png','2018-12-03 15:26:48','201812/',229979,'1543822008_6767178-a13d5324f8d8cd98',0,'-',0),(134,'a532d333c895d14321efbc1e71f082025baf0783','jpg','2018-12-03 15:26:49','201812/',403120,'1543822009_a532d333c895d14321efbc1e71f082025baf0783',0,'-',0),(135,'6767178-a13d5324f8d8cd98','png','2018-12-03 15:26:52','201812/',229979,'1543822012_6767178-a13d5324f8d8cd98',0,'-',0),(136,'a532d333c895d14321efbc1e71f082025baf0783','jpg','2018-12-03 15:26:56','201812/',403120,'1543822016_a532d333c895d14321efbc1e71f082025baf0783',0,'-',0),(137,'6767178-a13d5324f8d8cd98','png','2018-12-03 15:27:26','201812/',229979,'1543822046_6767178-a13d5324f8d8cd98',0,'-',0),(138,'a532d333c895d14321efbc1e71f082025baf0783','jpg','2018-12-03 15:27:28','201812/',403120,'1543822048_a532d333c895d14321efbc1e71f082025baf0783',0,'-',0),(139,'6767178-a13d5324f8d8cd98','png','2018-12-03 15:27:30','201812/',229979,'1543822050_6767178-a13d5324f8d8cd98',0,'-',0),(140,'a532d333c895d14321efbc1e71f082025baf0783','jpg','2018-12-03 15:27:33','201812/',403120,'1543822053_a532d333c895d14321efbc1e71f082025baf0783',0,'-',0),(141,'a532d333c895d14321efbc1e71f082025baf0783','jpg','2018-12-03 15:28:23','201812/',403120,'1543822103_a532d333c895d14321efbc1e71f082025baf0783',0,'-',0),(142,'a532d333c895d14321efbc1e71f082025baf0783','jpg','2018-12-03 15:28:26','201812/',403120,'1543822106_a532d333c895d14321efbc1e71f082025baf0783',0,'-',0),(143,'a532d333c895d14321efbc1e71f082025baf0783','jpg','2018-12-03 15:29:00','201812/',403120,'1543822140_a532d333c895d14321efbc1e71f082025baf0783',0,'-',0),(144,'6767178-a13d5324f8d8cd98','png','2018-12-03 17:33:59','201812/',229979,'1543822143_6767178-a13d5324f8d8cd98',47,'notice',1),(145,'a532d333c895d14321efbc1e71f082025baf0783','jpg','2018-12-03 17:33:59','201812/',403120,'1543822146_a532d333c895d14321efbc1e71f082025baf0783',47,'notice',0),(146,'a532d333c895d14321efbc1e71f082025baf0783','jpg','2018-12-03 17:33:59','201812/',403120,'1543822154_a532d333c895d14321efbc1e71f082025baf0783',47,'notice',0),(147,'6767178-a13d5324f8d8cd98','png','2018-12-03 16:17:29','201812/',229979,'1543825049_6767178-a13d5324f8d8cd98',0,'-',0),(148,'6767178-a13d5324f8d8cd98','png','2018-12-03 16:18:03','201812/',229979,'1543825083_6767178-a13d5324f8d8cd98',0,'-',0),(149,'6767178-a13d5324f8d8cd98','png','2018-12-03 16:26:16','201812/',229979,'1543825576_6767178-a13d5324f8d8cd98',0,'-',0),(150,'6767178-a13d5324f8d8cd98','png','2018-12-03 16:30:59','201812/',229979,'1543825859_6767178-a13d5324f8d8cd98',0,'-',0),(151,'a532d333c895d14321efbc1e71f082025baf0783','jpg','2018-12-03 16:32:08','201812/',403120,'1543825928_a532d333c895d14321efbc1e71f082025baf0783',0,'-',0),(152,'a532d333c895d14321efbc1e71f082025baf0783','jpg','2018-12-03 16:32:22','201812/',403120,'1543825942_a532d333c895d14321efbc1e71f082025baf0783',0,'-',0),(153,'6767178-a13d5324f8d8cd98','png','2018-12-03 16:32:26','201812/',229979,'1543825946_6767178-a13d5324f8d8cd98',0,'-',0),(154,'6767178-a13d5324f8d8cd98','png','2018-12-03 16:32:37','201812/',229979,'1543825957_6767178-a13d5324f8d8cd98',0,'-',0),(155,'6767178-a13d5324f8d8cd98','png','2018-12-03 16:34:40','201812/',229979,'1543826080_6767178-a13d5324f8d8cd98',0,'-',0),(156,'6767178-a13d5324f8d8cd98','png','2018-12-03 16:35:19','201812/',229979,'1543826119_6767178-a13d5324f8d8cd98',0,'-',0),(157,'6767178-a13d5324f8d8cd98','png','2018-12-03 16:37:36','201812/',229979,'1543826256_6767178-a13d5324f8d8cd98',0,'-',0),(158,'6767178-a13d5324f8d8cd98','png','2018-12-03 17:33:59','201812/',229979,'1543826369_6767178-a13d5324f8d8cd98',47,'notice',0);

/*Table structure for table `integral` */

DROP TABLE IF EXISTS `integral`;

CREATE TABLE `integral` (
  `id` int(11) NOT NULL COMMENT '积分ID',
  `cognizance_user_id` int(11) DEFAULT NULL COMMENT '认定人ID',
  `responsibility_user_id` int(11) DEFAULT NULL COMMENT '责任人ID',
  `manuscript_id` int(11) DEFAULT NULL COMMENT '工作底稿ID',
  `receipt_id` int(11) DEFAULT NULL COMMENT '回执ID',
  `score` int(11) DEFAULT NULL COMMENT '分值（除以100显示）',
  `time` timestamp NOT NULL DEFAULT CURRENT_TIMESTAMP ON UPDATE CURRENT_TIMESTAMP COMMENT '日期',
  `delete` tinyint(1) DEFAULT '0' COMMENT '删除（0未删|删除）',
  PRIMARY KEY (`id`)
) ENGINE=MyISAM DEFAULT CHARSET=utf8;

/*Data for the table `integral` */

/*Table structure for table `integral_edit` */

DROP TABLE IF EXISTS `integral_edit`;

CREATE TABLE `integral_edit` (
  `id` int(11) NOT NULL COMMENT '积分修改ID',
  `integral_id` int(11) DEFAULT NULL COMMENT '积分表ID',
  `score` int(11) DEFAULT NULL COMMENT '积分（除以100显示）',
  `user_id` int(11) DEFAULT NULL COMMENT '发起人修改ID',
  `describe` varchar(5000) DEFAULT NULL COMMENT '描述',
  `state` enum('draft','report','reject','adopt') DEFAULT 'draft' COMMENT '状态（draft草稿|report上报|reject驳回|adopt通过）',
  `delete` tinyint(1) NOT NULL DEFAULT '0' COMMENT '删除（0未删|1删除）',
  PRIMARY KEY (`id`)
) ENGINE=MyISAM DEFAULT CHARSET=utf8;

/*Data for the table `integral_edit` */

/*Table structure for table `login` */

DROP TABLE IF EXISTS `login`;

CREATE TABLE `login` (
  `login_id` int(11) NOT NULL AUTO_INCREMENT COMMENT '登录id',
  `user_code` int(11) NOT NULL COMMENT '员工号',
  `password` char(50) DEFAULT NULL COMMENT '登录密码',
  `is_use` tinyint(1) DEFAULT '0' COMMENT '是否禁用（1启用0禁用）',
  `change_pd_time` timestamp NOT NULL DEFAULT '0000-00-00 00:00:00' COMMENT '最后修改密码时间',
  `login_num` int(6) DEFAULT '0' COMMENT '登录次数',
  `login_time` timestamp NOT NULL DEFAULT '0000-00-00 00:00:00' COMMENT '最后登录时间',
  `author_id` int(11) DEFAULT NULL COMMENT '授权人',
  `delete` tinyint(1) DEFAULT '0' COMMENT '删除（0未删1删除）',
  PRIMARY KEY (`user_code`),
  KEY `login_id` (`login_id`)
) ENGINE=MyISAM AUTO_INCREMENT=5 DEFAULT CHARSET=utf8;

/*Data for the table `login` */

insert  into `login`(`login_id`,`user_code`,`password`,`is_use`,`change_pd_time`,`login_num`,`login_time`,`author_id`,`delete`) values (3,10001,'3b1ac6e9a16ff76879e5888483e118a8',1,'2018-11-29 18:10:57',0,'2018-12-03 10:48:57',2,0),(4,10002,'78dc8bbc86eb472b3db1d0b025714ec1',1,'0000-00-00 00:00:00',7,'2018-12-06 17:19:23',2,0);

/*Table structure for table `logs` */

DROP TABLE IF EXISTS `logs`;

CREATE TABLE `logs` (
  `id` int(11) NOT NULL AUTO_INCREMENT COMMENT '日志ID',
  `url` char(200) DEFAULT NULL COMMENT 'URL',
  `user_id` int(11) DEFAULT NULL COMMENT '操作人ID',
  `msg` varchar(5000) DEFAULT NULL COMMENT '操作说明',
  `method` char(10) DEFAULT NULL COMMENT '请求方法',
  `data` varchar(5000) DEFAULT NULL COMMENT '参数',
  `time` timestamp NULL DEFAULT NULL COMMENT '操作时间',
  `server` char(20) DEFAULT NULL COMMENT '服务',
  `ip` char(15) DEFAULT NULL COMMENT 'IP地址',
  `delete` tinyint(1) DEFAULT '0' COMMENT '删除（0未删1删除）',
  PRIMARY KEY (`id`)
) ENGINE=MyISAM AUTO_INCREMENT=5913 DEFAULT CHARSET=utf8;

/*Data for the table `logs` */

/*Table structure for table `menu` */

DROP TABLE IF EXISTS `menu`;

CREATE TABLE `menu` (
  `id` int(11) NOT NULL AUTO_INCREMENT COMMENT '主键ID',
  `path` char(250) DEFAULT NULL COMMENT '路径',
  `name` char(250) DEFAULT NULL COMMENT '路由名称',
  `title` char(250) DEFAULT NULL COMMENT '名称',
  `icon` char(50) DEFAULT NULL COMMENT '图标',
  `no_cache` tinyint(1) NOT NULL DEFAULT '1' COMMENT '是否缓存',
  `parent_id` int(11) NOT NULL DEFAULT '-1' COMMENT '父级菜单',
  `has_child` tinyint(1) NOT NULL DEFAULT '0' COMMENT '是否有子菜单',
  `order` int(2) NOT NULL DEFAULT '0' COMMENT '排序',
  `is_use` tinyint(1) NOT NULL DEFAULT '0' COMMENT '是否启用（0禁用1启用）',
  `time` timestamp NULL DEFAULT '0000-00-00 00:00:00' COMMENT '更新日期',
  `delete` tinyint(1) NOT NULL DEFAULT '0' COMMENT '删除（0未删|1删除）',
  PRIMARY KEY (`id`)
) ENGINE=MyISAM AUTO_INCREMENT=24 DEFAULT CHARSET=utf8;

/*Data for the table `menu` */

insert  into `menu`(`id`,`path`,`name`,`title`,`icon`,`no_cache`,`parent_id`,`has_child`,`order`,`is_use`,`time`,`delete`) values (1,'','','','',1,-1,1,1,1,'2018-12-06 09:15:55',0),(2,'dashboard','Dashboard','dashboard','dashboard',1,1,0,0,0,'2018-12-06 09:16:41',0),(3,'/guide','','','',1,-1,1,2,1,'2018-12-06 09:17:06',0),(4,'index','Guide','guide','guide',1,3,0,0,1,'2018-12-06 09:17:44',0),(5,'/personal','','','',1,-1,1,3,1,'2018-12-06 09:18:09',0),(6,'index','Personal','personal','user',1,5,0,0,1,'2018-12-06 09:19:57',0),(7,'/organization','organization','organization','component',1,-1,1,4,1,'2018-12-06 09:20:43',0),(8,'notice','notice','notice','notice',1,7,0,1,1,'2018-12-06 09:21:10',0),(9,'departmentManagement','departmentManagement','departmentManagement','',1,7,0,2,1,'2018-12-06 09:21:31',0),(10,'personnelManagement','personnelManagement','personnelManagement','',1,7,0,3,1,'2018-12-06 09:21:41',0),(11,'managementMethods','managementMethods','managementMethods','',1,7,0,4,1,'2018-12-06 09:21:47',0),(12,'/audit','audit','audit','international',1,-1,1,5,1,'2018-12-06 09:22:10',0),(13,'workManuscript','workManuscript','workManuscript','',1,12,0,1,1,'2018-12-06 09:23:00',0),(14,'confirmation','confirmation','confirmation','',1,12,0,2,1,'2018-12-06 09:23:08',0),(15,'punishNotice','punishNotice','punishNotice','',1,12,0,3,1,'2018-12-06 09:23:16',0),(16,'integralTable','integralTable','integralTable','',1,12,0,4,1,'2018-12-06 09:23:25',0),(17,'statisticalAnalysis','statisticalAnalysis','statisticalAnalysis','',1,12,0,5,1,'2018-12-06 09:23:31',0),(18,'/system','system','system','example',1,-1,1,6,1,'2018-12-06 09:23:47',0),(19,'dictionaryManagement','dictionaryManagement','dictionaryManagement','',1,18,0,1,1,'2018-12-06 09:25:58',0),(20,'loginManagement','loginManagement','loginManagement','',1,18,0,2,1,'2018-12-06 09:26:06',0),(21,'menusManagement','menusManagement','menusManagement','',1,18,0,3,1,'2018-12-06 09:26:19',0),(22,'powerManagement','powerManagement','powerManagement','',1,18,0,4,1,'2018-12-06 09:26:27',0),(23,'systemLog','systemLog','systemLog','',1,18,0,5,1,'2018-12-06 09:26:33',0);

/*Table structure for table `notice` */

DROP TABLE IF EXISTS `notice`;

CREATE TABLE `notice` (
  `id` int(11) NOT NULL AUTO_INCREMENT COMMENT '公告ID',
  `department_id` int(11) NOT NULL COMMENT '机构ID',
  `title` char(100) DEFAULT NULL COMMENT '标题',
  `content` longtext COMMENT '公告内容',
  `time` timestamp NULL DEFAULT '0000-00-00 00:00:00' ON UPDATE CURRENT_TIMESTAMP COMMENT '发布时间',
  `range` enum('1','2') DEFAULT '1' COMMENT '通知范围（1所有部门，2指定部门）',
  `state` enum('draft','publish') DEFAULT 'draft' COMMENT '状态（draft草稿publish发布）',
  `delete` int(11) DEFAULT '0' COMMENT '删除（0未删1已删）',
  PRIMARY KEY (`id`,`department_id`)
) ENGINE=MyISAM AUTO_INCREMENT=48 DEFAULT CHARSET=utf8;

/*Data for the table `notice` */

insert  into `notice`(`id`,`department_id`,`title`,`content`,`time`,`range`,`state`,`delete`) values (1,1,'公告1','公告内容1','2018-11-26 15:20:19','2','',1),(2,1,'公告1','公告内容1','2018-11-26 15:22:20','2','',1),(3,1,'公告1','公告内容1','2018-11-29 16:51:15','2','publish',0),(4,1,'公告1','公告内容1','2018-11-29 16:51:17','2','publish',0),(5,1,'公告1','公告内容1','2018-11-26 16:10:55','2','',1),(6,1,'公告1','公告内容1','2018-11-26 16:12:04','2','',1),(7,1,'公告1','公告内容1','2018-11-29 16:51:19','2','publish',0),(8,1,'公告1','公告内容1','2018-11-29 16:51:21','2','publish',0),(9,1,'公告1','公告内容1','2018-11-29 16:51:22','2','publish',0),(10,1,'公告1','公告内容1','2018-11-29 16:51:24','2','publish',0),(11,1,'公告1','公告内容1','2018-11-29 16:51:26','2','publish',0),(12,1,'公告1','公告内容1','2018-11-29 16:51:28','2','publish',0),(13,1,'公告1','公告内容1','2018-11-29 16:51:31','2','publish',0),(14,1,'公告1','公告内容1','2018-11-29 16:51:33','2','publish',0),(15,1,'公告1','公告内容1','2018-11-26 16:18:31','2','',1),(16,1,'公告1','公告内容1','2018-11-26 17:15:51','1','',1),(17,1,'公告1','公告内容1','2018-11-26 16:19:38','2','',1),(18,1,'公告18','公告内容18','2018-11-30 09:47:43','2','draft',0),(19,1,'公告1','公告内容1','2018-11-27 09:44:51','2','draft',0),(20,1,'公告1','公告内容1','2018-11-29 16:51:10','2','publish',0),(21,1,'公告1','公告内容1','2018-11-29 16:51:12','2','publish',0),(22,1,'公告1','公告内容1','2018-11-29 16:50:37','2','publish',0),(23,1,'公告1','公告内容1','2018-11-29 16:50:36','2','publish',0),(24,1,'公告1','公告内容1','2018-11-29 16:50:32','2','publish',0),(25,1,'公告1','公告内容1','2018-11-28 10:09:58','2','draft',1),(26,1,'公告1','<p>公告内容1</p>','2018-11-28 10:19:04','2','draft',1),(27,1,'公告1','<p>公告内容234567</p>','2018-11-28 10:12:35','1','draft',0),(28,1,'公告1','公告内容1','2018-11-28 10:09:44','2','draft',1),(29,1,'公告1','公告内容1','2018-11-29 16:50:18','2','publish',0),(30,1,'','','2018-11-29 17:49:36','2','draft',1),(31,1,'','','2018-11-29 17:49:33','','draft',1),(32,1,'','','2018-11-29 18:10:48','','draft',1),(33,1,'','','2018-11-29 18:10:42','','draft',1),(34,1,'','','2018-11-29 18:10:47','','draft',1),(35,1,'','','2018-11-29 18:10:44','','draft',1),(36,1,'','','2018-12-03 10:32:27','','draft',1),(37,1,'','','2018-12-03 10:35:39','','publish',1),(38,1,'','','2018-12-03 10:32:37','','draft',1),(39,1,'','','2018-12-03 10:32:34','','publish',1),(40,1,'公告1','公告内容1','2018-11-30 09:34:47','2','draft',0),(41,1,'公告1','公告内容1','2018-11-30 09:37:04','2','draft',1),(42,1,'公告1','公告内容1','2018-11-30 09:38:25','2','draft',0),(43,1,'公告1','公告内容1','2018-11-30 09:42:08','2','draft',0),(44,1,'','','2018-12-03 10:32:21','','draft',1),(45,1,'测试标题','<p>测试内容</p>','2018-11-30 09:59:30','1','draft',0),(46,1,'公告1','[]','2018-11-30 11:58:44','','draft',0),(47,1,'测试标题1','<p>这是测试内容</p>','2018-12-03 17:33:59','1','draft',0);

/*Table structure for table `notice_file` */

DROP TABLE IF EXISTS `notice_file`;

CREATE TABLE `notice_file` (
  `id` int(11) NOT NULL AUTO_INCREMENT COMMENT '主键ID',
  `file_id` int(11) DEFAULT NULL COMMENT '通知附件ID',
  `notice_id` int(11) NOT NULL COMMENT '通知ID',
  PRIMARY KEY (`id`,`notice_id`)
) ENGINE=MyISAM AUTO_INCREMENT=46 DEFAULT CHARSET=utf8;

/*Data for the table `notice_file` */

insert  into `notice_file`(`id`,`file_id`,`notice_id`) values (1,1,3),(2,2,3),(3,3,3),(4,1,4),(5,2,4),(6,3,4),(7,1,13),(8,2,13),(9,3,13),(10,1,14),(11,2,14),(12,3,14),(13,1,16),(14,2,16),(16,56,40),(17,57,40),(18,58,40),(19,56,41),(20,57,41),(21,58,41),(22,56,42),(23,57,42),(24,58,42),(25,59,43),(26,60,43),(29,61,18),(30,71,45),(31,72,45),(45,158,47),(44,146,47),(43,145,47);

/*Table structure for table `notice_inform` */

DROP TABLE IF EXISTS `notice_inform`;

CREATE TABLE `notice_inform` (
  `id` int(11) NOT NULL AUTO_INCREMENT COMMENT '主键ID',
  `department_id` int(11) NOT NULL COMMENT '机构ID',
  `notice_id` int(11) NOT NULL COMMENT '公告ID',
  PRIMARY KEY (`id`,`notice_id`)
) ENGINE=MyISAM AUTO_INCREMENT=52 DEFAULT CHARSET=utf8;

/*Data for the table `notice_inform` */

insert  into `notice_inform`(`id`,`department_id`,`notice_id`) values (1,1,3),(2,2,3),(3,3,3),(4,4,3),(5,1,4),(6,2,4),(7,3,4),(8,4,4),(9,2,13),(10,23,13),(11,5,13),(12,5,14),(51,5,18),(50,2,18),(49,1,18),(18,1,19),(22,1,20),(23,1,21),(24,1,22),(25,1,23),(26,1,24),(38,1,30),(37,1,29),(29,1,27),(39,1,40),(40,1,41),(41,1,42),(42,1,43);

/*Table structure for table `programme` */

DROP TABLE IF EXISTS `programme`;

CREATE TABLE `programme` (
  `id` int(11) NOT NULL AUTO_INCREMENT COMMENT '方案ID',
  PRIMARY KEY (`id`)
) ENGINE=MyISAM DEFAULT CHARSET=utf8;

/*Data for the table `programme` */

/*Table structure for table `punish_notice` */

DROP TABLE IF EXISTS `punish_notice`;

CREATE TABLE `punish_notice` (
  `id` int(11) NOT NULL COMMENT '处罚通知ID',
  `confirmation_id` int(11) DEFAULT NULL COMMENT '确认书ID',
  `manuscript_id` int(11) DEFAULT NULL COMMENT '工作底稿ID',
  `clause_id` int(11) DEFAULT NULL COMMENT '管理办法ID',
  `integral_id` int(11) DEFAULT NULL COMMENT '积分表ID',
  `number` char(50) DEFAULT NULL COMMENT '文件号',
  `state` enum('draft','publish') DEFAULT NULL COMMENT '状态（draft草稿|publish发布）',
  `delete` tinyint(1) DEFAULT '0' COMMENT '删除（0未删|1删除）',
  PRIMARY KEY (`id`)
) ENGINE=MyISAM DEFAULT CHARSET=utf8;

/*Data for the table `punish_notice` */

/*Table structure for table `rbac` */

DROP TABLE IF EXISTS `rbac`;

CREATE TABLE `rbac` (
  `rid` int(11) NOT NULL AUTO_INCREMENT COMMENT '权限主键ID',
  `key` char(20) NOT NULL DEFAULT '-' COMMENT '角色key（字典）',
  `menu_id` int(11) NOT NULL DEFAULT '0' COMMENT '菜单ID',
  `is_read` tinyint(1) NOT NULL DEFAULT '0' COMMENT '是否可读',
  `is_write` tinyint(1) NOT NULL DEFAULT '0' COMMENT '是否可写',
  PRIMARY KEY (`rid`)
) ENGINE=MyISAM AUTO_INCREMENT=29 DEFAULT CHARSET=utf8;

/*Data for the table `rbac` */

insert  into `rbac`(`rid`,`key`,`menu_id`,`is_read`,`is_write`) values (28,'management',4,1,1),(27,'management',2,1,1),(26,'management',1,1,1);

/*Table structure for table `rectify` */

DROP TABLE IF EXISTS `rectify`;

CREATE TABLE `rectify` (
  `id` int(11) NOT NULL AUTO_INCREMENT COMMENT '整改通知主键ID',
  PRIMARY KEY (`id`)
) ENGINE=MyISAM DEFAULT CHARSET=utf8;

/*Data for the table `rectify` */

/*Table structure for table `rectify_report` */

DROP TABLE IF EXISTS `rectify_report`;

CREATE TABLE `rectify_report` (
  `id` int(11) NOT NULL AUTO_INCREMENT COMMENT '整改报告ID',
  `rectify_id` int(11) DEFAULT NULL COMMENT '整改通知ID',
  PRIMARY KEY (`id`)
) ENGINE=MyISAM DEFAULT CHARSET=utf8;

/*Data for the table `rectify_report` */

/*Table structure for table `user_job` */

DROP TABLE IF EXISTS `user_job`;

CREATE TABLE `user_job` (
  `id` int(11) NOT NULL AUTO_INCREMENT COMMENT '主键ID',
  `user_id` int(11) DEFAULT NULL COMMENT '人员ID',
  `job` char(20) DEFAULT NULL COMMENT '岗位',
  PRIMARY KEY (`id`)
) ENGINE=MyISAM DEFAULT CHARSET=utf8;

/*Data for the table `user_job` */

/*Table structure for table `users` */

DROP TABLE IF EXISTS `users`;

CREATE TABLE `users` (
  `user_id` int(11) NOT NULL AUTO_INCREMENT COMMENT '人员ID',
  `department_id` int(11) NOT NULL COMMENT '部门ID',
  `user_name` char(50) DEFAULT NULL COMMENT '姓名',
  `user_code` char(20) NOT NULL COMMENT '员工号',
  `class` char(20) DEFAULT NULL COMMENT '民族',
  `sex` enum('0','1','2') NOT NULL DEFAULT '0' COMMENT '性别（0保密1女2男）',
  `id_card` char(18) DEFAULT NULL COMMENT '身份证',
  `update_time` timestamp NOT NULL DEFAULT '0000-00-00 00:00:00' COMMENT '更新时间',
  `delete` tinyint(1) NOT NULL DEFAULT '0' COMMENT '是否删除',
  PRIMARY KEY (`user_id`,`department_id`,`user_code`)
) ENGINE=MyISAM AUTO_INCREMENT=21 DEFAULT CHARSET=utf8;

/*Data for the table `users` */

insert  into `users`(`user_id`,`department_id`,`user_name`,`user_code`,`class`,`sex`,`id_card`,`update_time`,`delete`) values (1,1,'小明','10001','汉','0','522623-----------','2018-11-30 16:40:33',0),(2,0,'小王','10002',NULL,'0',NULL,'2018-11-27 14:06:43',0),(11,1,'测试','10086','苗','0','56541321564','2018-11-26 17:06:32',0),(15,1,'刘德华','561641','汉','0','41461386995252','2018-11-30 10:41:37',0),(14,1,'梁朝伟','10023146','汉','0','564841318411','2018-11-30 10:40:41',0),(13,1,'张国荣','10234','汉','0','5649825134546','2018-11-29 15:53:22',0),(12,1,'1','21','汉','1','123456578','2018-12-04 13:22:41',0),(16,1,'张学友','2131446','汉','0','318656461315941','2018-11-30 16:21:16',0),(17,1,'','0','','','','2018-11-30 16:27:57',1),(18,1,'','8888888','','0','','2018-11-30 16:30:57',1),(19,1,'2121313213','131121346723142','','','','2018-11-30 16:33:54',1),(20,1,'232','1110101011','','0','','2018-11-30 16:34:16',1);

/*!40101 SET SQL_MODE=@OLD_SQL_MODE */;
/*!40014 SET FOREIGN_KEY_CHECKS=@OLD_FOREIGN_KEY_CHECKS */;
/*!40014 SET UNIQUE_CHECKS=@OLD_UNIQUE_CHECKS */;
/*!40111 SET SQL_NOTES=@OLD_SQL_NOTES */;
