/*
SQLyog Ultimate v12.09 (64 bit)
MySQL - 5.5.53-log : Database - audit_integral
*********************************************************************
*/

/*!40101 SET NAMES utf8 */;

/*!40101 SET SQL_MODE=''*/;

/*!40014 SET @OLD_UNIQUE_CHECKS=@@UNIQUE_CHECKS, UNIQUE_CHECKS=0 */;
/*!40014 SET @OLD_FOREIGN_KEY_CHECKS=@@FOREIGN_KEY_CHECKS, FOREIGN_KEY_CHECKS=0 */;
/*!40101 SET @OLD_SQL_MODE=@@SQL_MODE, SQL_MODE='NO_AUTO_VALUE_ON_ZERO' */;
/*!40111 SET @OLD_SQL_NOTES=@@SQL_NOTES, SQL_NOTES=0 */;
CREATE DATABASE /*!32312 IF NOT EXISTS*/`audit_integral` /*!40100 DEFAULT CHARACTER SET utf8 */;

USE `audit_integral`;

/*Table structure for table `clause` */

DROP TABLE IF EXISTS `clause`;

CREATE TABLE `clause` (
  `id` int(11) NOT NULL COMMENT '管理办法及条款ID',
  `department_id` int(11) DEFAULT NULL COMMENT '所属部门ID',
  `title` char(200) DEFAULT NULL COMMENT '管理办法及条款标题',
  `author_id` int(11) DEFAULT NULL COMMENT '发布人ID',
  `update_time` timestamp NOT NULL DEFAULT CURRENT_TIMESTAMP ON UPDATE CURRENT_TIMESTAMP COMMENT '更新时间',
  `state` enum('draft','publish') DEFAULT 'draft' COMMENT '状态（draft草稿publish发布）',
  `delete` tinyint(1) DEFAULT '0' COMMENT '删除（0未删1删除）',
  PRIMARY KEY (`id`)
) ENGINE=MyISAM DEFAULT CHARSET=utf8;

/*Data for the table `clause` */

/*Table structure for table `clause_content` */

DROP TABLE IF EXISTS `clause_content`;

CREATE TABLE `clause_content` (
  `id` int(11) NOT NULL COMMENT '管理办法内容ID',
  `is_title` tinyint(1) DEFAULT '0' COMMENT '是否为标题（0内容1标题）',
  `title_level` char(20) DEFAULT NULL COMMENT '标题级别',
  `content` varchar(1000) DEFAULT NULL COMMENT '内容',
  `order` int(4) DEFAULT NULL COMMENT '顺序',
  `delete` tinyint(1) DEFAULT '0' COMMENT '删除（0未删1删除）',
  PRIMARY KEY (`id`)
) ENGINE=MyISAM DEFAULT CHARSET=utf8;

/*Data for the table `clause_content` */

/*Table structure for table `clause_file` */

DROP TABLE IF EXISTS `clause_file`;

CREATE TABLE `clause_file` (
  `clause_id` int(11) DEFAULT NULL COMMENT '管理办法ID',
  `file_id` int(11) DEFAULT NULL COMMENT '附件ID'
) ENGINE=MyISAM DEFAULT CHARSET=utf8;

/*Data for the table `clause_file` */

/*Table structure for table `confirmation` */

DROP TABLE IF EXISTS `confirmation`;

CREATE TABLE `confirmation` (
  `id` int(11) NOT NULL COMMENT '确认书ID',
  `manuscript_id` int(11) NOT NULL COMMENT '工作底稿ID',
  `confirmation_receipt_id` int(11) DEFAULT NULL COMMENT '确认书回执ID',
  `file_id` int(11) DEFAULT NULL COMMENT '图片ID',
  `proposal` varchar(2000) DEFAULT NULL COMMENT '单位意见或者建议',
  `delete` tinyint(1) DEFAULT '0' COMMENT '删除（0未删|1删除）',
  PRIMARY KEY (`id`,`manuscript_id`)
) ENGINE=MyISAM DEFAULT CHARSET=utf8;

/*Data for the table `confirmation` */

/*Table structure for table `confirmation_receipt` */

DROP TABLE IF EXISTS `confirmation_receipt`;

CREATE TABLE `confirmation_receipt` (
  `id` int(11) NOT NULL COMMENT '确认书回执ID',
  `content` varchar(5000) DEFAULT NULL COMMENT '回复内容',
  `time` timestamp NOT NULL DEFAULT CURRENT_TIMESTAMP ON UPDATE CURRENT_TIMESTAMP COMMENT '回执时间',
  `delete` tinyint(1) DEFAULT '0' COMMENT '删除（0未删|1删除）',
  PRIMARY KEY (`id`)
) ENGINE=MyISAM DEFAULT CHARSET=utf8;

/*Data for the table `confirmation_receipt` */

/*Table structure for table `confirmation_receipt_content` */

DROP TABLE IF EXISTS `confirmation_receipt_content`;

CREATE TABLE `confirmation_receipt_content` (
  `id` int(11) NOT NULL COMMENT '整改项ID',
  `confirmation_receipt` int(11) DEFAULT NULL COMMENT '确认书回执ID',
  `behavior_id` int(11) DEFAULT NULL COMMENT '违规行为ID',
  `result` char(250) DEFAULT NULL COMMENT '整改结果',
  `time` timestamp NOT NULL DEFAULT CURRENT_TIMESTAMP ON UPDATE CURRENT_TIMESTAMP COMMENT '整改时间',
  PRIMARY KEY (`id`)
) ENGINE=MyISAM DEFAULT CHARSET=utf8;

/*Data for the table `confirmation_receipt_content` */

/*Table structure for table `department` */

DROP TABLE IF EXISTS `department`;

CREATE TABLE `department` (
  `id` int(11) NOT NULL AUTO_INCREMENT COMMENT '部门ID',
  `name` char(50) DEFAULT NULL COMMENT '部门名称',
  `parent_id` int(11) DEFAULT NULL COMMENT '上级部门ID',
  `code` char(50) DEFAULT NULL COMMENT '部门编码',
  `level` char(20) DEFAULT NULL COMMENT '部门级别',
  `grade` int(3) DEFAULT NULL COMMENT '所在部门树的层级',
  `address` char(250) DEFAULT NULL COMMENT '地址',
  `phone` char(11) DEFAULT NULL COMMENT '手机号或者电话',
  `update_time` timestamp NULL DEFAULT NULL COMMENT '更新时间',
  `delete` tinyint(1) DEFAULT '0' COMMENT '是否删除（0未删1删除）',
  PRIMARY KEY (`id`)
) ENGINE=MyISAM AUTO_INCREMENT=39 DEFAULT CHARSET=utf8;

/*Data for the table `department` */

insert  into `department`(`id`,`name`,`parent_id`,`code`,`level`,`grade`,`address`,`phone`,`update_time`,`delete`) values (1,'部门1',-1,'d1','1',NULL,'0','','0000-00-00 00:00:00',0),(2,'部门1',-1,'d1','1',NULL,'贵州贵阳','','0000-00-00 00:00:00',0),(3,'部门1',-1,'d1','1',NULL,'贵州贵阳','','0000-00-00 00:00:00',1),(4,'部门1',-1,'d1','1',NULL,'贵州贵阳','','0000-00-00 00:00:00',0),(5,'部门1',-1,'d1','1',NULL,'贵州贵阳','','0000-00-00 00:00:00',0),(6,'部门1',-1,'d1','1',NULL,'贵州贵阳','','0000-00-00 00:00:00',0),(7,'部门1',-1,'d1','1',NULL,'贵州贵阳','','0000-00-00 00:00:00',0),(8,'部门1',-1,'d1','1',NULL,'贵州贵阳','','0000-00-00 00:00:00',0),(9,'部门1',-1,'d1','1',NULL,'贵州贵阳','','0000-00-00 00:00:00',0),(10,'部门1',-1,'d1','1',NULL,'贵州贵阳','','0000-00-00 00:00:00',0),(11,'部门1',-1,'d1','1',NULL,'贵州贵阳','','0000-00-00 00:00:00',0),(12,'部门1',-1,'d1','1',NULL,'贵州贵阳','','0000-00-00 00:00:00',0),(13,'部门1',-1,'d1','1',NULL,'贵州贵阳','','0000-00-00 00:00:00',0),(14,'部门1',-1,'d1','1',NULL,'贵州贵阳','','0000-00-00 00:00:00',0),(15,'部门1',-1,'d1','1',NULL,'贵州贵阳','','0000-00-00 00:00:00',0),(16,'部门1',-1,'d1','1',NULL,'贵州贵阳','','0000-00-00 00:00:00',0),(17,'部门1',-1,'d1','1',NULL,'贵州贵阳','','0000-00-00 00:00:00',1),(18,'部门1',-1,'d1','1',NULL,'贵州贵阳','','0000-00-00 00:00:00',0),(19,'部门1',-1,'d1','1',NULL,'贵州贵阳','','0000-00-00 00:00:00',0),(20,'部门1',-1,'d12','1',NULL,'贵州贵阳1','','2018-11-28 17:19:21',0),(21,'部门1',-1,'d1','1',NULL,'贵州贵阳','','0000-00-00 00:00:00',0),(22,'部门1',-1,'d1','1',NULL,'贵州贵阳','','0000-00-00 00:00:00',0),(23,'部门1',-1,'d1','1',NULL,'贵州贵阳','1008611','2018-11-26 15:53:55',0),(24,'部门1',-1,'d1','1',NULL,'贵州贵阳','','2018-11-23 16:53:39',0),(25,'部门1',-1,'d1','1',NULL,'贵州贵阳','','2018-11-23 16:54:15',0),(26,'部门1',-1,'d1','1',NULL,'贵州贵阳','','2018-11-26 10:28:01',0),(27,'部门26-1',26,'d1','1',NULL,'贵州贵阳','','2018-11-26 10:28:14',0),(28,'部门26-2',26,'d1','1',NULL,'贵州贵阳','','2018-11-26 10:28:18',0),(29,'部门26-3',26,'d1','1',NULL,'贵州贵阳','','2018-11-26 10:28:21',0),(30,'部门26-4',26,'d1','1',NULL,'贵州贵阳','','2018-11-26 10:28:25',0),(31,'',0,'','0',NULL,'','','2018-11-26 11:47:10',0),(32,'',0,'','0',NULL,'','','2018-11-26 11:47:18',0),(33,'',26,'','0',NULL,'','','2018-11-26 11:51:01',1),(34,'',26,'','0',NULL,'','','2018-11-27 11:50:28',0),(35,'部门1',-1,'d1','1',NULL,'贵州贵阳','','2018-11-28 09:49:52',0),(36,'',26,'','0',NULL,'','','2018-11-28 14:25:59',0),(37,'部门1',-1,'d1','1',NULL,'贵州贵阳','','2018-11-28 17:18:37',0),(38,'部门1',-1,'d1','1',NULL,'贵州贵阳','','2018-11-28 17:19:21',0);

/*Table structure for table `department_user` */

DROP TABLE IF EXISTS `department_user`;

CREATE TABLE `department_user` (
  `id` int(11) NOT NULL AUTO_INCREMENT COMMENT '主键id',
  `department_id` int(11) DEFAULT NULL COMMENT '部门id',
  `user_id` int(11) DEFAULT NULL COMMENT '人员id',
  `type` char(20) DEFAULT NULL COMMENT '角色类型',
  `delete` tinyint(1) DEFAULT '0' COMMENT '软删除',
  PRIMARY KEY (`id`)
) ENGINE=MyISAM AUTO_INCREMENT=20 DEFAULT CHARSET=utf8;

/*Data for the table `department_user` */

insert  into `department_user`(`id`,`department_id`,`user_id`,`type`,`delete`) values (1,18,1,'admin',0),(2,19,1,'admin',0),(3,20,1,'admins',0),(4,21,1,'admin',0),(5,22,1,'admin',0),(6,23,1,'admin',0),(7,20,2,'admins',1),(8,20,2,'admins',1),(9,20,2,'admins',1),(10,20,2,'admins',1),(11,20,2,'admins',1),(12,31,0,'',0),(13,32,0,'',0),(14,33,0,'',0),(15,34,-2,'',0),(16,20,2,'admins',1),(17,36,-2,'',0),(18,20,2,'admins',1),(19,20,2,'admins',0);

/*Table structure for table `dictionary` */

DROP TABLE IF EXISTS `dictionary`;

CREATE TABLE `dictionary` (
  `id` int(11) NOT NULL AUTO_INCREMENT COMMENT '字典ID',
  `type_id` int(11) DEFAULT NULL COMMENT '字典类型ID',
  `key` char(50) DEFAULT NULL COMMENT '字典值',
  `value` char(50) DEFAULT NULL COMMENT '字典名称',
  `order` int(4) DEFAULT '0' COMMENT '排序顺序',
  `describe` char(250) DEFAULT NULL COMMENT '字典描述',
  `delete` tinyint(1) DEFAULT '0' COMMENT '删除（0未删1删除）',
  PRIMARY KEY (`id`)
) ENGINE=MyISAM AUTO_INCREMENT=177 DEFAULT CHARSET=utf8;

/*Data for the table `dictionary` */

insert  into `dictionary`(`id`,`type_id`,`key`,`value`,`order`,`describe`,`delete`) values (-102,-1,'other','其他',0,'系统分类（不允许删除）',0),(-101,-1,'system','系统',0,'系统分类（不允许删除）',0),(2,41,'test','测试',1,'这是测试',0),(3,42,'test1','测试1',1,'这是测试1',0),(4,42,'test2','测试2',2,'这是测试2',0),(-301,-3,'list','获取列表',0,'系统分类（不允许删除）',0),(36,63,'','',0,'',0),(35,62,'','',0,'',0),(34,62,'','',0,'',0),(33,62,'','',0,'',0),(32,61,'','',0,'',0),(31,61,'','',0,'',0),(30,61,'','',0,'',0),(29,60,'','',0,'',0),(-308,-3,'login','登录',0,'系统分类（不允许删除）',0),(-307,-3,'is-use','变更',0,'系统分类（不允许删除）',0),(-306,-3,'tree','获取',0,'系统分类（不允许删除）',0),(-305,-3,'delete','删除',0,'系统分类（不允许删除）',0),(-304,-3,'edit','编辑',0,'系统分类（不允许删除）',0),(-303,-3,'get','获取',0,'系统分类（不允许删除）',0),(-302,-3,'add','添加',0,'系统分类（不允许删除）',0),(37,63,'','',0,'',0),(38,63,'','',0,'',0),(39,64,'','',0,'',0),(40,64,'','',0,'',0),(41,64,'','',0,'',0),(42,65,'','',0,'',0),(43,65,'','',0,'',0),(44,65,'','',0,'',0),(45,66,'','',0,'',0),(46,66,'','',0,'',0),(47,66,'','',0,'',0),(48,67,'','',0,'',0),(49,67,'','',0,'',0),(50,67,'','',0,'',0),(51,68,'','',0,'',0),(52,68,'','',0,'',0),(53,68,'','',0,'',0),(54,69,'','',0,'',0),(55,69,'','',0,'',0),(56,69,'','',0,'',0),(57,70,'','',0,'',0),(58,70,'','',0,'',0),(59,70,'','',0,'',0),(60,71,'','',0,'',0),(61,71,'','',0,'',0),(62,71,'','',0,'',0),(63,72,'','',0,'',0),(64,72,'','',0,'',0),(65,72,'','',0,'',0),(66,73,'','',0,'',0),(67,73,'','',0,'',0),(68,73,'','',0,'',0),(69,74,'','',0,'',0),(70,74,'','',0,'',0),(71,74,'','',0,'',0),(72,75,'','',0,'',0),(73,75,'','',0,'',0),(74,75,'','',0,'',0),(75,76,'','',0,'',0),(76,76,'','',0,'',0),(77,76,'','',0,'',0),(78,77,'','',0,'',0),(79,77,'','',0,'',0),(80,77,'','',0,'',0),(81,78,'test1','测试1',1,'这是测试1',0),(82,78,'test2','测试2',2,'这是测试2',0),(83,78,'test3','测试3',3,'这是测试3',0),(84,79,'test1','测试1',1,'这是测试1',0),(85,79,'test2','测试2',2,'这是测试2',0),(86,79,'test3','测试3',3,'这是测试3',0),(87,80,'test1','测试1',1,'这是测试1',0),(88,80,'test2','测试2',2,'这是测试2',0),(89,80,'test3','测试3',3,'这是测试3',0),(90,81,'test1','测试10',1,'这是测试10',0),(91,81,'test2','测试2',2,'这是测试2',1),(92,81,'test3','测试30',3,'这是测试30',0),(93,82,'test1','测试1',1,'这是测试1',0),(94,82,'test2','测试2',2,'这是测试2',0),(95,82,'test3','测试3',3,'这是测试3',0),(96,83,'test1','测试1',1,'这是测试1',0),(97,83,'test2','测试2',2,'这是测试2',0),(98,83,'test3','测试3',3,'这是测试3',0),(99,84,'test1','测试1',1,'这是测试1',0),(100,84,'test2','测试2',2,'这是测试2',0),(101,84,'test3','测试3',3,'这是测试3',0),(102,81,'test2','测试2',2,'这是测试2',1),(103,81,'test2','测试20',2,'这是测试20',1),(104,81,'test2','测试20',2,'这是测试20',1),(105,81,'test2','测试20',2,'这是测试20',1),(106,85,'test1','测试1',1,'这是测试1',0),(107,85,'test2','测试2',2,'这是测试2',0),(108,85,'test3','测试3',3,'这是测试3',0),(109,86,'test1','测试1',1,'这是测试1',0),(110,86,'test2','测试2',2,'这是测试2',0),(111,86,'test3','测试3',3,'这是测试3',0),(112,81,'test2','测试20',2,'这是测试20',1),(113,87,'test1','测试1',1,'这是测试1',0),(114,87,'test2','测试2',2,'这是测试2',0),(115,87,'test3','测试3',3,'这是测试3',0),(116,88,'test1','测试1',1,'这是测试1',0),(117,88,'test2','测试2',2,'这是测试2',0),(118,88,'test3','测试3',3,'这是测试3',0),(119,81,'test2','测试20',2,'这是测试20',1),(120,89,'test1','测试1',1,'这是测试1',0),(121,89,'test2','测试2',2,'这是测试2',0),(122,89,'test3','测试3',3,'这是测试3',0),(123,81,'test2','测试20',2,'这是测试20',1),(124,81,'test2','测试20',2,'这是测试20',1),(125,81,'test2','测试20',2,'这是测试20',1),(126,90,'test1','测试1',1,'这是测试1',0),(127,90,'test2','测试2',2,'这是测试2',0),(128,90,'test3','测试3',3,'这是测试3',0),(129,81,'test2','测试20',2,'这是测试20',1),(130,91,'','',0,'',0),(131,92,'key','value',0,'sdasda',0),(132,93,'a','1',0,'3',0),(133,93,'b','2',0,'4',0),(134,94,'3','2',1,'6',0),(135,94,'65','56',2,'56',0),(136,95,'key1','value1',1,'这是备注1',0),(137,95,'key2','value2',2,'这是备注2',0),(138,96,'test1','测试1',1,'这是测试1',0),(139,96,'test2','测试2',2,'这是测试2',0),(140,96,'test3','测试3',3,'这是测试3',0),(141,81,'test2','测试20',2,'这是测试20',1),(142,97,'test1','测试1',1,'这是测试1',0),(143,97,'test2','测试2',2,'这是测试2',0),(144,97,'test3','测试3',3,'这是测试3',0),(145,81,'test2','测试20',2,'这是测试20',1),(146,98,'test1','测试1',1,'这是测试1',0),(147,98,'test2','测试2',2,'这是测试2',0),(148,98,'test3','测试3',3,'这是测试3',0),(149,81,'test2','测试20',2,'这是测试20',0),(150,112,'t)x7','tYtU^I',1,'I5ts',0),(151,112,'eF8^J','8hSD8*Y',2,'#t[LW',0),(152,112,'Ymsw9','CHlosJ',3,'vvK*i',0),(-201,-2,'admin','管理员',1,'系统管理员',0),(-202,-2,'management','负责人',2,'部门负责人',0),(-203,-2,'staff','业务员',3,'部门业务员',0),(156,114,'test1','测试1',1,'这是测试1',0),(157,114,'test2','测试2',2,'这是测试2',0),(158,114,'test3','测试3',3,'这是测试3',0),(159,115,'test1','测试1',1,'这是测试1',0),(160,115,'test2','测试2',2,'这是测试2',0),(161,115,'test3','测试3',3,'这是测试3',0),(162,116,'test1','测试1',1,'这是测试1',0),(163,116,'test2','测试2',2,'这是测试2',0),(164,116,'test3','测试3',3,'这是测试3',0),(165,117,'test1','测试1',1,'这是测试1',0),(166,117,'test2','测试2',2,'这是测试2',0),(167,117,'test3','测试3',3,'这是测试3',0),(168,118,'test1','测试1',1,'这是测试1',0),(169,118,'test2','测试2',2,'这是测试2',0),(170,118,'test3','测试3',3,'这是测试3',0),(171,119,'test1','测试1',1,'这是测试1',0),(172,119,'test2','测试2',2,'这是测试2',0),(173,119,'test3','测试3',3,'这是测试3',0),(174,120,'test1','测试1',1,'这是测试1',0),(175,120,'test2','测试2',2,'这是测试2',0),(176,120,'test3','测试3',3,'这是测试3',0);

/*Table structure for table `dictionary_type` */

DROP TABLE IF EXISTS `dictionary_type`;

CREATE TABLE `dictionary_type` (
  `id` int(11) NOT NULL AUTO_INCREMENT COMMENT '字典类型ID',
  `type_id` int(11) NOT NULL COMMENT '字典分类ID',
  `key` char(20) NOT NULL COMMENT '字典分类键',
  `title` char(50) NOT NULL COMMENT '字典类型名称',
  `is_use` tinyint(1) NOT NULL DEFAULT '1' COMMENT '是否启用',
  `update_time` datetime DEFAULT NULL COMMENT '更新时间',
  `user_id` int(11) DEFAULT NULL COMMENT '创建人ID',
  `describe` char(250) DEFAULT NULL COMMENT '字典类型描述',
  `delete` tinyint(1) NOT NULL DEFAULT '0' COMMENT '软删除',
  PRIMARY KEY (`id`)
) ENGINE=MyISAM AUTO_INCREMENT=121 DEFAULT CHARSET=utf8;

/*Data for the table `dictionary_type` */

insert  into `dictionary_type`(`id`,`type_id`,`key`,`title`,`is_use`,`update_time`,`user_id`,`describe`,`delete`) values (-1,-1,'system','字典分类',1,'2018-11-12 15:37:43',0,'系统字典分类',0),(-3,-1,'system','日志分类',1,'2018-11-28 17:43:32',0,'系统日志分类',0),(119,3,'yes','666',0,'2018-11-28 17:18:03',0,'这是描述文字11',0),(118,3,'yes','666',0,'2018-11-28 17:14:02',0,'这是描述文字11',0),(117,3,'yes','666',0,'2018-11-28 16:43:54',0,'这是描述文字11',0),(116,3,'yes','666',0,'2018-11-28 16:37:25',0,'这是描述文字11',0),(115,3,'yes','666',0,'2018-11-28 15:40:49',0,'这是描述文字11',0),(114,3,'yes','666',0,'2018-11-28 09:49:40',0,'这是描述文字11',0),(-2,-1,'system','人员角色',1,'2018-11-26 12:08:34',0,'部门人员角色字典',0);

/*Table structure for table `files` */

DROP TABLE IF EXISTS `files`;

CREATE TABLE `files` (
  `id` int(11) NOT NULL COMMENT '附件ID',
  `name` char(100) DEFAULT NULL COMMENT '附件名称',
  `suffix` char(10) DEFAULT NULL COMMENT '附件后缀',
  `time` timestamp NOT NULL DEFAULT CURRENT_TIMESTAMP ON UPDATE CURRENT_TIMESTAMP COMMENT '上传时间',
  `path` char(250) DEFAULT NULL COMMENT '附件存放位置',
  `file_name` char(100) DEFAULT NULL COMMENT '存放名称',
  `from` char(10) NOT NULL COMMENT '来自那张表',
  `delete` tinyint(1) DEFAULT NULL COMMENT '是否删除（0未删1删除）',
  PRIMARY KEY (`id`)
) ENGINE=MyISAM DEFAULT CHARSET=utf8;

/*Data for the table `files` */

insert  into `files`(`id`,`name`,`suffix`,`time`,`path`,`file_name`,`from`,`delete`) values (1,'测试文件','doc','2018-11-27 09:40:22','/notice/2018-11/','001','notice',0);

/*Table structure for table `integral` */

DROP TABLE IF EXISTS `integral`;

CREATE TABLE `integral` (
  `id` int(11) NOT NULL COMMENT '积分ID',
  `cognizance_user_id` int(11) DEFAULT NULL COMMENT '认定人ID',
  `responsibility_user_id` int(11) DEFAULT NULL COMMENT '责任人ID',
  `manuscript_id` int(11) DEFAULT NULL COMMENT '工作底稿ID',
  `receipt_id` int(11) DEFAULT NULL COMMENT '回执ID',
  `score` int(11) DEFAULT NULL COMMENT '分值（除以100显示）',
  `time` timestamp NOT NULL DEFAULT CURRENT_TIMESTAMP ON UPDATE CURRENT_TIMESTAMP COMMENT '日期',
  `delete` tinyint(1) DEFAULT '0' COMMENT '删除（0未删|删除）',
  PRIMARY KEY (`id`)
) ENGINE=MyISAM DEFAULT CHARSET=utf8;

/*Data for the table `integral` */

/*Table structure for table `integral_edit` */

DROP TABLE IF EXISTS `integral_edit`;

CREATE TABLE `integral_edit` (
  `id` int(11) NOT NULL COMMENT '积分修改ID',
  `integral_id` int(11) DEFAULT NULL COMMENT '积分表ID',
  `score` int(11) DEFAULT NULL COMMENT '积分（除以100显示）',
  `user_id` int(11) DEFAULT NULL COMMENT '发起人修改ID',
  `describe` varchar(5000) DEFAULT NULL COMMENT '描述',
  `state` enum('draft','report','reject','adopt') DEFAULT 'draft' COMMENT '状态（draft草稿|report上报|reject驳回|adopt通过）',
  `delete` tinyint(1) DEFAULT '0' COMMENT '删除（0未删|1删除）',
  PRIMARY KEY (`id`)
) ENGINE=MyISAM DEFAULT CHARSET=utf8;

/*Data for the table `integral_edit` */

/*Table structure for table `login` */

DROP TABLE IF EXISTS `login`;

CREATE TABLE `login` (
  `login_id` int(11) NOT NULL AUTO_INCREMENT COMMENT '登录id',
  `user_code` int(11) NOT NULL COMMENT '员工号',
  `password` char(50) DEFAULT NULL COMMENT '登录密码',
  `is_use` tinyint(1) DEFAULT '0' COMMENT '是否禁用（1启用0禁用）',
  `change_pd_time` timestamp NOT NULL DEFAULT '0000-00-00 00:00:00' COMMENT '最后修改密码时间',
  `login_num` int(6) DEFAULT '0' COMMENT '登录次数',
  `login_time` timestamp NOT NULL DEFAULT '0000-00-00 00:00:00' COMMENT '最后登录时间',
  `author_id` int(11) DEFAULT NULL COMMENT '授权人',
  `delete` tinyint(1) DEFAULT '0' COMMENT '删除（0未删1删除）',
  PRIMARY KEY (`user_code`),
  KEY `login_id` (`login_id`)
) ENGINE=MyISAM AUTO_INCREMENT=5 DEFAULT CHARSET=utf8;

/*Data for the table `login` */

insert  into `login`(`login_id`,`user_code`,`password`,`is_use`,`change_pd_time`,`login_num`,`login_time`,`author_id`,`delete`) values (3,10001,'c42e1e2e06144c57ee5035a48e9b1a43',1,'0000-00-00 00:00:00',0,'0000-00-00 00:00:00',2,1),(4,10002,'78dc8bbc86eb472b3db1d0b025714ec1',0,'0000-00-00 00:00:00',0,'0000-00-00 00:00:00',2,0);

/*Table structure for table `logs` */

DROP TABLE IF EXISTS `logs`;

CREATE TABLE `logs` (
  `id` int(11) NOT NULL AUTO_INCREMENT COMMENT '日志ID',
  `key` char(50) DEFAULT NULL COMMENT '日志类型',
  `user_id` int(11) DEFAULT NULL COMMENT '操作人ID',
  `msg` varchar(5000) DEFAULT NULL COMMENT '操作说明',
  `method` char(10) DEFAULT NULL COMMENT '请求方法',
  `data` varchar(5000) DEFAULT NULL COMMENT '参数',
  `time` timestamp NULL DEFAULT NULL COMMENT '操作时间',
  `server` char(20) DEFAULT NULL COMMENT '服务',
  `ip` char(15) DEFAULT NULL COMMENT 'IP地址',
  `delete` tinyint(1) DEFAULT '0' COMMENT '删除（0未删1删除）',
  PRIMARY KEY (`id`)
) ENGINE=MyISAM AUTO_INCREMENT=816 DEFAULT CHARSET=utf8;

/*Data for the table `logs` */

insert  into `logs`(`id`,`key`,`user_id`,`msg`,`method`,`data`,`time`,`server`,`ip`,`delete`) values (774,'login',2,'登录系统','POST','-','2018-11-28 20:28:02','worker','192.168.1.20',0),(775,'login',2,'登录系统','POST','-','2018-11-28 20:28:03','worker','192.168.1.20',0),(772,'login',2,'登录系统','POST','-','2018-11-28 20:20:38','worker','192.168.1.20',0),(773,'logout',2,'','PUT','-','2018-11-28 20:20:45','worker','192.168.1.20',0),(770,'login',2,'登录系统','POST','-','2018-11-28 20:19:37','worker','192.168.1.13',0),(771,'login',2,'登录系统','POST','-','2018-11-28 20:19:47','worker','192.168.1.13',0),(768,'login',2,'登录系统','POST','-','2018-11-28 20:18:00','worker','192.168.1.20',0),(769,'login',2,'登录系统','POST','-','2018-11-28 20:19:20','worker','192.168.1.20',0),(766,'login',2,'登录系统','POST','-','2018-11-28 20:17:04','worker','192.168.1.20',0),(767,'login',0,'登录系统','POST','-','2018-11-28 20:17:15','worker','192.168.1.20',0),(765,'login',2,'登录系统','POST','-','2018-11-28 20:17:02','worker','192.168.1.20',0),(764,'login',2,'登录系统','POST','-','2018-11-28 20:16:44','worker','192.168.1.20',0),(762,'login',2,'登录系统','POST','-','2018-11-28 20:16:14','worker','192.168.1.20',0),(763,'login',2,'登录系统','POST','-','2018-11-28 20:16:18','worker','192.168.1.20',0),(760,'login',0,'登录系统','POST','-','2018-11-28 20:15:10','worker','192.168.1.20',0),(761,'login',2,'登录系统','POST','-','2018-11-28 20:15:31','worker','192.168.1.13',0),(758,'login',2,'登录系统','POST','-','2018-11-28 20:14:58','worker','192.168.1.20',0),(759,'login',2,'登录系统','POST','-','2018-11-28 20:15:01','worker','192.168.1.13',0),(756,'login',2,'登录系统','POST','-','2018-11-28 20:14:54','worker','192.168.1.13',0),(757,'login',2,'登录系统','POST','-','2018-11-28 20:14:56','worker','192.168.1.20',0),(754,'login',2,'登录系统','POST','-','2018-11-28 20:10:23','worker','192.168.1.13',0),(755,'login',2,'登录系统','POST','-','2018-11-28 20:11:23','worker','192.168.1.13',0),(752,'login',2,'登录系统','POST','-','2018-11-28 20:05:28','worker','192.168.1.13',0),(753,'login',2,'登录系统','POST','-','2018-11-28 20:05:29','worker','192.168.1.13',0),(750,'login',2,'登录系统','POST','-','2018-11-28 20:05:27','worker','192.168.1.13',0),(751,'login',2,'登录系统','POST','-','2018-11-28 20:05:27','worker','192.168.1.13',0),(748,'login',2,'登录系统','POST','-','2018-11-28 20:05:26','worker','192.168.1.13',0),(749,'login',2,'登录系统','POST','-','2018-11-28 20:05:27','worker','192.168.1.13',0),(746,'login',2,'登录系统','POST','-','2018-11-28 20:05:19','worker','192.168.1.13',0),(747,'login',0,'登录系统','POST','-','2018-11-28 20:05:20','worker','192.168.1.20',0),(744,'login',2,'登录系统','POST','-','2018-11-28 20:05:17','worker','192.168.1.13',0),(745,'login',2,'登录系统','POST','-','2018-11-28 20:05:18','worker','192.168.1.13',0),(742,'login',2,'登录系统','POST','-','2018-11-28 20:05:07','worker','192.168.1.20',0),(743,'login',2,'登录系统','POST','-','2018-11-28 20:05:09','worker','192.168.1.20',0),(740,'login',2,'登录系统','POST','-','2018-11-28 20:04:38','worker','192.168.1.13',0),(741,'login',2,'登录系统','POST','-','2018-11-28 20:04:45','worker','192.168.1.13',0),(738,'login',2,'登录系统','POST','-','2018-11-28 20:04:26','worker','192.168.1.20',0),(739,'login',0,'登录系统','POST','-','2018-11-28 20:04:36','worker','192.168.1.20',0),(736,'login',2,'登录系统','POST','-','2018-11-28 20:03:40','worker','192.168.1.20',0),(737,'login',2,'登录系统','POST','-','2018-11-28 20:04:24','worker','192.168.1.20',0),(734,'login',2,'登录系统','POST','-','2018-11-28 20:03:28','worker','192.168.1.20',0),(735,'login',0,'登录系统','POST','-','2018-11-28 20:03:37','worker','192.168.1.20',0),(732,'login',2,'登录系统','POST','-','2018-11-28 20:03:24','worker','192.168.1.20',0),(733,'login',2,'登录系统','POST','-','2018-11-28 20:03:26','worker','192.168.1.20',0),(730,'login',2,'登录系统','POST','-','2018-11-28 20:03:05','worker','192.168.1.13',0),(731,'login',2,'登录系统','POST','-','2018-11-28 20:03:09','worker','192.168.1.13',0),(728,'login',2,'登录系统','POST','-','2018-11-28 20:02:27','worker','192.168.1.13',0),(729,'login',0,'登录系统','POST','-','2018-11-28 20:02:30','worker','192.168.1.20',0),(726,'login',0,'登录系统','POST','-','2018-11-28 20:00:17','worker','192.168.1.20',0),(727,'login',2,'登录系统','POST','-','2018-11-28 20:00:29','worker','192.168.1.13',0),(724,'login',2,'登录系统','POST','-','2018-11-28 19:59:44','worker','192.168.1.13',0),(725,'login',2,'登录系统','POST','-','2018-11-28 19:59:44','worker','192.168.1.20',0),(722,'login',2,'登录系统','POST','-','2018-11-28 19:59:36','worker','192.168.1.20',0),(723,'login',2,'登录系统','POST','-','2018-11-28 19:59:37','worker','192.168.1.20',0),(720,'login',0,'登录系统','POST','-','2018-11-28 19:59:00','worker','192.168.1.20',0),(721,'login',0,'登录系统','POST','-','2018-11-28 19:59:26','worker','192.168.1.20',0),(718,'logout',2,'','PUT','-','2018-11-28 19:58:33','worker','192.168.1.20',0),(719,'login',2,'登录系统','POST','-','2018-11-28 19:58:52','worker','192.168.1.13',0),(716,'login',2,'登录系统','POST','-','2018-11-28 19:58:07','worker','192.168.1.13',0),(717,'login',2,'登录系统','POST','-','2018-11-28 19:58:17','worker','192.168.1.13',0),(714,'login',0,'登录系统','POST','-','2018-11-28 19:57:36','worker','192.168.1.13',0),(715,'login',2,'登录系统','POST','-','2018-11-28 19:57:38','worker','192.168.1.20',0),(712,'login',0,'登录系统','POST','-','2018-11-28 19:57:14','worker','192.168.1.20',0),(713,'login',2,'登录系统','POST','-','2018-11-28 19:57:21','worker','192.168.1.20',0),(710,'login',0,'登录系统','POST','-','2018-11-28 19:56:34','worker','192.168.1.20',0),(711,'login',0,'登录系统','POST','-','2018-11-28 19:56:54','worker','192.168.1.13',0),(708,'login',0,'登录系统','POST','-','2018-11-28 19:56:11','worker','192.168.1.20',0),(709,'login',0,'登录系统','POST','-','2018-11-28 19:56:32','worker','192.168.1.20',0),(706,'login',0,'登录系统','POST','-','2018-11-28 19:56:02','worker','192.168.1.20',0),(707,'login',0,'登录系统','POST','-','2018-11-28 19:56:10','worker','192.168.1.20',0),(704,'login',0,'登录系统','POST','-','2018-11-28 19:56:00','worker','192.168.1.20',0),(705,'login',0,'登录系统','POST','-','2018-11-28 19:56:01','worker','192.168.1.20',0),(702,'login',0,'登录系统','POST','-','2018-11-28 19:55:46','worker','192.168.1.20',0),(703,'login',0,'登录系统','POST','-','2018-11-28 19:55:59','worker','192.168.1.20',0),(700,'login',0,'登录系统','POST','-','2018-11-28 19:54:47','worker','192.168.1.20',0),(701,'login',0,'登录系统','POST','-','2018-11-28 19:54:48','worker','192.168.1.20',0),(699,'login',0,'登录系统','POST','-','2018-11-28 19:54:46','worker','192.168.1.20',0),(698,'login',0,'登录系统','POST','-','2018-11-28 19:54:46','worker','192.168.1.20',0),(697,'login',0,'登录系统','POST','-','2018-11-28 19:54:44','worker','192.168.1.20',0),(696,'login',0,'登录系统','POST','-','2018-11-28 19:54:25','worker','192.168.1.20',0),(695,'login',0,'登录系统','POST','-','2018-11-28 19:54:19','worker','192.168.1.20',0),(694,'login',0,'登录系统','POST','-','2018-11-28 19:53:48','worker','192.168.1.13',0),(693,'login',0,'登录系统','POST','-','2018-11-28 19:53:48','worker','192.168.1.13',0),(557,'list',2,'获取列表日志','POST','-','2018-11-28 17:52:11','systemSetup','192.168.1.20',0),(558,'list',2,'获取列表日志','POST','-','2018-11-28 18:00:57','systemSetup','192.168.1.20',0),(559,'list',2,'获取列表日志','POST','-','2018-11-28 18:03:35','systemSetup','192.168.1.20',0),(560,'list',2,'获取列表日志','POST','-','2018-11-28 18:03:55','systemSetup','192.168.1.20',0),(561,'list',2,'获取列表日志','POST','-','2018-11-28 18:04:07','systemSetup','192.168.1.20',0),(562,'list',2,'获取列表日志','POST','-','2018-11-28 18:04:09','systemSetup','192.168.1.20',0),(563,'list',2,'获取列表日志','POST','-','2018-11-28 18:04:11','systemSetup','192.168.1.20',0),(564,'list',2,'获取列表日志','POST','-','2018-11-28 18:04:12','systemSetup','192.168.1.20',0),(565,'list',2,'获取列表日志','POST','-','2018-11-28 18:04:14','systemSetup','192.168.1.20',0),(566,'list',2,'获取列表日志','POST','-','2018-11-28 18:05:51','systemSetup','192.168.1.20',0),(567,'list',2,'获取列表通知公告','POST','-','2018-11-28 18:13:45','org','192.168.1.20',0),(568,'list',2,'获取列表通知公告','POST','-','2018-11-28 18:13:54','org','192.168.1.20',0),(569,'list',0,'获取列表通知公告','POST','-','2018-11-28 18:14:11','org','192.168.1.20',0),(570,'list',0,'获取列表通知公告','POST','-','2018-11-28 18:14:35','org','192.168.1.20',0),(571,'login',0,'登录系统','POST','-','2018-11-28 18:14:50','worker','192.168.1.20',0),(572,'list',2,'获取列表通知公告','POST','-','2018-11-28 18:14:58','org','192.168.1.20',0),(573,'tree',0,'获取部门/结构/网点','GET','parentId=-1','2018-11-28 18:16:43','org','192.168.1.13',0),(574,'list',0,'获取列表通知公告','POST','-','2018-11-28 18:16:43','org','192.168.1.13',0),(575,'list',2,'获取列表通知公告','POST','-','2018-11-28 18:21:06','org','192.168.1.20',0),(576,'login',2,'登录系统','POST','-','2018-11-28 18:21:09','worker','192.168.1.20',0),(577,'login',2,'登录系统','POST','-','2018-11-28 18:21:11','worker','192.168.1.20',0),(578,'login',2,'登录系统','POST','-','2018-11-28 18:21:12','worker','192.168.1.20',0),(579,'add',2,'添加通知公告','POST','-','2018-11-28 18:21:33','org','192.168.1.20',0),(580,'list',2,'获取列表通知公告','POST','-','2018-11-28 18:21:37','org','192.168.1.20',0),(581,'list',0,'获取列表通知公告','POST','-','2018-11-28 18:22:00','org','192.168.1.13',0),(582,'tree',0,'获取部门/结构/网点','GET','parentId=-1','2018-11-28 18:22:00','org','192.168.1.13',0),(583,'list',0,'获取列表通知公告','POST','-','2018-11-28 18:22:03','org','192.168.1.20',0),(584,'list',0,'获取列表通知公告','POST','-','2018-11-28 18:22:06','org','192.168.1.20',0),(585,'get',0,'获取通知公告','GET','id=18','2018-11-28 18:22:34','org','192.168.1.20',0),(586,'list',0,'获取列表通知公告','POST','-','2018-11-28 18:22:41','org','192.168.1.13',0),(587,'tree',0,'获取部门/结构/网点','GET','parentId=-1','2018-11-28 18:22:41','org','192.168.1.13',0),(588,'list',0,'获取列表通知公告','POST','-','2018-11-28 18:26:07','org','192.168.1.13',0),(589,'tree',0,'获取部门/结构/网点','GET','parentId=-1','2018-11-28 18:26:07','org','192.168.1.13',0),(590,'tree',0,'获取部门/结构/网点','GET','parentId=-1','2018-11-28 18:26:10','org','192.168.1.13',0),(591,'list',0,'获取列表部门/结构/网点','POST','-','2018-11-28 18:26:10','org','192.168.1.13',0),(592,'list',0,'获取列表通知公告','POST','-','2018-11-28 18:26:12','org','192.168.1.13',0),(593,'tree',0,'获取部门/结构/网点','GET','parentId=-1','2018-11-28 18:26:12','org','192.168.1.13',0),(594,'get',0,'获取通知公告','GET','id=18','2018-11-28 18:29:03','org','192.168.1.20',0),(595,'login',0,'登录系统','POST','-','2018-11-28 18:57:28','worker','192.168.1.13',0),(596,'login',0,'登录系统','POST','-','2018-11-28 19:00:57','worker','192.168.1.20',0),(597,'get',2,'获取','POST','-','2018-11-28 19:01:16','worker','192.168.1.20',0),(598,'login',2,'登录系统','POST','-','2018-11-28 19:01:27','worker','192.168.1.13',0),(599,'login',2,'登录系统','POST','-','2018-11-28 19:01:37','worker','192.168.1.13',0),(600,'login',2,'登录系统','POST','-','2018-11-28 19:01:38','worker','192.168.1.13',0),(601,'get',2,'获取','POST','-','2018-11-28 19:06:38','worker','192.168.1.20',0),(602,'get',2,'获取','POST','-','2018-11-28 19:06:40','worker','192.168.1.20',0),(603,'get',2,'获取','POST','-','2018-11-28 19:06:41','worker','192.168.1.20',0),(604,'get',2,'获取','POST','-','2018-11-28 19:06:42','worker','192.168.1.20',0),(605,'get',2,'获取','POST','-','2018-11-28 19:06:43','worker','192.168.1.20',0),(606,'get',2,'获取','POST','-','2018-11-28 19:06:43','worker','192.168.1.20',0),(607,'login',2,'登录系统','POST','-','2018-11-28 19:06:49','worker','192.168.1.13',0),(608,'login',0,'登录系统','POST','-','2018-11-28 19:08:55','worker','192.168.1.20',0),(609,'login',0,'登录系统','POST','-','2018-11-28 19:09:13','worker','192.168.1.13',0),(610,'login',0,'登录系统','POST','-','2018-11-28 19:09:38','worker','192.168.1.13',0),(611,'login',0,'登录系统','POST','-','2018-11-28 19:12:57','worker','192.168.1.13',0),(612,'login',0,'登录系统','POST','-','2018-11-28 19:14:16','worker','192.168.1.13',0),(613,'login',0,'登录系统','POST','-','2018-11-28 19:17:44','worker','192.168.1.13',0),(614,'login',0,'登录系统','POST','-','2018-11-28 19:19:16','worker','192.168.1.13',0),(615,'login',0,'登录系统','POST','-','2018-11-28 19:20:07','worker','192.168.1.13',0),(616,'login',0,'登录系统','POST','-','2018-11-28 19:20:43','worker','192.168.1.13',0),(617,'login',0,'登录系统','POST','-','2018-11-28 19:23:53','worker','192.168.1.13',0),(618,'login',0,'登录系统','POST','-','2018-11-28 19:28:06','worker','192.168.1.13',0),(619,'login',0,'登录系统','POST','-','2018-11-28 19:30:59','worker','192.168.1.13',0),(620,'login',0,'登录系统','POST','-','2018-11-28 19:33:51','worker','192.168.1.13',0),(621,'login',0,'登录系统','POST','-','2018-11-28 19:35:17','worker','192.168.1.13',0),(622,'login',0,'登录系统','POST','-','2018-11-28 19:38:18','worker','192.168.1.13',0),(623,'login',0,'登录系统','POST','-','2018-11-28 19:39:33','worker','192.168.1.20',0),(624,'login',0,'登录系统','POST','-','2018-11-28 19:39:43','worker','192.168.1.20',0),(625,'login',0,'登录系统','POST','-','2018-11-28 19:40:25','worker','192.168.1.13',0),(626,'login',0,'登录系统','POST','-','2018-11-28 19:42:37','worker','192.168.1.20',0),(627,'login',2,'登录系统','POST','-','2018-11-28 19:42:53','worker','192.168.1.20',0),(628,'login',2,'登录系统','POST','-','2018-11-28 19:42:54','worker','192.168.1.20',0),(629,'login',2,'登录系统','POST','-','2018-11-28 19:42:55','worker','192.168.1.20',0),(630,'login',0,'登录系统','POST','-','2018-11-28 19:42:59','worker','192.168.1.13',0),(631,'login',0,'登录系统','POST','-','2018-11-28 19:43:07','worker','192.168.1.20',0),(632,'login',2,'登录系统','POST','-','2018-11-28 19:43:16','worker','192.168.1.20',0),(633,'login',2,'登录系统','POST','-','2018-11-28 19:43:17','worker','192.168.1.20',0),(634,'login',2,'登录系统','POST','-','2018-11-28 19:43:24','worker','192.168.1.20',0),(635,'login',2,'登录系统','POST','-','2018-11-28 19:43:41','worker','192.168.1.20',0),(636,'login',0,'登录系统','POST','-','2018-11-28 19:43:48','worker','192.168.1.13',0),(637,'login',2,'登录系统','POST','-','2018-11-28 19:43:50','worker','192.168.1.13',0),(638,'login',2,'登录系统','POST','-','2018-11-28 19:44:06','worker','192.168.1.20',0),(639,'login',2,'登录系统','POST','-','2018-11-28 19:44:09','worker','192.168.1.13',0),(640,'login',2,'登录系统','POST','-','2018-11-28 19:44:55','worker','192.168.1.13',0),(641,'login',2,'登录系统','POST','-','2018-11-28 19:45:29','worker','192.168.1.20',0),(642,'login',2,'登录系统','POST','-','2018-11-28 19:45:31','worker','192.168.1.20',0),(643,'login',2,'登录系统','POST','-','2018-11-28 19:45:32','worker','192.168.1.20',0),(644,'login',2,'登录系统','POST','-','2018-11-28 19:45:32','worker','192.168.1.20',0),(645,'login',2,'登录系统','POST','-','2018-11-28 19:45:33','worker','192.168.1.20',0),(646,'login',2,'登录系统','POST','-','2018-11-28 19:45:34','worker','192.168.1.20',0),(647,'login',2,'登录系统','POST','-','2018-11-28 19:45:35','worker','192.168.1.20',0),(648,'login',2,'登录系统','POST','-','2018-11-28 19:45:36','worker','192.168.1.20',0),(649,'login',2,'登录系统','POST','-','2018-11-28 19:45:36','worker','192.168.1.20',0),(650,'login',2,'登录系统','POST','-','2018-11-28 19:45:37','worker','192.168.1.20',0),(651,'login',2,'登录系统','POST','-','2018-11-28 19:46:56','worker','192.168.1.20',0),(652,'login',2,'登录系统','POST','-','2018-11-28 19:46:57','worker','192.168.1.20',0),(653,'login',2,'登录系统','POST','-','2018-11-28 19:46:57','worker','192.168.1.20',0),(654,'login',2,'登录系统','POST','-','2018-11-28 19:46:58','worker','192.168.1.20',0),(655,'login',0,'登录系统','POST','-','2018-11-28 19:47:15','worker','192.168.1.20',0),(656,'login',2,'登录系统','POST','-','2018-11-28 19:47:24','worker','192.168.1.20',0),(657,'login',2,'登录系统','POST','-','2018-11-28 19:49:11','worker','192.168.1.20',0),(658,'login',2,'登录系统','POST','-','2018-11-28 19:49:14','worker','192.168.1.20',0),(659,'login',2,'登录系统','POST','-','2018-11-28 19:49:15','worker','192.168.1.20',0),(660,'login',2,'登录系统','POST','-','2018-11-28 19:49:41','worker','192.168.1.20',0),(661,'login',0,'登录系统','POST','-','2018-11-28 19:49:54','worker','192.168.1.20',0),(662,'login',0,'登录系统','POST','-','2018-11-28 19:49:57','worker','192.168.1.13',0),(663,'login',2,'登录系统','POST','-','2018-11-28 19:50:11','worker','192.168.1.20',0),(664,'login',2,'登录系统','POST','-','2018-11-28 19:50:12','worker','192.168.1.20',0),(665,'login',2,'登录系统','POST','-','2018-11-28 19:50:13','worker','192.168.1.20',0),(666,'login',2,'登录系统','POST','-','2018-11-28 19:50:14','worker','192.168.1.20',0),(667,'login',2,'登录系统','POST','-','2018-11-28 19:50:36','worker','192.168.1.20',0),(668,'login',2,'登录系统','POST','-','2018-11-28 19:50:38','worker','192.168.1.20',0),(669,'login',2,'登录系统','POST','-','2018-11-28 19:50:39','worker','192.168.1.20',0),(670,'login',2,'登录系统','POST','-','2018-11-28 19:51:22','worker','192.168.1.20',0),(671,'login',2,'登录系统','POST','-','2018-11-28 19:51:22','worker','192.168.1.13',0),(672,'login',2,'登录系统','POST','-','2018-11-28 19:51:23','worker','192.168.1.20',0),(673,'login',2,'登录系统','POST','-','2018-11-28 19:51:24','worker','192.168.1.20',0),(674,'login',2,'登录系统','POST','-','2018-11-28 19:51:25','worker','192.168.1.20',0),(675,'login',2,'登录系统','POST','-','2018-11-28 19:51:50','worker','192.168.1.13',0),(676,'login',2,'登录系统','POST','-','2018-11-28 19:52:52','worker','192.168.1.20',0),(677,'login',2,'登录系统','POST','-','2018-11-28 19:52:53','worker','192.168.1.20',0),(678,'login',2,'登录系统','POST','-','2018-11-28 19:52:54','worker','192.168.1.20',0),(679,'login',2,'登录系统','POST','-','2018-11-28 19:52:55','worker','192.168.1.20',0),(680,'login',2,'登录系统','POST','-','2018-11-28 19:53:21','worker','192.168.1.20',0),(681,'login',2,'登录系统','POST','-','2018-11-28 19:53:22','worker','192.168.1.20',0),(682,'login',2,'登录系统','POST','-','2018-11-28 19:53:23','worker','192.168.1.20',0),(683,'login',2,'登录系统','POST','-','2018-11-28 19:53:24','worker','192.168.1.20',0),(684,'login',2,'登录系统','POST','-','2018-11-28 19:53:25','worker','192.168.1.20',0),(685,'login',2,'登录系统','POST','-','2018-11-28 19:53:25','worker','192.168.1.20',0),(686,'login',2,'登录系统','POST','-','2018-11-28 19:53:26','worker','192.168.1.20',0),(687,'login',2,'登录系统','POST','-','2018-11-28 19:53:27','worker','192.168.1.20',0),(688,'login',0,'登录系统','POST','-','2018-11-28 19:53:35','worker','192.168.1.20',0),(689,'login',0,'登录系统','POST','-','2018-11-28 19:53:41','worker','192.168.1.20',0),(690,'login',0,'登录系统','POST','-','2018-11-28 19:53:46','worker','192.168.1.13',0),(691,'login',0,'登录系统','POST','-','2018-11-28 19:53:47','worker','192.168.1.13',0),(692,'login',0,'登录系统','POST','-','2018-11-28 19:53:48','worker','192.168.1.13',0),(552,'get',2,'获取字典','GET','id=-2','2018-11-28 17:40:03','systemSetup','192.168.1.20',0),(553,'add',2,'添加字典','POST','{}','2018-11-28 17:40:19','systemSetup','192.168.1.20',0),(554,'add',2,'添加字典','POST','null','2018-11-28 17:43:32','systemSetup','192.168.1.20',0),(555,'add',2,'添加字典','POST','{}','2018-11-28 17:45:47','systemSetup','192.168.1.20',0),(556,'login',2,'登录系统','POST','','2018-11-28 17:50:41','worker','192.168.1.20',0),(776,'login',2,'登录系统','POST','-','2018-11-28 20:31:50','worker','192.168.1.20',0),(777,'login',2,'登录系统','POST','-','2018-11-28 20:43:35','worker','192.168.1.20',0),(778,'logout',2,'','PUT','-','2018-11-28 20:43:38','worker','192.168.1.20',0),(779,'list',2,'获取列表通知公告','POST','-','2018-11-28 20:45:23','org','192.168.1.20',0),(780,'logout',2,'','PUT','-','2018-11-28 20:45:28','worker','192.168.1.20',0),(781,'login',2,'登录系统','POST','-','2018-11-28 20:50:19','worker','192.168.1.20',0),(782,'logout',2,'退出系统','PUT','-','2018-11-28 20:50:41','worker','192.168.1.20',0),(783,'list',2,'获取$列表','POST','-','2018-11-28 20:58:47','systemSetup','192.168.1.20',0),(784,'list',2,'获取字典列表','POST','-','2018-11-28 20:59:25','systemSetup','192.168.1.20',0),(785,'list',2,'获取字典列表','POST','-','2018-11-28 21:02:13','systemSetup','192.168.1.20',0),(786,'logout',2,'退出系统','PUT','-','2018-11-28 21:02:15','worker','192.168.1.20',0),(787,'login',2,'登录系统','POST','-','2018-11-28 21:03:57','worker','192.168.1.20',0),(788,'login',2,'登录系统','POST','-','2018-11-28 21:04:01','worker','192.168.1.20',0),(789,'list',2,'获取字典列表','POST','-','2018-11-28 21:04:14','systemSetup','192.168.1.20',0),(790,'logout',2,'退出系统','PUT','-','2018-11-28 21:04:28','worker','192.168.1.20',0),(791,'list',2,'获取字典列表','POST','-','2018-11-28 21:06:56','systemSetup','192.168.1.20',0),(792,'list5',2,'字典','POST','-','2018-11-28 21:07:00','systemSetup','192.168.1.20',0),(793,'list',2,'获取字典列表','POST','-','2018-11-28 21:07:05','systemSetup','192.168.1.20',0),(794,'login',2,'登录系统','POST','-','2018-11-28 21:07:32','worker','192.168.1.20',0),(795,'login',2,'登录系统','POST','-','2018-11-28 21:07:35','worker','192.168.1.20',0),(796,'login',2,'登录系统','POST','-','2018-11-28 21:07:41','worker','192.168.1.20',0),(797,'list',2,'获取字典列表','POST','-','2018-11-28 21:11:32','systemSetup','192.168.1.20',0),(798,'list22',2,'字典','POST','-','2018-11-28 21:11:34','systemSetup','192.168.1.20',0),(799,'list',2,'获取字典列表','POST','-','2018-11-28 21:11:38','systemSetup','192.168.1.20',0),(800,'logout',2,'退出系统','PUT','-','2018-11-28 21:12:39','worker','192.168.1.20',0),(801,'logou5t',2,'','PUT','-','2018-11-28 21:12:46','worker','192.168.1.20',0),(802,'logout65',2,'','PUT','-','2018-11-28 21:12:50','worker','192.168.1.20',0),(803,'logout',2,'退出系统','PUT','-','2018-11-28 21:12:54','worker','192.168.1.20',0),(804,'login5',2,'','POST','-','2018-11-28 21:15:43','worker','192.168.1.20',0),(805,'login',2,'登录系统','POST','-','2018-11-28 21:16:44','worker','192.168.1.20',0),(806,'get',2,'获取','POST','-','2018-11-28 21:17:32','worker','192.168.1.20',0),(807,'get',2,'获取','POST','-','2018-11-28 21:17:35','worker','192.168.1.20',0),(808,'get',2,'获取','POST','-','2018-11-28 21:17:38','worker','192.168.1.20',0),(809,'get',2,'获取','PUT','-','2018-11-28 21:17:54','worker','192.168.1.20',0),(810,'get',2,'获取','PUT','-','2018-11-28 21:17:55','worker','192.168.1.20',0),(811,'get',2,'获取','PUT','-','2018-11-28 21:17:56','worker','192.168.1.20',0),(812,'get',2,'获取','PUT','-','2018-11-28 21:19:06','worker','192.168.1.20',0),(813,'get',2,'获取','PUT','-','2018-11-28 21:19:34','worker','192.168.1.20',0),(814,'get',2,'获取','PUT','-','2018-11-28 21:19:46','worker','192.168.1.20',0),(815,'get',2,'获取','PUT','-','2018-11-28 21:20:24','worker','192.168.1.20',0);

/*Table structure for table `manuscript` */

DROP TABLE IF EXISTS `manuscript`;

CREATE TABLE `manuscript` (
  `id` int(11) NOT NULL COMMENT '工作底稿ID',
  `query_department_id` int(11) NOT NULL COMMENT '被查询机构ID',
  `department_id` int(11) NOT NULL COMMENT '检查机构ID',
  `number` char(100) DEFAULT NULL COMMENT '编号',
  `project_name` char(250) DEFAULT NULL COMMENT '项目名称',
  `state` enum('draft','publish') DEFAULT NULL COMMENT '底稿状态（draft草稿|publish发布）',
  PRIMARY KEY (`id`,`query_department_id`,`department_id`)
) ENGINE=MyISAM DEFAULT CHARSET=utf8;

/*Data for the table `manuscript` */

/*Table structure for table `manuscript_admin_user` */

DROP TABLE IF EXISTS `manuscript_admin_user`;

CREATE TABLE `manuscript_admin_user` (
  `manuscript_id` int(11) DEFAULT NULL COMMENT '底稿ID',
  `user_id` int(11) DEFAULT NULL COMMENT '复查人员ID'
) ENGINE=MyISAM DEFAULT CHARSET=utf8;

/*Data for the table `manuscript_admin_user` */

/*Table structure for table `manuscript_content` */

DROP TABLE IF EXISTS `manuscript_content`;

CREATE TABLE `manuscript_content` (
  `id` int(11) NOT NULL COMMENT '底稿内容ID',
  `manuscript_id` int(11) NOT NULL COMMENT '底稿ID',
  `type` enum('behavior','other') DEFAULT 'other' COMMENT '内容类型（behavior违规行为|other其他）',
  `behavior_id` int(11) DEFAULT NULL COMMENT '违规行为ID',
  `behavior_content` varchar(2000) DEFAULT NULL COMMENT '违规行为描述或者其他',
  PRIMARY KEY (`id`,`manuscript_id`)
) ENGINE=MyISAM DEFAULT CHARSET=utf8;

/*Data for the table `manuscript_content` */

/*Table structure for table `manuscript_file` */

DROP TABLE IF EXISTS `manuscript_file`;

CREATE TABLE `manuscript_file` (
  `manuscript_id` int(11) NOT NULL COMMENT '底稿ID',
  `file_id` int(11) NOT NULL COMMENT '附件ID',
  PRIMARY KEY (`manuscript_id`,`file_id`)
) ENGINE=MyISAM DEFAULT CHARSET=utf8;

/*Data for the table `manuscript_file` */

/*Table structure for table `manuscript_inspect_user` */

DROP TABLE IF EXISTS `manuscript_inspect_user`;

CREATE TABLE `manuscript_inspect_user` (
  `manuscript_id` int(11) DEFAULT NULL COMMENT '底稿ID',
  `user_id` int(11) DEFAULT NULL COMMENT '被检查人员ID'
) ENGINE=MyISAM DEFAULT CHARSET=utf8;

/*Data for the table `manuscript_inspect_user` */

/*Table structure for table `manuscript_query_user` */

DROP TABLE IF EXISTS `manuscript_query_user`;

CREATE TABLE `manuscript_query_user` (
  `manuscript_id` int(11) DEFAULT NULL COMMENT '底稿ID',
  `user_id` int(11) DEFAULT NULL COMMENT '检查人员ID'
) ENGINE=MyISAM DEFAULT CHARSET=utf8;

/*Data for the table `manuscript_query_user` */

/*Table structure for table `manuscript_review_user` */

DROP TABLE IF EXISTS `manuscript_review_user`;

CREATE TABLE `manuscript_review_user` (
  `manuscript_id` int(11) DEFAULT NULL COMMENT '底稿ID',
  `user_id` int(11) DEFAULT NULL COMMENT '负责人员ID'
) ENGINE=MyISAM DEFAULT CHARSET=utf8;

/*Data for the table `manuscript_review_user` */

/*Table structure for table `notice` */

DROP TABLE IF EXISTS `notice`;

CREATE TABLE `notice` (
  `id` int(11) NOT NULL AUTO_INCREMENT COMMENT '公告ID',
  `department_id` int(11) NOT NULL COMMENT '机构ID',
  `title` char(100) DEFAULT NULL COMMENT '标题',
  `content` longtext COMMENT '公告内容',
  `time` timestamp NULL DEFAULT '0000-00-00 00:00:00' ON UPDATE CURRENT_TIMESTAMP COMMENT '发布时间',
  `range` enum('1','2') DEFAULT '1' COMMENT '通知范围（1所有部门，2指定部门）',
  `state` enum('draft','publish') DEFAULT 'draft' COMMENT '状态（draft草稿publish发布）',
  `delete` int(11) DEFAULT '0' COMMENT '删除（0未删1已删）',
  PRIMARY KEY (`id`,`department_id`)
) ENGINE=MyISAM AUTO_INCREMENT=30 DEFAULT CHARSET=utf8;

/*Data for the table `notice` */

insert  into `notice`(`id`,`department_id`,`title`,`content`,`time`,`range`,`state`,`delete`) values (1,1,'公告1','公告内容1','2018-11-26 15:20:19','2','',1),(2,1,'公告1','公告内容1','2018-11-26 15:22:20','2','',1),(3,1,'公告1','公告内容1','2018-11-26 15:23:06','2','',0),(4,1,'公告1','公告内容1','2018-11-26 15:25:55','2','',0),(5,1,'公告1','公告内容1','2018-11-26 16:10:55','2','',1),(6,1,'公告1','公告内容1','2018-11-26 16:12:04','2','',1),(7,1,'公告1','公告内容1','2018-11-26 16:14:02','2','',0),(8,1,'公告1','公告内容1','2018-11-26 16:14:55','2','',0),(9,1,'公告1','公告内容1','2018-11-26 16:15:12','2','',0),(10,1,'公告1','公告内容1','2018-11-26 16:15:24','2','',0),(11,1,'公告1','公告内容1','2018-11-26 16:15:51','2','',0),(12,1,'公告1','公告内容1','2018-11-26 16:17:18','2','',0),(13,1,'公告1','公告内容1','2018-11-26 16:18:03','2','',0),(14,1,'公告1','公告内容1','2018-11-26 16:18:10','2','',0),(15,1,'公告1','公告内容1','2018-11-26 16:18:31','2','',1),(16,1,'公告1','公告内容1','2018-11-26 17:15:51','1','',1),(17,1,'公告1','公告内容1','2018-11-26 16:19:38','2','',1),(18,1,'公告18','公告内容18','2018-11-28 12:12:38','2','draft',0),(19,1,'公告1','公告内容1','2018-11-27 09:44:51','2','draft',0),(20,1,'公告1','公告内容1','2018-11-27 10:11:16','2','',0),(21,1,'公告1','公告内容1','2018-11-27 10:13:14','2','',0),(22,1,'公告1','公告内容1','2018-11-27 10:20:05','2','',0),(23,1,'公告1','公告内容1','2018-11-27 10:20:16','2','',0),(24,1,'公告1','公告内容1','2018-11-27 10:20:19','2','',0),(25,1,'公告1','公告内容1','2018-11-28 10:09:58','2','draft',1),(26,1,'公告1','<p>公告内容1</p>','2018-11-28 10:19:04','2','draft',1),(27,1,'公告1','<p>公告内容234567</p>','2018-11-28 10:12:35','1','draft',0),(28,1,'公告1','公告内容1','2018-11-28 10:09:44','2','draft',1),(29,1,'公告1','公告内容1','2018-11-28 18:21:33','2','draft',0);

/*Table structure for table `notice_file` */

DROP TABLE IF EXISTS `notice_file`;

CREATE TABLE `notice_file` (
  `id` int(11) NOT NULL AUTO_INCREMENT COMMENT '主键ID',
  `file_id` int(11) NOT NULL COMMENT '通知附件ID',
  `notice_id` int(11) NOT NULL COMMENT '通知ID',
  PRIMARY KEY (`id`,`notice_id`)
) ENGINE=MyISAM AUTO_INCREMENT=16 DEFAULT CHARSET=utf8;

/*Data for the table `notice_file` */

insert  into `notice_file`(`id`,`file_id`,`notice_id`) values (1,1,3),(2,2,3),(3,3,3),(4,1,4),(5,2,4),(6,3,4),(7,1,13),(8,2,13),(9,3,13),(10,1,14),(11,2,14),(12,3,14),(13,1,16),(14,2,16);

/*Table structure for table `notice_inform` */

DROP TABLE IF EXISTS `notice_inform`;

CREATE TABLE `notice_inform` (
  `id` int(11) NOT NULL AUTO_INCREMENT COMMENT '主键ID',
  `department_id` int(11) NOT NULL COMMENT '机构ID',
  `notice_id` int(11) NOT NULL COMMENT '公告ID',
  PRIMARY KEY (`id`,`notice_id`)
) ENGINE=MyISAM AUTO_INCREMENT=38 DEFAULT CHARSET=utf8;

/*Data for the table `notice_inform` */

insert  into `notice_inform`(`id`,`department_id`,`notice_id`) values (1,1,3),(2,2,3),(3,3,3),(4,4,3),(5,1,4),(6,2,4),(7,3,4),(8,4,4),(9,2,13),(10,23,13),(11,5,13),(12,5,14),(36,5,18),(35,2,18),(34,1,18),(18,1,19),(22,1,20),(23,1,21),(24,1,22),(25,1,23),(26,1,24),(37,1,29),(29,1,27);

/*Table structure for table `punish_notice` */

DROP TABLE IF EXISTS `punish_notice`;

CREATE TABLE `punish_notice` (
  `id` int(11) NOT NULL COMMENT '处罚通知ID',
  `confirmation_id` int(11) DEFAULT NULL COMMENT '确认书ID',
  `manuscript_id` int(11) DEFAULT NULL COMMENT '工作底稿ID',
  `clause_id` int(11) DEFAULT NULL COMMENT '管理办法ID',
  `integral_id` int(11) DEFAULT NULL COMMENT '积分表ID',
  `number` char(50) DEFAULT NULL COMMENT '文件号',
  `state` enum('draft','publish') DEFAULT NULL COMMENT '状态（draft草稿|publish发布）',
  `delete` tinyint(1) DEFAULT '0' COMMENT '删除（0未删|1删除）',
  PRIMARY KEY (`id`)
) ENGINE=MyISAM DEFAULT CHARSET=utf8;

/*Data for the table `punish_notice` */

/*Table structure for table `user_job` */

DROP TABLE IF EXISTS `user_job`;

CREATE TABLE `user_job` (
  `user_id` int(11) NOT NULL COMMENT '人员ID',
  `job` char(20) NOT NULL COMMENT '岗位',
  PRIMARY KEY (`user_id`,`job`)
) ENGINE=MyISAM DEFAULT CHARSET=utf8;

/*Data for the table `user_job` */

/*Table structure for table `users` */

DROP TABLE IF EXISTS `users`;

CREATE TABLE `users` (
  `user_id` int(11) NOT NULL AUTO_INCREMENT COMMENT '人员ID',
  `department_id` int(11) NOT NULL COMMENT '部门ID',
  `user_name` char(50) DEFAULT NULL COMMENT '姓名',
  `user_code` char(20) NOT NULL COMMENT '员工号',
  `class` char(20) DEFAULT NULL COMMENT '民族',
  `sex` enum('0','1','2') NOT NULL DEFAULT '0' COMMENT '性别（0保密1女2男）',
  `id_card` char(18) DEFAULT NULL COMMENT '身份证',
  `update_time` timestamp NOT NULL DEFAULT '0000-00-00 00:00:00' COMMENT '更新时间',
  `delete` tinyint(1) DEFAULT '0' COMMENT '是否删除',
  PRIMARY KEY (`user_id`,`department_id`,`user_code`)
) ENGINE=MyISAM AUTO_INCREMENT=13 DEFAULT CHARSET=utf8;

/*Data for the table `users` */

insert  into `users`(`user_id`,`department_id`,`user_name`,`user_code`,`class`,`sex`,`id_card`,`update_time`,`delete`) values (1,1,'小明','10001','','0','522623-----------','2018-11-26 17:04:36',0),(2,0,'小王','10002',NULL,'0',NULL,'2018-11-27 14:06:43',0),(11,1,'测试','10086','苗','','56541321564','2018-11-26 17:06:32',0),(12,1,'1','21','汉','0','123456578','2018-11-28 09:49:53',0);

/*!40101 SET SQL_MODE=@OLD_SQL_MODE */;
/*!40014 SET FOREIGN_KEY_CHECKS=@OLD_FOREIGN_KEY_CHECKS */;
/*!40014 SET UNIQUE_CHECKS=@OLD_UNIQUE_CHECKS */;
/*!40111 SET SQL_NOTES=@OLD_SQL_NOTES */;
