/*
SQLyog Ultimate v12.09 (64 bit)
MySQL - 5.5.53-log : Database - audit_integral
*********************************************************************
*/

/*!40101 SET NAMES utf8 */;

/*!40101 SET SQL_MODE=''*/;

/*!40014 SET @OLD_UNIQUE_CHECKS=@@UNIQUE_CHECKS, UNIQUE_CHECKS=0 */;
/*!40014 SET @OLD_FOREIGN_KEY_CHECKS=@@FOREIGN_KEY_CHECKS, FOREIGN_KEY_CHECKS=0 */;
/*!40101 SET @OLD_SQL_MODE=@@SQL_MODE, SQL_MODE='NO_AUTO_VALUE_ON_ZERO' */;
/*!40111 SET @OLD_SQL_NOTES=@@SQL_NOTES, SQL_NOTES=0 */;
CREATE DATABASE /*!32312 IF NOT EXISTS*/`audit_integral` /*!40100 DEFAULT CHARACTER SET utf8 */;

USE `audit_integral`;

/*Table structure for table `audit_notice` */

DROP TABLE IF EXISTS `audit_notice`;

CREATE TABLE `audit_notice` (
  `id` int(11) NOT NULL AUTO_INCREMENT COMMENT '审计通知书ID',
  `draft_id` int(11) NOT NULL DEFAULT '0' COMMENT '工作底稿ID',
  `year` year(4) DEFAULT NULL COMMENT '年份',
  `number` char(100) DEFAULT NULL COMMENT '编号',
  `delete` tinyint(1) NOT NULL DEFAULT '0' COMMENT '删除（0未删|1删除）',
  PRIMARY KEY (`id`)
) ENGINE=InnoDB AUTO_INCREMENT=17 DEFAULT CHARSET=utf8;

/*Data for the table `audit_notice` */

/*Table structure for table `audit_report` */

DROP TABLE IF EXISTS `audit_report`;

CREATE TABLE `audit_report` (
  `id` int(11) NOT NULL AUTO_INCREMENT COMMENT '审计报告ID',
  `programme_id` int(11) NOT NULL DEFAULT '0' COMMENT '方案ID',
  `draft_id` int(11) NOT NULL DEFAULT '0' COMMENT '工作底稿ID',
  `confirmation_id` int(11) NOT NULL DEFAULT '0' COMMENT '事实确认书ID',
  `rectify_report_id` int(11) NOT NULL DEFAULT '0' COMMENT '整改报告ID',
  `state` enum('draft','publish') NOT NULL DEFAULT 'draft' COMMENT '状态（draft草稿|publish发布）',
  `update_time` timestamp NULL DEFAULT NULL COMMENT '更新时间',
  `delete` tinyint(1) NOT NULL DEFAULT '0' COMMENT '删除（0未删|1删除）',
  PRIMARY KEY (`id`)
) ENGINE=InnoDB AUTO_INCREMENT=9 DEFAULT CHARSET=utf8;

/*Data for the table `audit_report` */

/*Table structure for table `audit_report_basic_info` */

DROP TABLE IF EXISTS `audit_report_basic_info`;

CREATE TABLE `audit_report_basic_info` (
  `id` int(11) NOT NULL AUTO_INCREMENT COMMENT '审计报告基本信息ID',
  `audit_report_id` int(11) NOT NULL DEFAULT '0' COMMENT '审计报告ID',
  `content` varchar(2500) DEFAULT NULL COMMENT '基本信息',
  `delete` tinyint(1) NOT NULL DEFAULT '0' COMMENT '删除（0未删|1删除）',
  PRIMARY KEY (`id`)
) ENGINE=InnoDB AUTO_INCREMENT=12 DEFAULT CHARSET=utf8;

/*Data for the table `audit_report_basic_info` */

/*Table structure for table `audit_report_plan` */

DROP TABLE IF EXISTS `audit_report_plan`;

CREATE TABLE `audit_report_plan` (
  `id` int(11) NOT NULL AUTO_INCREMENT COMMENT '审计报告基本信息ID',
  `audit_report_id` int(11) NOT NULL DEFAULT '0' COMMENT '审计报告ID',
  `content` varchar(2500) DEFAULT NULL COMMENT '基本信息',
  `delete` tinyint(1) NOT NULL DEFAULT '0' COMMENT '删除（0未删|1删除）',
  PRIMARY KEY (`id`)
) ENGINE=InnoDB AUTO_INCREMENT=12 DEFAULT CHARSET=utf8;

/*Data for the table `audit_report_plan` */

/*Table structure for table `audit_report_reason` */

DROP TABLE IF EXISTS `audit_report_reason`;

CREATE TABLE `audit_report_reason` (
  `id` int(11) NOT NULL AUTO_INCREMENT COMMENT '审计报告基本信息ID',
  `audit_report_id` int(11) NOT NULL DEFAULT '0' COMMENT '审计报告ID',
  `content` varchar(2500) DEFAULT NULL COMMENT '基本信息',
  `delete` tinyint(1) NOT NULL DEFAULT '0' COMMENT '删除（0未删|1删除）',
  PRIMARY KEY (`id`)
) ENGINE=InnoDB AUTO_INCREMENT=12 DEFAULT CHARSET=utf8;

/*Data for the table `audit_report_reason` */

/*Table structure for table `clause` */

DROP TABLE IF EXISTS `clause`;

CREATE TABLE `clause` (
  `id` int(11) NOT NULL AUTO_INCREMENT COMMENT '管理办法及条款ID',
  `department_id` int(11) NOT NULL DEFAULT '-1' COMMENT '所属部门ID（为-1时所有部门通用）',
  `title` char(200) DEFAULT NULL COMMENT '管理办法及条款标题',
  `from` char(200) DEFAULT NULL COMMENT '来源',
  `type` char(80) DEFAULT NULL COMMENT '分类（字典）',
  `author_id` int(11) DEFAULT NULL COMMENT '发布人ID',
  `number` char(100) DEFAULT NULL COMMENT '文件号',
  `update_time` timestamp NOT NULL DEFAULT CURRENT_TIMESTAMP ON UPDATE CURRENT_TIMESTAMP COMMENT '更新时间',
  `state` enum('draft','publish') NOT NULL DEFAULT 'draft' COMMENT '状态（draft草稿publish发布）',
  `delete` tinyint(1) NOT NULL DEFAULT '0' COMMENT '删除（0未删1删除）',
  PRIMARY KEY (`id`)
) ENGINE=InnoDB AUTO_INCREMENT=60 DEFAULT CHARSET=utf8;

/*Data for the table `clause` */

insert  into `clause`(`id`,`department_id`,`title`,`from`,`type`,`author_id`,`number`,`update_time`,`state`,`delete`) values (48,1,'测试文件标题---修改','啊','other',-1,'1023','2019-01-16 23:02:16','draft',1),(49,1,'测试12311','','',-1,'','2019-01-16 23:02:18','draft',1),(50,1,'1110','20','other',-1,'300','2019-01-16 23:15:49','draft',1),(51,1,'1112','1','other',-1,'2','2019-01-16 23:15:46','draft',1),(52,1,'12540','10','other',-1,'20','2019-01-16 23:15:43','draft',1),(53,1,'111','2','',-1,'3','2019-01-17 00:09:51','draft',1),(54,1,'','',NULL,-1,'','2019-01-17 00:09:48','draft',1),(55,1,'兴仁农商银行办公室关于严禁发放多头贷款的通知','兴仁农商银行办公室文件',NULL,-1,'兴仁农商银办发〔2017〕262号','2019-01-17 00:15:33','draft',1),(56,1,'兴仁农商银行办公室关于严禁发放多头贷款的通知','兴仁农商银行办公室文件',NULL,-1,'兴仁农商银办发〔2017〕262号','2019-01-17 00:13:45','draft',0),(57,1,'各支行：','兴仁农商银行办公室关于开展印章管理',NULL,-1,'排查的通知','2019-01-17 00:16:41','draft',1),(58,1,'兴仁农商银行办公室关于开展印章管理排查的通知','贵州兴仁农村商业银行股份有限公司',NULL,-1,'','2019-01-17 00:19:29','draft',0),(59,1,'第一条  为提高全省农村信用社信贷支农服务水平，规范农户贷款业务行为，加强农户贷款风险管控，促进农户贷款稳健发展，依据《中华人民共和国商业银行法》《中华人民共和国银行业监督管理法》《贷款通则》《中国银监会关于印发<农户贷款管理办法>的通知》等法律法规及有关规定，制定本办法。','贵州省农村信用社农户贷款管理办法（暂行）',NULL,-1,'第一章  总  则','2019-01-17 00:25:27','draft',1);

/*Table structure for table `clause_content` */

DROP TABLE IF EXISTS `clause_content`;

CREATE TABLE `clause_content` (
  `id` int(11) NOT NULL AUTO_INCREMENT COMMENT '管理办法内容ID',
  `clause_id` int(11) DEFAULT NULL COMMENT '管理办法ID',
  `is_title` tinyint(1) NOT NULL DEFAULT '0' COMMENT '是否为标题（0内容1标题）',
  `title_level` char(80) NOT NULL DEFAULT '-' COMMENT '标题级别',
  `content` varchar(2000) DEFAULT NULL COMMENT '内容',
  `order` int(4) NOT NULL DEFAULT '0' COMMENT '顺序',
  `delete` tinyint(1) NOT NULL DEFAULT '0' COMMENT '删除（0未删1删除）',
  PRIMARY KEY (`id`)
) ENGINE=InnoDB AUTO_INCREMENT=3718 DEFAULT CHARSET=utf8;

/*Data for the table `clause_content` */

insert  into `clause_content`(`id`,`clause_id`,`is_title`,`title_level`,`content`,`order`,`delete`) values (3425,48,0,'','这是内容吗',1,1),(3426,48,1,'h1','那这就是标题咯',2,1),(3427,50,0,'','200',1,1),(3428,51,0,'','2',1,1),(3429,52,0,'','30',1,1),(3430,53,0,'','4',1,1),(3431,54,0,'','兴仁农商银行办公室文件',0,1),(3432,54,0,'','兴仁农商银办发〔2017〕262号',1,1),(3433,54,0,'','兴仁农商银行办公室关于严禁发放多头贷款的通知',2,1),(3434,54,0,'','各支行：',3,1),(3435,54,0,'','为进一步加强贷款管理，规范贷款操作流程，控制和防范操作风险，提高贷款资产质量，进一步强化制度执行力，结合我行实际，现就严禁发放多头贷款事宜通知如下，请各支行、小微中心严格按要求遵照执行。',4,1),(3436,54,0,'','一、多头贷款的定义',5,1),(3437,54,0,'','根据《贷款通则》第四章第二十条“对借款人的限制”第一点“不得在一个贷款人同一辖区内的两个或两个以上同级分支机构取得贷款”之规定，我行多头贷款指的是同一借款人（含配偶）在我行不同支行、小微中心办理贷款业务（含信用、抵质押贷款等）的，均属于多头贷款。借款人在我行同一支行申请办理多笔、多种类贷款的，不属于多头贷款。',6,1),(3438,54,0,'','二、相关要求',7,1),(3439,54,0,'','从下发通知之日起，严禁发放多头贷款，除办理个人住房按揭贷款不受多头贷款限制外，同一借款人（含配偶）只能在一个支行办理信贷业务，在责任认定过程中，根据贷款发放时间先后顺序，后发放贷款支行属于发放多头贷款。对于认定为发放多头贷款的，除责令发放多头贷款支行限期收回贷款本息外，对发放多头贷款的支行行长罚款3000元，对经办客户经理各罚款2000元，对支行参审人各罚款1000元。',8,1),(3440,54,0,'','本规定从下发之日起执行，原《兴仁农村商业银行关于加强信贷客户综合授信管理的通知》（兴仁农商银发[2015]66号）第一条：“同一信贷客户（包括其配偶，下同）只能在本行一个网点获得信贷业务授信。各支行在授理信贷业务时，除小额农户信用贷款外，应要求客户书面授权查询其信用报告，并根据其信用报告查看在本行其他支行是否有贷款余额。若客户已经在本行其他支行获得贷款，客户经理不得授理信贷业务，建议客户到发放贷款的支行办理”之规定自行废止。',9,1),(3441,54,0,'','兴仁农商银行办公室',10,1),(3442,54,0,'','                                     2017年10月9日',11,1),(3443,54,0,'','                                               共印48份',12,1),(3444,55,0,'','各支行：',0,1),(3445,55,0,'','为进一步加强贷款管理，规范贷款操作流程，控制和防范操作风险，提高贷款资产质量，进一步强化制度执行力，结合我行实际，现就严禁发放多头贷款事宜通知如下，请各支行、小微中心严格按要求遵照执行。',1,1),(3446,55,0,'','一、多头贷款的定义',2,1),(3447,55,0,'','根据《贷款通则》第四章第二十条“对借款人的限制”第一点“不得在一个贷款人同一辖区内的两个或两个以上同级分支机构取得贷款”之规定，我行多头贷款指的是同一借款人（含配偶）在我行不同支行、小微中心办理贷款业务（含信用、抵质押贷款等）的，均属于多头贷款。借款人在我行同一支行申请办理多笔、多种类贷款的，不属于多头贷款。',3,1),(3448,55,0,'','二、相关要求',4,1),(3449,55,0,'','从下发通知之日起，严禁发放多头贷款，除办理个人住房按揭贷款不受多头贷款限制外，同一借款人（含配偶）只能在一个支行办理信贷业务，在责任认定过程中，根据贷款发放时间先后顺序，后发放贷款支行属于发放多头贷款。对于认定为发放多头贷款的，除责令发放多头贷款支行限期收回贷款本息外，对发放多头贷款的支行行长罚款3000元，对经办客户经理各罚款2000元，对支行参审人各罚款1000元。',5,1),(3450,55,0,'','本规定从下发之日起执行，原《兴仁农村商业银行关于加强信贷客户综合授信管理的通知》（兴仁农商银发[2015]66号）第一条：“同一信贷客户（包括其配偶，下同）只能在本行一个网点获得信贷业务授信。各支行在授理信贷业务时，除小额农户信用贷款外，应要求客户书面授权查询其信用报告，并根据其信用报告查看在本行其他支行是否有贷款余额。若客户已经在本行其他支行获得贷款，客户经理不得授理信贷业务，建议客户到发放贷款的支行办理”之规定自行废止。',6,1),(3451,55,0,'','兴仁农商银行办公室',7,1),(3452,55,0,'','                                     2017年10月9日',8,1),(3453,55,0,'','                                               共印48份',9,1),(3454,56,0,'','',0,0),(3455,56,0,'','各支行：',1,0),(3456,56,0,'','为进一步加强贷款管理，规范贷款操作流程，控制和防范操作风险，提高贷款资产质量，进一步强化制度执行力，结合我行实际，现就严禁发放多头贷款事宜通知如下，请各支行、小微中心严格按要求遵照执行。',2,0),(3457,56,0,'','一、多头贷款的定义',3,0),(3458,56,0,'','根据《贷款通则》第四章第二十条“对借款人的限制”第一点“不得在一个贷款人同一辖区内的两个或两个以上同级分支机构取得贷款”之规定，我行多头贷款指的是同一借款人（含配偶）在我行不同支行、小微中心办理贷款业务（含信用、抵质押贷款等）的，均属于多头贷款。借款人在我行同一支行申请办理多笔、多种类贷款的，不属于多头贷款。',4,0),(3459,56,0,'','二、相关要求',5,0),(3460,56,0,'','从下发通知之日起，严禁发放多头贷款，除办理个人住房按揭贷款不受多头贷款限制外，同一借款人（含配偶）只能在一个支行办理信贷业务，在责任认定过程中，根据贷款发放时间先后顺序，后发放贷款支行属于发放多头贷款。对于认定为发放多头贷款的，除责令发放多头贷款支行限期收回贷款本息外，对发放多头贷款的支行行长罚款3000元，对经办客户经理各罚款2000元，对支行参审人各罚款1000元。',6,0),(3461,56,0,'','本规定从下发之日起执行，原《兴仁农村商业银行关于加强信贷客户综合授信管理的通知》（兴仁农商银发[2015]66号）第一条：“同一信贷客户（包括其配偶，下同）只能在本行一个网点获得信贷业务授信。各支行在授理信贷业务时，除小额农户信用贷款外，应要求客户书面授权查询其信用报告，并根据其信用报告查看在本行其他支行是否有贷款余额。若客户已经在本行其他支行获得贷款，客户经理不得授理信贷业务，建议客户到发放贷款的支行办理”之规定自行废止。',7,0),(3462,56,0,'','',8,0),(3463,56,0,'','兴仁农商银行办公室',9,0),(3464,56,0,'','                                     2017年10月9日',10,0),(3465,56,0,'','',11,0),(3466,56,0,'','                                               共印48份',12,0),(3467,56,0,'','',13,0),(3468,56,0,'','',14,0),(3469,57,0,'','根据《省联社办公室关于开展2018年“规范年”及深化“合规管理年”活动相关排查工作实施方案的通知》（黔农信办发〔2018〕392号）及《兴仁农商银行办公室关于印发2018年“规范年”及深化“合规管理年”活动相关排查工作实施方案的通知》（兴仁农商银办发〔2018〕245号 ）中“印章管理”排查要求，总行办公室决定在各支行对印章管理进行自查后，在辖内进行抽查，现将相关事宜通知如下：',0,1),(3470,57,0,'','一、排查内容',1,1),(3471,57,0,'','截止2018年7月末，近1年内行政印章及柜面印章管理和使用情况。',2,1),(3472,57,0,'','二、排查要点',3,1),(3473,57,0,'','（一）行政用章管理',4,1),(3474,57,0,'','1.建立《印章使用登记簿》、《印章交接登记簿》、《印章借用登记簿》等，并根据实际情况，记录相关要素。',5,1),(3475,57,0,'','2.印章实行专人管理，按照“双人制度”，保管时要密码钥匙分离管理。',6,1),(3476,57,0,'','3.印章必须使用保险柜保管，不得随意放置，做到随用随取、人离章收。',7,1),(3477,57,0,'','4.印章管理员变更或因事需交接印章时，要办理交接和登记手续。',8,1),(3478,57,0,'','5.严格履行用印审批手续，凡需加盖印章的文字材料或表格，由支行行长签批。',9,1),(3479,57,0,'','6.违规用印情况,有下列情况的不予用印：',10,1),(3480,57,0,'','（1）未经有权审批人批准的；',11,1),(3481,57,0,'','（2）用印材料与审批情况不一致的；',12,1),(3482,57,0,'','（3）法律性文本用印未按规定提供法律审查意见的；',13,1),(3483,57,0,'','（4）空白页、空白表格；',14,1),(3484,57,0,'','（5）关键信息缺失、字迹模糊的材料；',15,1),(3485,57,0,'','（6）其他有正当理由拒绝用印的情形。',16,1),(3486,57,0,'','7.严格实行登记制度，印章登记簿应记载用印时间、经办人、事由、份数、审批人等关键信息。',17,1),(3487,57,0,'','8.非特殊工作需要，印章原则上不得离行使用，确需带出的，必须报主要负责人批准，由双人带出用印。',18,1),(3488,57,0,'','9.定期开展印章管理自查。',19,1),(3489,57,0,'','    （二）柜面用章管理    ',20,1),(3490,57,0,'','1.刻制的印章要按柜面印章的种类刻制，不得擅自新增和修改柜面业务印章。',21,1),(3491,57,0,'','2.各支行柜面印章要按规定范围使用，不得错用、串用、提前或过期使用会计业务印章，不得未办理交接手续将柜面业务印章交他人使用，不得预先在重要空白凭证上加盖印章备用。',22,1),(3492,57,0,'','3.各支行要按规定对印章管理进行检查，至少每半年自查一次，印章登记簿与印章实物是否相符。',23,1),(3493,57,0,'','4.柜面业务印章使用人要做到“专匣保管、固定存放，人离章收。”临时离岗，应入柜（或箱）保管，入屉上锁，钥匙随身带走；营业终了，入库保管。',24,1),(3494,57,0,'','三、相关要求',25,1),(3495,57,0,'','（一）各支行及时组织开展印章管理自查，形成印章管理自查报告，连同印章管理相关登记簿（内页而不是封面）拍照打包于9月27日前报办公室。',26,1),(3496,57,0,'','（二）对在自查中发现的问题，各支行应查缺补漏，及时进行整改。',27,1),(3497,57,0,'','（三）办公室将根据各支行的自查情况进行抽查。',28,1),(3498,57,0,'','',29,1),(3499,57,0,'','兴仁农商银行办公室',30,1),(3500,57,0,'','                               2018年9月26日',31,1),(3501,57,0,'','',32,1),(3502,58,0,'','',0,1),(3503,58,0,'','各支行：',1,0),(3504,58,0,'','根据《省联社办公室关于开展2018年“规范年”及深化“合规管理年”活动相关排查工作实施方案的通知》（黔农信办发〔2018〕392号）及《兴仁农商银行办公室关于印发2018年“规范年”及深化“合规管理年”活动相关排查工作实施方案的通知》（兴仁农商银办发〔2018〕245号 ）中“印章管理”排查要求，总行办公室决定在各支行对印章管理进行自查后，在辖内进行抽查，现将相关事宜通知如下：',2,0),(3505,58,0,'','一、排查内容',3,0),(3506,58,0,'','截止2018年7月末，近1年内行政印章及柜面印章管理和使用情况。',4,0),(3507,58,0,'','二、排查要点',5,0),(3508,58,0,'','（一）行政用章管理',6,0),(3509,58,0,'','1.建立《印章使用登记簿》、《印章交接登记簿》、《印章借用登记簿》等，并根据实际情况，记录相关要素。',7,0),(3510,58,0,'','2.印章实行专人管理，按照“双人制度”，保管时要密码钥匙分离管理。',8,0),(3511,58,0,'','3.印章必须使用保险柜保管，不得随意放置，做到随用随取、人离章收。',9,0),(3512,58,0,'','4.印章管理员变更或因事需交接印章时，要办理交接和登记手续。',10,0),(3513,58,0,'','5.严格履行用印审批手续，凡需加盖印章的文字材料或表格，由支行行长签批。',11,0),(3514,58,0,'','6.违规用印情况,有下列情况的不予用印：',12,0),(3515,58,0,'','（1）未经有权审批人批准的；',13,0),(3516,58,0,'','（2）用印材料与审批情况不一致的；',14,0),(3517,58,0,'','（3）法律性文本用印未按规定提供法律审查意见的；',15,0),(3518,58,0,'','（4）空白页、空白表格；',16,0),(3519,58,0,'','（5）关键信息缺失、字迹模糊的材料；',17,0),(3520,58,0,'','（6）其他有正当理由拒绝用印的情形。',18,0),(3521,58,0,'','7.严格实行登记制度，印章登记簿应记载用印时间、经办人、事由、份数、审批人等关键信息。',19,0),(3522,58,0,'','8.非特殊工作需要，印章原则上不得离行使用，确需带出的，必须报主要负责人批准，由双人带出用印。',20,0),(3523,58,0,'','9.定期开展印章管理自查。',21,0),(3524,58,0,'','    （二）柜面用章管理    ',22,0),(3525,58,0,'','1.刻制的印章要按柜面印章的种类刻制，不得擅自新增和修改柜面业务印章。',23,0),(3526,58,0,'','2.各支行柜面印章要按规定范围使用，不得错用、串用、提前或过期使用会计业务印章，不得未办理交接手续将柜面业务印章交他人使用，不得预先在重要空白凭证上加盖印章备用。',24,0),(3527,58,0,'','3.各支行要按规定对印章管理进行检查，至少每半年自查一次，印章登记簿与印章实物是否相符。',25,0),(3528,58,0,'','4.柜面业务印章使用人要做到“专匣保管、固定存放，人离章收。”临时离岗，应入柜（或箱）保管，入屉上锁，钥匙随身带走；营业终了，入库保管。',26,0),(3529,58,0,'','三、相关要求',27,0),(3530,58,0,'','（一）各支行及时组织开展印章管理自查，形成印章管理自查报告，连同印章管理相关登记簿（内页而不是封面）拍照打包于9月27日前报办公室。',28,0),(3531,58,0,'','（二）对在自查中发现的问题，各支行应查缺补漏，及时进行整改。',29,0),(3532,58,0,'','（三）办公室将根据各支行的自查情况进行抽查。',30,0),(3533,58,0,'','',31,1),(3534,58,0,'','兴仁农商银行办公室',31,0),(3535,58,0,'','                               2018年9月26日',32,0),(3536,58,0,'','',34,1),(3537,59,0,'','第二条  本办法所称贷款人是指各县（市、区）农村信用合作联社、农村商业银行 (以下统称行社)及其授权办理农户贷款的分支机构（以下简称网点）。',0,1),(3538,59,0,'','第三条  本办法所称农户贷款，是指贷款人向符合条件的农户发放的用于生产经营、生活消费等用途的人民币贷款。',1,1),(3539,59,0,'','本办法所称农户是指长期居住在乡镇和城关镇所辖行政村的住户、国有农场的职工和农村个体工商户。',2,1),(3540,59,0,'','第四条  农户贷款实行“差异授信、灵活定价、风险可控、流程简化、特色服务”的信贷支农服务政策。',3,1),(3541,59,0,'','第五条  贷款人按照“先评级、后授信、再用信”的流程管理农户贷款。针对不同的农户贷款产品，可以采取差异化的办理流程。',4,1),(3542,59,0,'','第六条  贷款人经营农户贷款业务，应遵守本办法。',5,1),(3543,59,0,'','',6,1),(3544,59,1,'h1','第二章  管理架构及职责',7,1),(3545,59,0,'','第七条  行社成立农户贷款管理委员会，经营层负责人任组长，分管领导任副组长，业务、财会、风险、稽核等部门负责人为成员，办公室设在农户贷款业务主管部门。工作职责如下：',8,1),(3546,59,0,'','（一）贯彻落实农村经济金融政策，加大服务“三农”力度。',9,1),(3547,59,0,'','（二）制定行社农户贷款业务发展规划，改进服务方式，提升服务质量，提高农户的满意度和获得感。',10,1),(3548,59,0,'','（三）研究制定农户贷款产品、渠道、营销等策略，不断夯实农村市场。',11,1),(3549,59,0,'','（四）加强农户贷款风险管控研究分析，有效防控农户贷款业务风险。',12,1),(3550,59,0,'','（五）科学合理配置农户贷款业务客户经理、经费等资源，支持农户贷款业务健康发展。',13,1),(3551,59,0,'','（六）督促网点成立农户信用等级评定小组和农户授信审批小组，持续监测履职效能，提升和完善服务机制，不断增强服务能力和水平。',14,1),(3552,59,0,'','（七）每半年至少召开一次农户贷款业务专题会，就信贷政策、信用工程、风险管控及评级授信、利率定价、线上放贷、经验做法和存在问题等情况进行专题研究，提出合理化的工作措施，推动工作质效持续提升。',15,1),(3553,59,1,'h1','第三章  贷款条件、用途和种类',16,1),(3554,59,0,'','第八条  贷款条件。借款人应具备以下条件：',17,1),(3555,59,0,'','（一）借款人在18周岁以上，具有完全民事行为能力且身体健康的自然人。',18,1),(3556,59,0,'','（二）居住在贷款人服务区域内的农户且在本地拥有自有住房或固定的生产经营场所。',19,1),(3557,59,0,'','（三）所从事的生产经营活动符合法律法规及产业政策。',20,1),(3558,59,0,'','（四）贷款申请数额、期限合理，符合生产经营活动、消费行为的合理需求。',21,1),(3559,59,0,'','（五）具有按期偿还贷款本息的能力。',22,1),(3560,59,0,'','（六）借款人遵纪守法，品行良好，无恶意逃废债务行为，无重大不良信用记录。',23,1),(3561,59,0,'','（七）贷款发放前，在贷款人处开立个人银行结算账户，自愿接受信贷监督和支付结算监督。',24,1),(3562,59,0,'','（八）贷款人要求的其他条件。',25,1),(3563,59,0,'','第九条  贷款用途。农户贷款应当符合法律法规规定和国家有关政策，不得发放无指定用途的农户贷款。按照用途分类，农户贷款分为农户生产经营贷款和农户消费贷款。',26,1),(3564,59,0,'','（一）农户生产经营贷款是指贷款人发放给农户用于生产经营活动的贷款，包括农户农、林、牧、渔业生产经营贷款和农户就业创业等其他生产经营贷款。',27,1),(3565,59,0,'','（二）农户消费贷款是指贷款人发放给农户用于生活消费、建房、医疗、教育等需求的贷款。',28,1),(3566,59,0,'','第十条  贷款种类。按信用形式分类，农户贷款包括但不限于：',29,1),(3567,59,0,'','（一）农户小额信用贷款。',30,1),(3568,59,0,'','（二）农户保证贷款（含农户最高额保证贷款、农户联保贷款）。',31,1),(3569,59,0,'','（三）农户抵押贷款（含农户最高额抵押贷款）。',32,1),(3570,59,0,'','（四）农户质押贷款（含农户最高额质押贷款）。',33,1),(3571,59,0,'','（五）组合担保贷款等。',34,1),(3572,59,0,'','',35,1),(3573,59,1,'h1','第四章  贷款方式',36,1),(3574,59,0,'','第十一条  贷款方式。',37,1),(3575,59,0,'','农户贷款方式在有效防控风险的前提下，可采用信用、保证、抵押、质押、组合担保等方式。以企业法人、融资性担保机构和其他经济组织或政策规定可以作为担保人的，执行有关规定。',38,1),(3576,59,0,'','第十二条  采取担保方式办理农户贷款的，担保人、抵（质）押物应符合《中华人民共和国担保法》《中华人民共和国物权法》等国家法律法规的相关规定。',39,1),(3577,59,0,'','第十三条  以农户为保证人的，原则上保证人为贷款人评定的信用农户，且符合贷款人的其他规定。',40,1),(3578,59,0,'','',41,1),(3579,59,1,'h1','第五章  贷款期限、利率与还款方式',42,1),(3580,59,0,'','第十四条  贷款期限。',43,1),(3581,59,0,'','贷款人应根据贷款项目生产销售周期、经营周期和综合还款能力及意愿等因素合理确定。',44,1),(3582,59,0,'','第十五条  贷款利率。',45,1),(3583,59,0,'','贷款人应按照贷款利率覆盖风险及信用状况与利率挂钩的原则，综合考虑信用状况、贷款方式、风险水平、存款贡献、业务往来等要素及农户生产经营利润率和支农惠农要求，合理确定差别化贷款利率。',46,1),(3584,59,0,'','第十六条  还款方式。',47,1),(3585,59,0,'','农户贷款还款方式根据贷款种类、期限及借款人现金流情况，可采用分期还本付息、分期还息到期还本、利随本清、等额本金、等额本息等合理确定。1年期以上贷款不得采用利随本清方式。',48,1),(3586,59,0,'','',49,1),(3587,59,1,'h1','第六章  受理与调查',50,1),(3588,59,0,'','第十七条  农户贷款操作流程：调查、建档、评级、授信、贷款发放、贷后管理。',51,1),(3589,59,0,'','第十八条  农户小额信用贷款按照“一次核定、随用随贷、余额控制、周转使用、动态管理”的模式进行管理，在确定信用授信限额后实行柜面放贷或线上渠道办贷；农户其他贷款按照“逐笔申请、逐笔审批发放”的模式进行管理。针对乡村振兴特色优势农业产业贷款，可以适当采取批量授信、快速审批模式进行管理。行社应根据实际情况制定贷款管理审批权限。',52,1),(3590,59,0,'','第十九条  农户申请贷款除以书面形式提出贷款申请外，还需提供能够证明其符合贷款条件的相关资料。',53,1),(3591,59,0,'','第二十条  贷款受理。',54,1),(3592,59,0,'','贷款人收到借款申请资料后，应在规定时限内及时受理，并履行尽职调查职责，对贷款申请内容和相关情况的真实性、准确性、完整性进行调查核实，对信用状况、风险、收益进行评价，形成调查评价意见。',55,1),(3593,59,0,'','第二十一条  贷前调查应包括但不限于下列内容：',56,1),(3594,59,0,'','（一）提交的资料是否完整、真实、有效。',57,1),(3595,59,0,'','（二）借款申请人经营管理能力、生产经营状况、近期主要收入支出。',58,1),(3596,59,0,'','（三）借款用途是否真实。',59,1),(3597,59,0,'','（四）项目预期风险收益情况。',60,1),(3598,59,0,'','（五）借款申请人还款来源、还款能力、还款意愿及还款方式。',61,1),(3599,59,0,'','（六）借款申请人借款方式、担保人担保意愿、担保能力或抵（质）押物价值及变现能力。',62,1),(3600,59,0,'','（七）核实抵（质）押物的权属及各项权证真实性等情况。',63,1),(3601,59,0,'','（八）原则上须查询借款申请人、担保人的个人信用信息基础数据库情况。',64,1),(3602,59,0,'','（九）对客户提供的复印件应与原件核对一致，由调查人员在复印件上签署“与原件核对相符”字样，调查人员须签署个人姓名确认。',65,1),(3603,59,0,'','第二十二条  贷前调查应当深入了解借款人收支、经营情况，以及人品、信用等信息。严格执行双人调查、实地调查制度，并与借款申请人及其家庭成员进行面谈，形成面谈记录。有效借助村委会、德高望重村民、经营共同体带头人等社会力量及其他客观真实的凭证或证明材料，准确了解借款申请人的基本情况、信用及经营状况。',66,1),(3604,59,0,'','第二十三条  信贷调查结束后，调查人员应根据调查情况，出具明确的调查意见。',67,1),(3605,59,0,'','第二十四条  授信额度。',68,1),(3606,59,0,'','（一）信用授信额度。以农户及家庭信誉为基础，综合家庭基本情况、家庭资产、家庭收入、业务往来、道德品质、信用记录、公共记录等情况合理核定。',69,1),(3607,59,0,'','（二）担保类授信额度。应根据农户信用记录、偿债意愿、偿债能力、担保情况、贷款情况、贷款用途等合理核定。',70,1),(3608,59,0,'','第二十五条  贷款额度。',71,1),(3609,59,0,'','根据农户经营项目、消费种类的用途、实际投入、自有资金及综合偿债能力情况合理确定。',72,1),(3610,59,0,'','',73,1),(3611,59,1,'h1','第七章  审查、风险评价与审批',74,1),(3612,59,0,'','第二十六条  审查及风险评价。',75,1),(3613,59,0,'','（一）贷款审查。行社信贷业务管理部门（授信审批部门）承担信贷业务的合规性审查职责，合规性审查主要审查行业准入政策、借款人主体资格、基本资料、资产负债、评级授信、贷款用途、担保等情况，审查人员审查结束后应出具明确的合规性审查意见或报告，并签字确认。',76,1),(3614,59,0,'','1.审查人员应对申报资料的完整性、有效性、一致性，以及借款人的主体资格、信贷业务的合规合法性进行审查，并对借款人的财务状况、经营管理情况、信贷业务的可行性、风险状况、效益情况作出评价。',77,1),(3615,59,0,'','2.对不符合国家产业政策、信贷政策或存在其他重大问题的，审查人员可直接将申报资料退回。',78,1),(3616,59,0,'','3.审查通过的，审查人员应出具合规性审查意见；资料不完整的应及时反馈，并要求补充完善相关资料和信息。',79,1),(3617,59,0,'','（二）风险评价。风险管理部门承担信贷业务的风险评价职责。有效识别各类风险，重点对可能影响信贷业务风险的因素进行评价，同时提出风险管控意见或措施，出具客观、详实的风险评价报告。',80,1),(3618,59,0,'','1.小额授信业务和低风险业务的风险评价可由本级合规性审查人员一并完成。',81,1),(3619,59,0,'','2.大额授信业务和高风险业务由信贷业务管理部门（授信审批部门）进行合规性审查后，再由风险管理部门进行风险评价。',82,1),(3620,59,0,'','3.各行社应根据自身业务发展规模、风险防控能力、经营管理水平，合理确定小额授信业务、大额授信业务、高风险业务的边界和范围。',83,1),(3621,59,0,'','（三）信贷业务管理部门（授信审批部门）、风险管理部门应独立介入合规性审查和风险评价工作，应根据不同业务品种特点，按照职责对提交的授信资料和调查意见进行合规性审查及风险评价。审查评价过程中有疑问的，审查人可要求补充或完善相关资料，必要时可独立进行现场核查。',84,1),(3622,59,0,'','（四）小额授信业务和低风险业务仅需出具审查意见，大额授信业务和高风险业务须出具合规性审查报告和风险评价报告，合规性审查人员和风险评价人员对报告内容的真实性、完整性、有效性负责。',85,1),(3623,59,0,'','第二十七条  贷款审批。',86,1),(3624,59,0,'','合规性审查及风险评价完成后，将合规性审查及风险评价意见（报告）与申报资料一并提交有权审批人审批。审批人在充分审阅申报资料的基础上，根据国家有关宏观经济政策、法律法规、贵州省农村信用社的信贷规章制度等，按照效益覆盖风险和成本的原则，独立行使审批决策权。',87,1),(3625,59,0,'','（一）审批方式。贷款人应根据待审议事项的复杂程度，按照“风险控制、效率兼顾”的原则，可以采取会议审批，会签审批，专职审批人审批，独立审批等方式。',88,1),(3626,59,0,'','（二）审批结论反馈。经审批通过的授信业务，要及时以书面形式批复，申报网点要严格按照审批结论办理。审批结论为“同意”（含限制性条件同意）的，在落实好附加条件后即可办理具体信贷业务。审批未通过的，可直接将申报资料退回。',89,1),(3627,59,0,'','',90,1),(3628,59,1,'h1','第八章  发放与支付',91,1),(3629,59,0,'','第二十八条  落实用款条件。根据审批意见和约定事项，与借款人协商落实用款条件。用款条件包括：',92,1),(3630,59,0,'','（一）借款人已在贷款人处开立个人银行结算账户。',93,1),(3631,59,0,'','（二）担保措施已有效落实。',94,1),(3632,59,0,'','（三）与借款人约定的其他条件已经满足。',95,1),(3633,59,0,'','第二十九条  签订合同。经审批同意的贷款，贷款人应加强对借款人的身份审验，确认借款人与指定账户真实性，防范假名、借名、冒名贷款问题。根据审批意见和有关规定与借款人、担保人（抵押人、出质人或保证人）当面签订书面借款合同、担保合同及其他相关协议。面签要求如下：',96,1),(3634,59,0,'','（一）在签订有关法律文书前，贷款人应充分履行告知义务。',97,1),(3635,59,0,'','（二）在签订有关法律文书时，应当面核验签约人身份证明，由签约人当场签字加盖手印。',98,1),(3636,59,0,'','第三十条  合同使用。',99,1),(3637,59,0,'','（一）农户小额信用贷款统一使用《贵州省农村信用社自然人最高额循环借款合同》。',100,1),(3638,59,0,'','（二）农户其他贷款，根据借款方式，相应签订借款合同及担保合同。',101,1),(3639,59,0,'','第三十一条  借款合同生效后，贷款人应当遵循审贷与放贷分离的原则，加强对贷款的发放管理，设立独立的放款管理部门或岗位，负责落实放款条件，对满足约定条件的借款人发放贷款。',102,1),(3640,59,0,'','第三十二条  支付管理。有下列情形之一的农户贷款，经贷款人同意可以采取借款人自主支付：',103,1),(3641,59,0,'','（一）农户生产经营贷款且金额不超过50万元，或用于农副产品收购等无法确定交易对象的。',104,1),(3642,59,0,'','（二）农户消费贷款且金额不超过30万元。',105,1),(3643,59,0,'','（三）借款人交易对象不具备有效使用非现金结算条件的。',106,1),(3644,59,0,'','（四）法律法规规定的其他情形。',107,1),(3645,59,0,'','鼓励采用贷款人受托支付方式向借款人交易对象进行支付。',108,1),(3646,59,0,'','第三十三条  采用借款人自主支付的，贷款人应当与借款人在借款合同中明确约定；贷款人应当通过账户分析或现场调查等方式，核查贷款使用是否符合约定用途。',109,1),(3647,59,0,'','第三十四条  贷款发放时，必须将款项转入指定的借款人结算账户，严禁以现金方式发放贷款，确保资金发放给真实借款人。',110,1),(3648,59,0,'','',111,1),(3649,59,1,'h1','第九章  贷后管理',112,1),(3650,59,0,'','第三十五条  贷后检查。',113,1),(3651,59,0,'','（一）贷款发放半年内应开展首次贷后检查。原则上贷款到期前每年检查不低于两次，行社可根据贷款额度大小、产业风险特点、贷款管理能力等因素，合理确定农户贷款贷后检查频度。',114,1),(3652,59,0,'','（二）贷后检查方式分为现场检查和非现场检查，对于借款人能够正常还本付息的，可通过非现场方式进行检查；非现场检查发现借款人还本付息不正常或以下情形之一的，应及时进行现场检查。',115,1),(3653,59,0,'','1.借款人无故逃逸、隐匿、被司法机关羁押、逮捕等。',116,1),(3654,59,0,'','2.借款人存在违法经营行为。',117,1),(3655,59,0,'','3.借款人生产经营不正常，资产明显减少，还款能力明显降低，影响贷款偿还的。',118,1),(3656,59,0,'','4.借款人死亡或家庭主要关系人发生经济纠纷的。',119,1),(3657,59,0,'','5.拒绝接受贷款监督，挪用贷款或转移收入、资产，贷款逾期，拖欠利息等行为。',120,1),(3658,59,0,'','6.其他重大风险事项。',121,1),(3659,59,0,'','（三）检查情况填写贷后检查表或撰写贷后检查报告。',122,1),(3660,59,0,'','第三十六条  日常监测。在贷后检查过程中或通过其他渠道，发现借款人有第三十五条第（二）款规定情形之一的，应及时提出有效的风险控制措施，并以书面形式向网点负责人报告。',123,1),(3661,59,0,'','第三十七条  风险预警。贷款人应当建立风险预警制度，定期跟踪分析评估借款人履行借款合同约定内容以及抵质押担保情况，及时发现借款人、担保人的潜在风险并发出预警提示，采取增加抵质押担保、调整授信额度、提前收回贷款等措施，并作为后续信用评价的基础。',124,1),(3662,59,0,'','第三十八条  贷款收回。短期贷款到期1个星期之前、中长期贷款到期1个月之前，贷款人以书面、电话、短信等形式提示借款人、担保人按时归还贷款本息。',125,1),(3663,59,0,'','第三十九条  贷款展期。对于因自然灾害、农产品价格波动等客观原因造成借款人无法按原定期限正常还款的，由借款人申请，经贷款人同意，可以对还款意愿良好、预期现金流量充分、具备还款能力的农户贷款进行合规展期。申请保证贷款、抵押贷款、质押贷款展期的，还应当由保证人、抵押人、出质人出具同意的书面证明。已有约定的，按照约定执行。已展期贷款不得再次展期。短期贷款展期期限不得超过原贷款期限;中期贷款展期期限不得超过原贷款期限的一半;长期贷款展期期限不得超过3年。',126,1),(3664,59,0,'','第四十条  资产保全。贷款人对逾期贷款应当及时催收，按逾期时间长短和风险程度逐级上报处理，掌握借款人动态，及时采取措施保全信贷资产安全。',127,1),(3665,59,0,'','第四十一条  贷款重组。对于未按照借款合同约定收回的贷款，应当采取措施进行清收，也可以在利息还清、本金部分偿还、原有担保措施不弱化等情况下协议重组。',128,1),(3666,59,0,'','第四十二条  贷款核销。对确实无法收回的农户贷款，贷款人可以按照相关规定进行核销，按照账销案存原则继续向借款人追索或进行市场化处置，并按责任制和容忍度规定，落实有关人员责任。',129,1),(3667,59,0,'','第四十三条  风险分类。贷款人严格按照风险分类的规定，对农户贷款进行准确分类及动态调整，真实反映贷款形态。展期贷款最高列入关注类进行管理。',130,1),(3668,59,0,'','第四十四条  行社风险管理部门、审计部门等部门应当对分支机构贷后管理情况进行检查。建立贷款本息独立对账制度、不定期重点检（抽）查制度以及至少两年一次的全面交叉核查制度，重点排查防范假名、借名、冒名贷款。',131,1),(3669,59,0,'','',132,1),(3670,59,1,'h1','第十章  档案管理',133,1),(3671,59,0,'','第四十五条  农户贷款档案实行电子化管理与纸质档案管理相结合。具有法律文书性质的纸质信贷档案由行社妥善保管并扫描至信贷管理系统对应功能模块系统存储。有价单证、抵押登记凭证、权利证书等重要凭证应视同现金入库保管，并记载登记簿。',134,1),(3672,59,0,'','',135,1),(3673,59,1,'h1','第十一章  激励与约束',136,1),(3674,59,0,'','第四十六条  行社要以风险调整收益为基础，制定农户贷款可持续发展的绩效薪酬管理制度，绩效薪酬考核权重应当对农户贷款业务予以倾斜，体现多劳多得、效益与风险挂钩的激励约束要求。',137,1),(3675,59,0,'','第四十七条  行社应当以支持农户贷款发展为基础，建立科学合理的农户贷款定期考核制度，对农户贷款的服务、管理、质量等情况进行考核，并给予一定的容忍度。主要考核指标包括但不限于：',138,1),(3676,59,0,'','（一）农户贷款户数、金额（累放、累收及新增）、工作量、农户贷款占比等服务指标。',139,1),(3677,59,0,'','（二）农户贷款到期本金回收率、利息回收率及增减变化等管理指标。',140,1),(3678,59,0,'','（三）农户贷款不良率、不良贷款迁徙率及增减变化等质量指标。',141,1),(3679,59,0,'','第四十八条  贷款人开展农户贷款业务应当维护借款人权益，严禁向借款人预收利息、收取账户管理费用、搭售金融产品等不规范经营行为。',142,1),(3680,59,0,'','第四十九条  行社应当建立包含农户贷款业务在内的尽职免责制度、违法违规处罚制度和容忍度机制。尽职无过错，且风险在容忍度范围内的，应当免除责任；超过容忍度范围的，相关人员应当承担失职责任；违规办理贷款的，应当严肃追责处罚。',143,1),(3681,59,0,'','第五十条  贷款人内部工作人员违规处罚。贷款人应加强农户贷款的贷前、贷中及贷后管理，若有以下情形之一的，应视情节轻重，按照省联社员工违规行为处罚相关规定、行业规章及法律法规进行处罚：',144,1),(3682,59,0,'','（一）与借款人串通，发放假名、借名、冒名贷款，骗取贷款人贷款的。',145,1),(3683,59,0,'','（二）违规设置贷款条件办理贷款，直接或间接参与借款人经营、入股分红、占用或变相占用借款人信贷资金的。',146,1),(3684,59,0,'','（三）利用职务上的便利，索取、收受贿赂或者违反国家规定收受各种名义的回扣、手续费的。',147,1),(3685,59,0,'','（四）参与非法集资、发放高利贷的。',148,1),(3686,59,0,'','（五）应予处罚的其他情形。',149,1),(3687,59,0,'','第五十一条  贷款人要建立优质农户与诚信客户正向激励制度，对存款贡献度大、按期还款、信用良好的借款人可采取利率优惠、利息返还、信用累积奖励等方式，促进信用环境不断改善。',150,1),(3688,59,0,'','第五十二条  借款人贷款违约责任。有以下情形之一的，应视情节轻重，对借款人采取取消信用等级及授信额度、停止发放新贷款、限期收回已发放贷款等处理措施；情节严重的，通过司法程序处理：',151,1),(3689,59,0,'','（一）借款人采取欺骗手段，假名、借名、冒名骗取贷款的。',152,1),(3690,59,0,'','（二）借款人故意隐瞒贷款真实用途，将信贷资金挪作民间借贷、高利贷、非法集资等非法用途的。',153,1),(3691,59,0,'','（三）法律法规规定的应予处罚的其他情形。',154,1),(3692,59,0,'','',155,1),(3693,59,1,'h1','第十二章  附  则',156,1),(3694,59,0,'','第五十三条  本办法由省联社负责解释、修订。',157,1),(3695,59,0,'','第五十四条  本办法自印发之日起施行。《省联社办公室关于印发贵州省农村信用社“致富通”农户贷款管理办法的通知》（黔农信办发〔2013〕178号)同时废止。',158,1),(3696,59,0,'','',159,1),(3697,59,0,'','',160,1),(3698,59,0,'','',161,1),(3699,59,0,'','',162,1),(3700,59,0,'','',163,1),(3701,59,0,'','',164,1),(3702,59,0,'','',165,1),(3703,59,0,'','',166,1),(3704,59,0,'','',167,1),(3705,59,0,'','',168,1),(3706,59,0,'','',169,1),(3707,59,0,'','',170,1),(3708,59,0,'','',171,1),(3709,59,0,'','',172,1),(3710,59,0,'','',173,1),(3711,59,0,'','',174,1),(3712,59,0,'','',175,1),(3713,59,0,'','',176,1),(3714,59,0,'','',177,1),(3715,59,0,'','',178,1),(3716,59,0,'','',179,1),(3717,59,0,'','共印120份',180,1);

/*Table structure for table `clause_file` */

DROP TABLE IF EXISTS `clause_file`;

CREATE TABLE `clause_file` (
  `id` int(11) NOT NULL AUTO_INCREMENT COMMENT '主键ID',
  `clause_id` int(11) DEFAULT NULL COMMENT '管理办法ID',
  `file_id` int(11) DEFAULT NULL COMMENT '附件ID',
  `delete` tinyint(1) NOT NULL DEFAULT '0' COMMENT '删除（0未删|1已删）',
  PRIMARY KEY (`id`)
) ENGINE=MyISAM AUTO_INCREMENT=36 DEFAULT CHARSET=utf8;

/*Data for the table `clause_file` */

/*Table structure for table `confirmation` */

DROP TABLE IF EXISTS `confirmation`;

CREATE TABLE `confirmation` (
  `id` int(11) NOT NULL AUTO_INCREMENT COMMENT '确认书ID',
  `draft_id` int(11) NOT NULL DEFAULT '0' COMMENT '工作底稿ID',
  `confirmation_receipt_id` int(11) NOT NULL DEFAULT '0' COMMENT '确认书回执ID',
  `file_id` int(11) DEFAULT '0' COMMENT '图片ID',
  `has_read` tinyint(1) NOT NULL DEFAULT '0' COMMENT '是否已读（0未读|1已读）',
  `has_read_time` timestamp NULL DEFAULT NULL COMMENT '已读时间',
  `proposal` varchar(2000) DEFAULT NULL COMMENT '单位意见或者建议',
  `state` enum('draft','publish') NOT NULL DEFAULT 'draft' COMMENT '状态（draft草稿|publish发布）',
  `update_time` timestamp NULL DEFAULT NULL COMMENT '更新时间',
  `year` year(4) DEFAULT NULL COMMENT '年份',
  `number` int(11) DEFAULT NULL COMMENT '编号',
  `author_id` int(11) DEFAULT NULL COMMENT '创建人id',
  `delete` tinyint(1) NOT NULL DEFAULT '0' COMMENT '删除（0未删|1删除）',
  PRIMARY KEY (`id`),
  KEY `工作底稿` (`draft_id`)
) ENGINE=InnoDB AUTO_INCREMENT=51 DEFAULT CHARSET=utf8;

/*Data for the table `confirmation` */

/*Table structure for table `confirmation_basis` */

DROP TABLE IF EXISTS `confirmation_basis`;

CREATE TABLE `confirmation_basis` (
  `id` int(11) NOT NULL AUTO_INCREMENT COMMENT '依据主键ID',
  `confirmation_id` int(11) NOT NULL DEFAULT '0' COMMENT '事实确认书ID',
  `basis_id` int(11) NOT NULL DEFAULT '0' COMMENT '工作底稿依据ID',
  `delete` tinyint(1) NOT NULL DEFAULT '0' COMMENT '删除（0未删|1删除）',
  PRIMARY KEY (`id`)
) ENGINE=InnoDB AUTO_INCREMENT=97 DEFAULT CHARSET=utf8;

/*Data for the table `confirmation_basis` */

/*Table structure for table `confirmation_content` */

DROP TABLE IF EXISTS `confirmation_content`;

CREATE TABLE `confirmation_content` (
  `id` int(11) NOT NULL AUTO_INCREMENT COMMENT '发现问题内容ID',
  `confirmation_id` int(11) DEFAULT NULL COMMENT '事实确认书ID',
  `order` int(4) NOT NULL DEFAULT '0' COMMENT '排序序号',
  `type` enum('title','behavior','other') NOT NULL DEFAULT 'other' COMMENT '内容类型（behavior违规行为|title标题|other其他）',
  `behavior_id` int(11) NOT NULL DEFAULT '0' COMMENT '违规行为ID',
  `behavior_content` varchar(2000) DEFAULT NULL COMMENT '违规行为描述或者其他',
  `delete` int(11) NOT NULL DEFAULT '0' COMMENT '删除（0未删|1删除）',
  PRIMARY KEY (`id`)
) ENGINE=InnoDB AUTO_INCREMENT=64 DEFAULT CHARSET=utf8;

/*Data for the table `confirmation_content` */

/*Table structure for table `confirmation_receipt` */

DROP TABLE IF EXISTS `confirmation_receipt`;

CREATE TABLE `confirmation_receipt` (
  `id` int(11) NOT NULL AUTO_INCREMENT COMMENT '确认书回执ID',
  `content` varchar(5000) DEFAULT NULL COMMENT '回复内容',
  `time` timestamp NOT NULL DEFAULT '0000-00-00 00:00:00' COMMENT '回执时间',
  `delete` tinyint(1) NOT NULL DEFAULT '0' COMMENT '删除（0未删|1删除）',
  PRIMARY KEY (`id`)
) ENGINE=MyISAM AUTO_INCREMENT=2 DEFAULT CHARSET=utf8;

/*Data for the table `confirmation_receipt` */

/*Table structure for table `confirmation_receipt_content` */

DROP TABLE IF EXISTS `confirmation_receipt_content`;

CREATE TABLE `confirmation_receipt_content` (
  `id` int(11) NOT NULL AUTO_INCREMENT COMMENT '整改项ID',
  `confirmation_receipt` int(11) DEFAULT NULL COMMENT '确认书回执ID',
  `behavior_id` int(11) DEFAULT NULL COMMENT '违规行为ID',
  `result` varchar(500) DEFAULT NULL COMMENT '整改结果',
  `time` timestamp NULL DEFAULT NULL COMMENT '整改时间',
  `delete` tinyint(1) NOT NULL DEFAULT '0' COMMENT '删除（0未删|1已删）',
  PRIMARY KEY (`id`)
) ENGINE=MyISAM DEFAULT CHARSET=utf8;

/*Data for the table `confirmation_receipt_content` */

/*Table structure for table `confirmation_user` */

DROP TABLE IF EXISTS `confirmation_user`;

CREATE TABLE `confirmation_user` (
  `id` int(11) NOT NULL AUTO_INCREMENT COMMENT '主键ID',
  `confirmation_id` int(11) DEFAULT NULL COMMENT '事实确认书ID',
  `user_id` int(11) DEFAULT NULL COMMENT '违规人员ID',
  `delete` tinyint(1) NOT NULL DEFAULT '0' COMMENT '删除（0未删|1删除）',
  PRIMARY KEY (`id`)
) ENGINE=InnoDB AUTO_INCREMENT=170 DEFAULT CHARSET=utf8;

/*Data for the table `confirmation_user` */

/*Table structure for table `department` */

DROP TABLE IF EXISTS `department`;

CREATE TABLE `department` (
  `id` int(11) NOT NULL AUTO_INCREMENT COMMENT '部门ID',
  `name` char(50) DEFAULT NULL COMMENT '部门名称',
  `parent_id` int(11) DEFAULT NULL COMMENT '上级部门ID',
  `code` char(150) DEFAULT NULL COMMENT '部门编码',
  `has_child` tinyint(1) NOT NULL DEFAULT '0' COMMENT '是否有子部门（0没有1有）',
  `level` char(20) DEFAULT NULL COMMENT '部门级别',
  `type` char(80) DEFAULT NULL COMMENT '类型（字典key）',
  `grade` int(3) DEFAULT NULL COMMENT '所在部门树的层级',
  `address` char(250) DEFAULT NULL COMMENT '地址',
  `phone` char(11) DEFAULT NULL COMMENT '手机号或者电话',
  `update_time` timestamp NULL DEFAULT NULL COMMENT '更新时间',
  `delete` tinyint(1) DEFAULT '0' COMMENT '是否删除（0未删1删除）',
  PRIMARY KEY (`id`)
) ENGINE=InnoDB AUTO_INCREMENT=44 DEFAULT CHARSET=utf8;

/*Data for the table `department` */

insert  into `department`(`id`,`name`,`parent_id`,`code`,`has_child`,`level`,`type`,`grade`,`address`,`phone`,`update_time`,`delete`) values (1,'兴仁农商行',-1,'bank',1,'0',NULL,NULL,'','','2019-01-16 23:48:08',0),(2,'小微企业金融服务中心',1,'',0,'0',NULL,NULL,'','','2019-01-06 22:12:07',1),(3,'业务授权中心',1,'',0,'0',NULL,NULL,'','','2019-01-06 22:12:14',1),(4,'工会工作部',1,'',0,'0',NULL,NULL,'','','2019-01-06 22:12:21',1),(5,'事后监督部',1,'',0,'0',NULL,NULL,'','','2019-01-06 22:12:26',1),(6,'农村业务部',1,'',0,'0',NULL,NULL,'','','2019-01-06 22:12:31',1),(7,'电子银行部',1,'',0,'0',NULL,NULL,'','','2019-01-06 22:12:36',1),(8,'资金运营部',1,'',0,'0',NULL,NULL,'','','2019-01-06 22:12:43',1),(9,'后勤服务部',1,'',0,'0',NULL,NULL,'','','2019-01-06 22:12:49',1),(10,'安全保卫部',1,'',0,'0',NULL,NULL,'','','2019-01-06 22:12:55',1),(11,'稽核审计部',1,'',0,'0',NULL,NULL,'','','2019-01-08 10:02:22',1),(12,'财务统计部',1,'',0,'0',NULL,NULL,'','','2019-01-06 22:13:08',1),(13,'合规风险管理部',1,'',0,'0',NULL,NULL,'','','2019-01-06 22:13:13',1),(14,'业务发展部',1,'',0,'0',NULL,NULL,'','','2019-01-06 22:13:21',1),(15,'督导室',1,'',0,'0',NULL,NULL,'','','2019-01-06 22:13:27',1),(16,'纪检监察部',1,'',0,'0',NULL,NULL,'','','2019-01-06 22:13:35',1),(17,'党群工作部',1,'',0,'0',NULL,NULL,'','','2019-01-06 22:13:40',1),(18,'人力资源部',1,'',0,'0',NULL,NULL,'','','2019-01-06 22:13:46',1),(19,'办公室',1,'',0,'0',NULL,NULL,'','','2019-01-08 09:55:35',1),(20,'董事会办公室',1,'',0,'0',NULL,NULL,'','','2019-01-06 22:13:59',1),(21,'视频监控中心',1,'',0,'0',NULL,NULL,'','','2019-01-16 21:54:27',0),(22,'金融市场部',1,'',0,'0',NULL,NULL,'','','2019-01-16 21:58:03',0),(23,'资产保全部',1,'',0,'0',NULL,NULL,'','','2019-01-16 21:58:22',0),(24,'董事会办公室',1,'',0,'0',NULL,NULL,'','','2019-01-16 21:58:42',0),(25,'借出人员',1,'',0,'0',NULL,NULL,'','','2019-01-16 21:59:08',0),(26,'办公室、监事会办公室',1,'',0,'0',NULL,NULL,'','','2019-01-16 21:59:37',0),(27,'纪检监察部',1,'',0,'0',NULL,NULL,'','','2019-01-16 21:59:57',0),(28,'督导室',1,'',0,'0',NULL,NULL,'','','2019-01-16 22:00:11',0),(29,'财务统计部、反洗钱工作部',1,'',0,'0',NULL,NULL,'','','2019-01-16 22:00:26',0),(30,'资金运营部',1,'',0,'0',NULL,NULL,'','','2019-01-16 22:00:41',0),(31,'事后监督部、监督预警中心、业务授权中心',1,'',0,'0',NULL,NULL,'','','2019-01-16 22:00:57',0),(32,'稽核审计部',1,'',0,'0',NULL,NULL,'','','2019-01-16 23:00:30',0),(33,'客户服务部、工会工作部、消费者权益保护部',1,'',0,'0',NULL,NULL,'','','2019-01-16 22:01:28',0),(34,'信息科技部',1,'',0,'0',NULL,NULL,'','','2019-01-16 22:01:46',0),(35,'合规风险管理部',1,'',0,'0',NULL,NULL,'','','2019-01-16 22:02:07',0),(36,'安全保卫部',1,'',0,'0',NULL,NULL,'','','2019-01-16 22:02:27',0),(37,'业务发展部、农村业务部、扶贫事业部',1,'',0,'0',NULL,NULL,'','','2019-01-16 22:02:44',0),(38,'后勤服务部、基础建设部',1,'',0,'0',NULL,NULL,'','','2019-01-16 22:03:01',0),(39,'小微企业金融服务中心',1,'',0,'0',NULL,NULL,'','','2019-01-16 22:03:16',0),(40,'营业部',1,'',0,'0',NULL,NULL,'','','2019-01-16 22:03:33',0),(41,'城东支行',1,'',0,'0',NULL,NULL,'','','2019-01-16 22:09:26',0),(42,'真武山支行',1,'',0,'0',NULL,NULL,'','','2019-01-16 23:46:22',0),(43,'测试部门',1,'9527',0,'0',NULL,NULL,'贵阳市','18153100614','2019-01-17 00:15:32',0);

/*Table structure for table `department_user` */

DROP TABLE IF EXISTS `department_user`;

CREATE TABLE `department_user` (
  `id` int(11) NOT NULL AUTO_INCREMENT COMMENT '主键id',
  `department_id` int(11) DEFAULT NULL COMMENT '部门id',
  `user_id` int(11) NOT NULL DEFAULT '0' COMMENT '人员id',
  `type` char(80) DEFAULT NULL COMMENT '角色类型',
  `delete` tinyint(1) DEFAULT '0' COMMENT '软删除',
  PRIMARY KEY (`id`)
) ENGINE=InnoDB AUTO_INCREMENT=78 DEFAULT CHARSET=utf8;

/*Data for the table `department_user` */

insert  into `department_user`(`id`,`department_id`,`user_id`,`type`,`delete`) values (1,1,-1,'admin',0),(41,21,0,'',0),(42,21,0,'',0),(43,22,0,'',0),(44,23,0,'',0),(45,24,0,'',0),(46,25,0,'',0),(47,26,0,'',0),(48,27,0,'',0),(49,28,0,'',0),(50,29,0,'',0),(51,30,0,'',0),(52,31,0,'',0),(53,32,0,'',0),(54,33,0,'',0),(55,34,0,'',0),(56,35,0,'',0),(57,36,0,'',0),(58,37,0,'',0),(59,38,0,'',0),(60,39,0,'',0),(61,40,0,'',0),(62,41,0,'',0),(63,41,0,'',0),(64,42,0,'',1),(65,42,111,'gzy',1),(66,42,89,'gzy',0),(67,32,109,'management',0),(68,32,110,'gzy',0),(69,32,111,'gzy',0),(70,32,112,'gzy',0),(71,1,111,'staff',0),(72,1,112,'staff',0),(73,43,0,'',0),(74,43,173,'management',0),(75,43,176,'fgld',0),(76,43,177,'management',0),(77,43,178,'gzy',0);

/*Table structure for table `dictionary` */

DROP TABLE IF EXISTS `dictionary`;

CREATE TABLE `dictionary` (
  `id` int(11) NOT NULL AUTO_INCREMENT COMMENT '字典ID',
  `type_id` int(11) DEFAULT NULL COMMENT '字典类型ID',
  `key` char(80) DEFAULT NULL COMMENT '字典值',
  `value` char(100) DEFAULT NULL COMMENT '字典名称',
  `order` int(4) DEFAULT '0' COMMENT '排序顺序',
  `describe` char(250) DEFAULT NULL COMMENT '字典描述',
  `delete` tinyint(1) DEFAULT '0' COMMENT '删除（0未删1删除）',
  PRIMARY KEY (`id`)
) ENGINE=InnoDB AUTO_INCREMENT=203 DEFAULT CHARSET=utf8;

/*Data for the table `dictionary` */

insert  into `dictionary`(`id`,`type_id`,`key`,`value`,`order`,`describe`,`delete`) values (-1002,-10,'other','其他文件',2,'',0),(-1001,-10,'managementMeasures','管理办法',1,'管理办法分类',0),(-405,-4,'h5','五级标题',5,'系统分类（不允许删除）',0),(-404,-4,'h4','四级标题',4,'系统分类（不允许删除）',0),(-403,-4,'h3','三级标题',3,'系统分类（不允许删除）',0),(-402,-4,'h2','二级标题',2,'系统分类（不允许删除）',0),(-401,-4,'h1','一级标题',1,'系统分类（不允许删除）',0),(-303,-3,'address','贵州省',3,'单位地址',0),(-302,-3,'name','兴仁农村商业银行',1,'单位简称',0),(-301,-3,'com','贵州兴仁农村商业银行股份有限公司',2,'单位名称',0),(-221,-2,'fgld','分管领导',21,'分管领导',0),(-220,-2,'zcn','总出纳',20,'总出纳',0),(-219,-2,'zrzl','主任助理',19,'主任助理',0),(-218,-2,'ghzx','工会主席',18,'工会主席',0),(-217,-2,'fxzj','风险总监',17,'风险总监',0),(-216,-2,'jsz','监事长',3,'监事长',0),(-215,-2,'lsz','理事长',5,'理事长',0),(-214,-2,'tw','团委',16,'团委',0),(-213,-2,'zr','主任',6,'主任',0),(-212,-2,'fjl','副经理',15,'副经理',0),(-211,-2,'xdnq','信贷内勤',14,'信贷内勤',0),(-210,-2,'gzy','工作员',13,'工作员',0),(-209,-2,'zdy','指导员',12,'指导员',0),(-208,-2,'jl','经理',11,'经理',0),(-207,-2,'xdy','信贷员',10,'信贷员',0),(-206,-2,'zhgy','综合柜员',9,'综合柜员',0),(-205,-2,'fzr','副主任',8,'副主任',0),(-204,-2,'zbkj','主办会计',7,'主办会计',0),(-203,-2,'staff','业务员',4,'业务员',0),(-202,-2,'management','部门负责人',2,'部门负责人',0),(-201,-2,'admin','超级管理员',1,'超级管理员',0),(-102,-1,'other','其他',1,'系统分类（不允许删除）',0),(-101,-1,'system','系统',2,'系统分类（不允许删除）',0),(184,-5,'auditKey1','方案类型1',1,'',0),(185,-5,'auditKey2','方案类型2',2,'',0),(186,-5,'auditKey3','方案类型3',3,'',0),(187,-6,'auditType1','审计方式1',1,'',0),(188,-6,'auditType2','审计方式2',2,'',0),(189,-6,'auditType3','审计方式3',3,'',0),(190,-8,'userJob1','人员职务1',1,'',0),(191,-8,'userJob2','人员职务2',2,'',0),(192,-8,'userJob3','人员职务3',3,'',0),(193,-7,'userTitle1','人员技术职称1',1,'',0),(194,-7,'userTitle2','人员技术职称2',2,'',0),(195,-7,'userTitle3','人员技术职称3',3,'',0),(196,-9,'auditTask1','员工分工1',1,'',0),(197,-9,'auditTask2','员工分工2',2,'',0),(198,-9,'auditTask3','员工分工3',3,'',0);

/*Table structure for table `dictionary_type` */

DROP TABLE IF EXISTS `dictionary_type`;

CREATE TABLE `dictionary_type` (
  `id` int(11) NOT NULL AUTO_INCREMENT COMMENT '字典类型ID',
  `type_id` int(11) NOT NULL COMMENT '字典分类ID',
  `key` char(80) NOT NULL COMMENT '字典分类键',
  `title` char(50) NOT NULL COMMENT '字典类型名称',
  `is_use` tinyint(1) NOT NULL DEFAULT '1' COMMENT '是否启用',
  `update_time` datetime DEFAULT NULL COMMENT '更新时间',
  `user_id` int(11) DEFAULT NULL COMMENT '创建人ID',
  `describe` char(250) DEFAULT NULL COMMENT '字典类型描述',
  `delete` tinyint(1) NOT NULL DEFAULT '0' COMMENT '软删除',
  PRIMARY KEY (`id`)
) ENGINE=InnoDB AUTO_INCREMENT=2 DEFAULT CHARSET=utf8;

/*Data for the table `dictionary_type` */

insert  into `dictionary_type`(`id`,`type_id`,`key`,`title`,`is_use`,`update_time`,`user_id`,`describe`,`delete`) values (-10,-1,'system','管理办法分类',1,'2019-01-12 16:25:09',0,'机构管理下的文件分类',0),(-9,-1,'system','员工分工',1,'2018-12-19 16:51:04',0,'稽核员工分工',0),(-8,-1,'system','人员技术职称',1,'2018-12-19 16:49:39',0,'稽核人员技术职称',0),(-7,-1,'system','人员职务',1,'2018-12-19 16:48:09',0,'稽核人员职务',0),(-6,-1,'system','审计方式',1,'2018-12-19 18:07:13',0,'审计方式',0),(-5,-1,'system','方案类型',1,'2018-12-19 18:06:38',0,'方案类型',0),(-4,-1,'system','文件正文标题级别',0,'2019-01-12 17:30:06',0,'文件正文标题级别选项',0),(-3,-1,'system','单位信息',1,'2019-01-13 11:23:42',0,'系统单位信息',0),(-2,-1,'system','人员角色',1,'2019-01-14 14:39:21',0,'部门人员角色字典',0),(-1,-1,'system','字典分类',1,'2019-01-16 23:41:26',-1,'系统字典分类',0);

/*Table structure for table `draft` */

DROP TABLE IF EXISTS `draft`;

CREATE TABLE `draft` (
  `id` int(11) NOT NULL AUTO_INCREMENT COMMENT '工作底稿ID',
  `programme_id` int(11) NOT NULL DEFAULT '0' COMMENT '方案ID',
  `query_department_id` int(11) NOT NULL DEFAULT '0' COMMENT '被查询机构ID',
  `department_id` int(11) NOT NULL DEFAULT '0' COMMENT '检查机构ID',
  `number` int(11) DEFAULT NULL COMMENT '编号',
  `year` year(4) DEFAULT NULL COMMENT '年份',
  `project_name` char(250) DEFAULT NULL COMMENT '项目名称',
  `public` tinyint(1) NOT NULL DEFAULT '0' COMMENT '是否公开（0私有|1公开）【被检查人是否能查看】',
  `query_start_time` date DEFAULT NULL COMMENT '检查开始日期',
  `query_end_time` date DEFAULT NULL COMMENT '检查结束日期',
  `state` enum('draft','publish') NOT NULL DEFAULT 'draft' COMMENT '底稿状态（draft草稿|publish发布）',
  `update_time` timestamp NULL DEFAULT NULL COMMENT '更新时间',
  `author_id` int(11) NOT NULL DEFAULT '0' COMMENT '创建人id',
  `delete` tinyint(1) NOT NULL DEFAULT '0' COMMENT '删除（0未删|1删除）',
  PRIMARY KEY (`id`)
) ENGINE=InnoDB AUTO_INCREMENT=159 DEFAULT CHARSET=utf8;

/*Data for the table `draft` */

insert  into `draft`(`id`,`programme_id`,`query_department_id`,`department_id`,`number`,`year`,`project_name`,`public`,`query_start_time`,`query_end_time`,`state`,`update_time`,`author_id`,`delete`) values (155,138,43,43,1,2019,'测试工作底稿',1,'2019-01-17','2019-01-18','draft','2019-01-17 00:35:02',178,0),(156,138,43,43,2,2019,'测试工作底稿',1,'2019-01-17','2019-01-18','draft','2019-01-17 00:35:07',178,0),(157,138,43,43,3,2019,'测试工作底稿',1,'2019-01-17','2019-01-18','draft','2019-01-17 00:35:13',178,0),(158,138,43,43,4,2019,'测试工作底稿',1,'2019-01-17','2019-01-18','draft','2019-01-17 00:35:21',178,0);

/*Table structure for table `draft_admin_user` */

DROP TABLE IF EXISTS `draft_admin_user`;

CREATE TABLE `draft_admin_user` (
  `id` int(11) NOT NULL AUTO_INCREMENT COMMENT '复查ID',
  `draft_id` int(11) NOT NULL DEFAULT '0' COMMENT '底稿ID',
  `user_id` int(11) NOT NULL DEFAULT '0' COMMENT '复查人员ID',
  `delete` tinyint(1) NOT NULL DEFAULT '0' COMMENT '删除（0未删|1删除）',
  PRIMARY KEY (`id`)
) ENGINE=InnoDB AUTO_INCREMENT=107 DEFAULT CHARSET=utf8;

/*Data for the table `draft_admin_user` */

insert  into `draft_admin_user`(`id`,`draft_id`,`user_id`,`delete`) values (103,155,89,0),(104,156,89,0),(105,157,89,0),(106,158,89,0);

/*Table structure for table `draft_content` */

DROP TABLE IF EXISTS `draft_content`;

CREATE TABLE `draft_content` (
  `id` int(11) NOT NULL AUTO_INCREMENT COMMENT '底稿内容ID',
  `draft_id` int(11) DEFAULT NULL COMMENT '底稿ID',
  `order` int(4) NOT NULL DEFAULT '0' COMMENT '排序序号',
  `type` enum('title','behavior','other') NOT NULL DEFAULT 'other' COMMENT '内容类型（behavior违规行为|title标题|other其他）',
  `behavior_id` int(11) NOT NULL DEFAULT '0' COMMENT '违规行为ID',
  `behavior_content` varchar(2000) DEFAULT NULL COMMENT '违规行为描述或者其他',
  `delete` int(11) NOT NULL DEFAULT '0' COMMENT '删除（0未删|1删除）',
  PRIMARY KEY (`id`)
) ENGINE=InnoDB AUTO_INCREMENT=430 DEFAULT CHARSET=utf8;

/*Data for the table `draft_content` */

insert  into `draft_content`(`id`,`draft_id`,`order`,`type`,`behavior_id`,`behavior_content`,`delete`) values (422,155,1,'title',0,'分类',0),(423,155,2,'other',0,'检查内容',0),(424,156,1,'title',0,'分类',0),(425,156,2,'other',0,'检查内容',0),(426,157,1,'title',0,'分类',0),(427,157,2,'other',0,'检查内容',0),(428,158,1,'title',0,'分类',0),(429,158,2,'other',0,'检查内容',0);

/*Table structure for table `draft_file` */

DROP TABLE IF EXISTS `draft_file`;

CREATE TABLE `draft_file` (
  `id` int(11) NOT NULL AUTO_INCREMENT COMMENT '主键ID',
  `draft_id` int(11) DEFAULT NULL COMMENT '底稿ID',
  `file_id` int(11) DEFAULT NULL COMMENT '附件ID',
  `delete` tinyint(1) NOT NULL DEFAULT '0' COMMENT '删除（0未删|1已删）',
  PRIMARY KEY (`id`),
  KEY `工作底稿1` (`draft_id`)
) ENGINE=InnoDB DEFAULT CHARSET=utf8;

/*Data for the table `draft_file` */

/*Table structure for table `draft_inspect_user` */

DROP TABLE IF EXISTS `draft_inspect_user`;

CREATE TABLE `draft_inspect_user` (
  `id` int(11) NOT NULL AUTO_INCREMENT COMMENT '主键ID',
  `draft_id` int(11) DEFAULT NULL COMMENT '底稿ID',
  `user_id` int(11) DEFAULT NULL COMMENT '被检查人员ID',
  `delete` tinyint(1) NOT NULL DEFAULT '0' COMMENT '删除（0未删|1删除）',
  PRIMARY KEY (`id`),
  KEY `draft_id` (`draft_id`)
) ENGINE=InnoDB AUTO_INCREMENT=117 DEFAULT CHARSET=utf8;

/*Data for the table `draft_inspect_user` */

/*Table structure for table `draft_query_user` */

DROP TABLE IF EXISTS `draft_query_user`;

CREATE TABLE `draft_query_user` (
  `id` int(11) NOT NULL AUTO_INCREMENT COMMENT '主键ID',
  `draft_id` int(11) DEFAULT NULL COMMENT '底稿ID',
  `user_id` int(11) DEFAULT NULL COMMENT '检查人员ID',
  `is_leader` tinyint(1) NOT NULL DEFAULT '0' COMMENT '组长（0否|1是）',
  `delete` tinyint(1) NOT NULL DEFAULT '0' COMMENT '删除（0未删|1删除）',
  PRIMARY KEY (`id`)
) ENGINE=InnoDB AUTO_INCREMENT=391 DEFAULT CHARSET=utf8;

/*Data for the table `draft_query_user` */

insert  into `draft_query_user`(`id`,`draft_id`,`user_id`,`is_leader`,`delete`) values (379,155,-1,1,0),(380,155,71,0,0),(381,155,72,0,0),(382,156,-1,1,0),(383,156,71,0,0),(384,156,72,0,0),(385,157,-1,1,0),(386,157,71,0,0),(387,157,72,0,0),(388,158,-1,1,0),(389,158,71,0,0),(390,158,72,0,0);

/*Table structure for table `draft_review_user` */

DROP TABLE IF EXISTS `draft_review_user`;

CREATE TABLE `draft_review_user` (
  `id` int(11) NOT NULL AUTO_INCREMENT COMMENT '主键ID',
  `draft_id` int(11) DEFAULT NULL COMMENT '底稿ID',
  `user_id` int(11) DEFAULT NULL COMMENT '负责人员ID',
  `delete` tinyint(1) NOT NULL DEFAULT '0' COMMENT '删除（0未删|1删除）',
  PRIMARY KEY (`id`)
) ENGINE=InnoDB DEFAULT CHARSET=utf8;

/*Data for the table `draft_review_user` */

/*Table structure for table `files` */

DROP TABLE IF EXISTS `files`;

CREATE TABLE `files` (
  `id` int(11) NOT NULL AUTO_INCREMENT COMMENT '附件ID',
  `name` char(200) DEFAULT NULL COMMENT '附件名称',
  `suffix` char(10) DEFAULT NULL COMMENT '附件后缀',
  `time` timestamp NOT NULL DEFAULT CURRENT_TIMESTAMP ON UPDATE CURRENT_TIMESTAMP COMMENT '上传时间',
  `path` char(250) DEFAULT NULL COMMENT '附件存放位置',
  `size` int(10) DEFAULT '0' COMMENT '文件大小（单位B）',
  `file_name` char(200) DEFAULT NULL COMMENT '存放名称',
  `form_id` int(11) NOT NULL DEFAULT '0' COMMENT '外部ID',
  `form` char(50) NOT NULL DEFAULT '-' COMMENT '来自那张表',
  `delete` tinyint(1) NOT NULL DEFAULT '0' COMMENT '是否删除（0未删1删除）',
  PRIMARY KEY (`id`)
) ENGINE=InnoDB AUTO_INCREMENT=672 DEFAULT CHARSET=utf8;

/*Data for the table `files` */

insert  into `files`(`id`,`name`,`suffix`,`time`,`path`,`size`,`file_name`,`form_id`,`form`,`delete`) values (636,'导入人员模版 (1)','xlsx','2019-01-16 21:43:28','201901/',9701,'1547646208_导入人员模版 (1)',0,'-',0),(637,'导入人员模版 (1)','xlsx','2019-01-16 21:56:38','201901/',9738,'1547646998_导入人员模版 (1)',0,'-',0),(638,'导入人员模版 (1)','xlsx','2019-01-16 22:11:56','201901/',9505,'1547647916_导入人员模版 (1)',0,'-',0),(639,'导入人员模版 (1)','xlsx','2019-01-16 22:12:58','201901/',9501,'1547647978_导入人员模版 (1)',0,'-',0),(640,'导入人员模版 (1)','xlsx','2019-01-16 22:15:37','201901/',9505,'1547648137_导入人员模版 (1)',0,'-',0),(641,'相关稿件','doc','2019-01-16 22:17:17','201901/',9728,'1547648157_相关稿件',48,'clause',1),(642,'导入人员模版 (1)','xlsx','2019-01-16 22:16:39','201901/',9553,'1547648199_导入人员模版 (1)',0,'-',0),(643,'相关稿件','doc','2019-01-16 22:23:04','201901/',9728,'1547648231_相关稿件',48,'clause',1),(644,'导入人员模版 (1)','xlsx','2019-01-16 22:17:36','201901/',9545,'1547648256_导入人员模版 (1)',0,'-',0),(645,'相关稿件','doc','2019-01-16 22:36:29','201901/',9728,'1547648291_相关稿件',49,'clause',1),(646,'导入人员模版 (1)','xlsx','2019-01-16 22:19:26','201901/',9499,'1547648366_导入人员模版 (1)',0,'-',0),(647,'导入人员模版 (1)','xlsx','2019-01-16 22:20:46','201901/',9503,'1547648446_导入人员模版 (1)',0,'-',0),(648,'导入人员模版 (1)','xlsx','2019-01-16 22:22:05','201901/',9639,'1547648525_导入人员模版 (1)',0,'-',0),(649,'导入人员模版 (1)','xlsx','2019-01-16 22:23:16','201901/',9740,'1547648596_导入人员模版 (1)',0,'-',0),(650,'导入人员模版 (1)','xlsx','2019-01-16 22:24:32','201901/',9683,'1547648672_导入人员模版 (1)',0,'-',0),(651,'导入人员模版 (1)','xlsx','2019-01-16 22:25:47','201901/',9645,'1547648747_导入人员模版 (1)',0,'-',0),(652,'导入人员模版 (1)','xlsx','2019-01-16 22:29:13','201901/',9553,'1547648953_导入人员模版 (1)',0,'-',0),(653,'导入人员模版 (1)','xlsx','2019-01-16 22:30:25','201901/',9575,'1547649025_导入人员模版 (1)',0,'-',0),(654,'导入人员模版 (1)','xlsx','2019-01-16 22:31:41','201901/',9640,'1547649101_导入人员模版 (1)',0,'-',0),(655,'导入人员模版 (1)','xlsx','2019-01-16 22:34:19','201901/',9960,'1547649259_导入人员模版 (1)',0,'-',0),(656,'导入人员模版 (1)','xlsx','2019-01-16 22:35:44','201901/',9804,'1547649344_导入人员模版 (1)',0,'-',0),(657,'导入人员模版 (1)','xlsx','2019-01-16 22:38:08','201901/',9631,'1547649488_导入人员模版 (1)',0,'-',0),(658,'导入人员模版 (1)','xlsx','2019-01-16 22:39:57','201901/',9740,'1547649597_导入人员模版 (1)',0,'-',0),(659,'导入人员模版 (1)','xlsx','2019-01-16 22:41:28','201901/',9972,'1547649688_导入人员模版 (1)',0,'-',0),(660,'导入人员模版 (1)','xlsx','2019-01-16 22:43:16','201901/',9909,'1547649796_导入人员模版 (1)',0,'-',0),(661,'导入人员模版 (1)','xlsx','2019-01-16 22:45:03','201901/',9834,'1547649903_导入人员模版 (1)',0,'-',0),(662,'frontend','zip','2019-01-16 23:07:29','201901/',35614065,'1547651248_frontend',51,'clause',0),(663,'frontend','zip','2019-01-16 23:15:24','201901/',35614065,'1547651676_frontend',52,'clause',1),(664,'微信web开发者工具','exe','2019-01-16 23:15:37','201901/',1387624,'1547651695_微信web开发者工具',52,'clause',1),(665,'(899804)兴仁农商银办发〔2017〕262号兴仁农商银行办公室关于严禁发放多头贷款的通知','docx','2019-01-17 00:03:40','201901/',35825,'1547654616_(899804)兴仁农商银办发〔2017〕262号兴仁农商银行办公室关于严禁发放多头贷款的通知',54,'clause',0),(666,'(899804)兴仁农商银办发〔2017〕262号兴仁农商银行办公室关于严禁发放多头贷款的通知','docx','2019-01-17 00:07:46','201901/',35825,'1547654861_(899804)兴仁农商银办发〔2017〕262号兴仁农商银行办公室关于严禁发放多头贷款的通知',55,'clause',0),(667,'(899804)兴仁农商银办发〔2017〕262号兴仁农商银行办公室关于严禁发放多头贷款的通知','docx','2019-01-17 00:13:45','201901/',35825,'1547655220_(899804)兴仁农商银办发〔2017〕262号兴仁农商银行办公室关于严禁发放多头贷款的通知',56,'clause',0),(668,'(909060)兴仁农商银行办公室关于开展印章管理排查的通知','docx','2019-01-17 00:15:26','201901/',19041,'1547655322_(909060)兴仁农商银行办公室关于开展印章管理排查的通知',57,'clause',0),(669,'(909060)兴仁农商银行办公室关于开展印章管理排查的通知','docx','2019-01-17 00:19:31','201901/',18690,'1547655483_(909060)兴仁农商银行办公室关于开展印章管理排查的通知',58,'clause',1),(670,'(911104)黔农信办发〔2018〕444号省联社办公室关于印发贵州省农村信用社农户贷款管理办法（暂行）的通知','docx','2019-01-17 00:24:03','201901/',28665,'1547655838_(911104)黔农信办发〔2018〕444号省联社办公室关于印发贵州省农村信用社农户贷款管理办法（暂行）的通知',59,'clause',0),(671,'相关稿件','doc','2019-01-17 00:35:02','201901/',9728,'1547656500_相关稿件',155,'draft',0);

/*Table structure for table `integral` */

DROP TABLE IF EXISTS `integral`;

CREATE TABLE `integral` (
  `id` int(11) NOT NULL AUTO_INCREMENT COMMENT '积分ID',
  `cognizance_user_id` int(11) NOT NULL DEFAULT '0' COMMENT '认定人ID',
  `user_id` int(11) NOT NULL DEFAULT '0' COMMENT '责任人ID',
  `draft_id` int(11) NOT NULL DEFAULT '0' COMMENT '工作底稿ID',
  `punish_notice_id` int(11) NOT NULL DEFAULT '0' COMMENT '处罚通知ID',
  `receipt_id` int(11) NOT NULL DEFAULT '0' COMMENT '回执ID',
  `score` int(5) NOT NULL DEFAULT '0' COMMENT '分值（除以1000显示）',
  `money` int(10) NOT NULL DEFAULT '0' COMMENT '罚款（除以1000显示）',
  `time` timestamp NOT NULL DEFAULT '0000-00-00 00:00:00' COMMENT '日期',
  `delete` tinyint(1) NOT NULL DEFAULT '0' COMMENT '删除（0未删|删除）',
  PRIMARY KEY (`id`)
) ENGINE=InnoDB AUTO_INCREMENT=14 DEFAULT CHARSET=utf8;

/*Data for the table `integral` */

/*Table structure for table `integral_edit` */

DROP TABLE IF EXISTS `integral_edit`;

CREATE TABLE `integral_edit` (
  `id` int(11) NOT NULL AUTO_INCREMENT COMMENT '积分修改ID',
  `integral_id` int(11) NOT NULL DEFAULT '0' COMMENT '积分表ID',
  `money` int(11) NOT NULL DEFAULT '0' COMMENT '罚款（除以1000显示）',
  `score` int(5) NOT NULL DEFAULT '0' COMMENT '积分（除以1000显示）',
  `user_id` int(11) DEFAULT NULL COMMENT '发起人修改ID',
  `describe` varchar(500) DEFAULT NULL COMMENT '修改分数原因',
  `suggestion` char(250) DEFAULT NULL COMMENT '审核意见',
  `update_time` timestamp NULL DEFAULT NULL COMMENT '更新时间',
  `state` enum('draft','report','reject','adopt') DEFAULT 'draft' COMMENT '状态（draft草稿|report上报|reject驳回|adopt通过）',
  `delete` tinyint(1) NOT NULL DEFAULT '0' COMMENT '删除（0未删|1删除）',
  PRIMARY KEY (`id`)
) ENGINE=InnoDB AUTO_INCREMENT=29 DEFAULT CHARSET=utf8;

/*Data for the table `integral_edit` */

/*Table structure for table `introduction` */

DROP TABLE IF EXISTS `introduction`;

CREATE TABLE `introduction` (
  `id` int(11) NOT NULL AUTO_INCREMENT COMMENT '查库介绍信id',
  `draft_id` int(11) DEFAULT NULL COMMENT '工作底稿id',
  `number` int(11) DEFAULT NULL COMMENT '编号',
  `year` year(4) DEFAULT NULL COMMENT '年份',
  `delete` tinyint(1) NOT NULL DEFAULT '0' COMMENT '删除（0未删1删除）',
  PRIMARY KEY (`id`)
) ENGINE=InnoDB AUTO_INCREMENT=14 DEFAULT CHARSET=utf8;

/*Data for the table `introduction` */

/*Table structure for table `login` */

DROP TABLE IF EXISTS `login`;

CREATE TABLE `login` (
  `login_id` int(11) NOT NULL AUTO_INCREMENT COMMENT '登录id',
  `user_code` char(30) NOT NULL DEFAULT '-' COMMENT '员工号',
  `password` char(50) DEFAULT NULL COMMENT '登录密码',
  `is_use` tinyint(1) NOT NULL DEFAULT '0' COMMENT '是否禁用（1启用0禁用）',
  `change_pd_time` timestamp NULL DEFAULT NULL COMMENT '最后修改密码时间',
  `login_num` int(6) NOT NULL DEFAULT '0' COMMENT '登录次数',
  `login_time` timestamp NULL DEFAULT NULL COMMENT '最后登录时间',
  `author_id` int(11) DEFAULT NULL COMMENT '授权人',
  `delete` tinyint(1) NOT NULL DEFAULT '0' COMMENT '删除（0未删1删除）',
  PRIMARY KEY (`login_id`),
  KEY `login_id` (`login_id`)
) ENGINE=MyISAM AUTO_INCREMENT=18 DEFAULT CHARSET=utf8;

/*Data for the table `login` */

insert  into `login`(`login_id`,`user_code`,`password`,`is_use`,`change_pd_time`,`login_num`,`login_time`,`author_id`,`delete`) values (17,'9527003','594aed735d68fde4ad4c7761e939648f',1,NULL,1,'2019-01-17 00:24:42',2,0),(16,'9527002','62de1ff09d1451421fcae77c83d3a140',1,NULL,1,'2019-01-17 00:18:12',2,0),(15,'9527001','a7b1b8d3c42c15b86c1ae7afe15f2f1b',1,NULL,2,'2019-01-17 00:21:57',2,0),(14,'119243','d6df9c0bf9d6fadf7b0adee0dd6889b7',1,NULL,0,NULL,2,0),(-1,'admin','95efad0975e613c0609fcbeb1b23cb5d',1,NULL,17,'2019-01-16 21:33:04',-1,0),(13,'131703','7b09dec3ad7b5f9d000ff03c4ac4ea52',1,NULL,1,'2019-01-16 23:19:16',2,0),(12,'127748','7c27c9e60d73f0fa6b05f1bb259abc47',0,NULL,0,NULL,2,1);

/*Table structure for table `logs` */

DROP TABLE IF EXISTS `logs`;

CREATE TABLE `logs` (
  `id` int(11) NOT NULL AUTO_INCREMENT COMMENT '日志ID',
  `url` char(200) DEFAULT NULL COMMENT 'URL',
  `user_id` int(11) DEFAULT NULL COMMENT '操作人ID',
  `msg` char(100) DEFAULT NULL COMMENT '操作说明',
  `method` char(10) DEFAULT NULL COMMENT '请求方法',
  `data` varchar(5000) DEFAULT NULL COMMENT '参数',
  `time` timestamp NULL DEFAULT NULL COMMENT '操作时间',
  `server` char(20) DEFAULT NULL COMMENT '服务',
  `ip` char(15) DEFAULT NULL COMMENT 'IP地址',
  `delete` tinyint(1) DEFAULT '0' COMMENT '删除（0未删1删除）',
  PRIMARY KEY (`id`)
) ENGINE=MyISAM AUTO_INCREMENT=79657 DEFAULT CHARSET=utf8;

/*Data for the table `logs` */

insert  into `logs`(`id`,`url`,`user_id`,`msg`,`method`,`data`,`time`,`server`,`ip`,`delete`) values (79656,'/api/audit/draft/list',178,'获取工作底稿列表','POST','-','2019-01-17 00:35:21','audit','192.168.1.13',0),(79655,'/api/audit/programme/select',178,'获取审核方案选择列表','POST','-','2019-01-17 00:35:21','audit','192.168.1.13',0),(79654,'/api/audit/programme/select',178,'获取审核方案选择列表','POST','-','2019-01-17 00:35:21','audit','192.168.1.13',0),(79653,'/api/audit/draft/add',178,'添加工作底稿','POST','-','2019-01-17 00:35:21','audit','192.168.1.13',0),(79652,'/api/audit/programme/get',178,'获取审核方案','GET','id=138&rnd=0.31033821523227667','2019-01-17 00:35:14','audit','192.168.1.13',0),(79651,'/api/audit/draft/get',178,'获取工作底稿','GET','id=155&rnd=0.18034187076954655','2019-01-17 00:35:14','audit','192.168.1.13',0),(79650,'/api/audit/draft/list',178,'获取工作底稿列表','POST','-','2019-01-17 00:35:13','audit','192.168.1.13',0),(79649,'/api/audit/programme/select',178,'获取审核方案选择列表','POST','-','2019-01-17 00:35:13','audit','192.168.1.13',0),(79647,'/api/audit/draft/add',178,'添加工作底稿','POST','-','2019-01-17 00:35:13','audit','192.168.1.13',0),(79648,'/api/audit/programme/select',178,'获取审核方案选择列表','POST','-','2019-01-17 00:35:13','audit','192.168.1.13',0),(79646,'/api/audit/programme/get',178,'获取审核方案','GET','id=138&rnd=0.10080642509513604','2019-01-17 00:35:10','audit','192.168.1.13',0),(79645,'/api/audit/draft/get',178,'获取工作底稿','GET','id=155&rnd=0.9382349306984891','2019-01-17 00:35:10','audit','192.168.1.13',0),(79644,'/api/audit/draft/list',178,'获取工作底稿列表','POST','-','2019-01-17 00:35:08','audit','192.168.1.13',0),(79643,'/api/audit/programme/select',178,'获取审核方案选择列表','POST','-','2019-01-17 00:35:08','audit','192.168.1.13',0),(79642,'/api/audit/programme/select',178,'获取审核方案选择列表','POST','-','2019-01-17 00:35:08','audit','192.168.1.13',0),(79641,'/api/audit/draft/add',178,'添加工作底稿','POST','-','2019-01-17 00:35:07','audit','192.168.1.13',0),(79640,'/api/audit/programme/get',178,'获取审核方案','GET','id=138&rnd=0.9255389792633062','2019-01-17 00:35:04','audit','192.168.1.13',0),(79639,'/api/audit/draft/get',178,'获取工作底稿','GET','id=155&rnd=0.6883291816429071','2019-01-17 00:35:04','audit','192.168.1.13',0),(79638,'/api/audit/draft/list',178,'获取工作底稿列表','POST','-','2019-01-17 00:35:02','audit','192.168.1.13',0),(79637,'/api/audit/programme/select',178,'获取审核方案选择列表','POST','-','2019-01-17 00:35:02','audit','192.168.1.13',0),(79636,'/api/audit/programme/select',178,'获取审核方案选择列表','POST','-','2019-01-17 00:35:02','audit','192.168.1.13',0),(79634,'/api/worker/file/upload',178,'上传文件','POST','-','2019-01-17 00:35:00','worker','192.168.1.13',0),(79635,'/api/audit/draft/add',178,'添加工作底稿','POST','-','2019-01-17 00:35:02','audit','192.168.1.13',0),(79633,'/api/org/clause/search',178,'管理办法搜索','GET','content=%E6%A3%80%E6%9F%A5%E5%86%85%E5%AE%B9&rnd=0.32839862483133286','2019-01-17 00:34:35','org','192.168.1.13',0),(79632,'/api/org/clause/search',178,'管理办法搜索','GET','content=%E6%A3%80%E6%9F%A5&rnd=0.8407219127635017','2019-01-17 00:34:34','org','192.168.1.13',0),(79631,'/api/org/department/tree',178,'获取部门/结构/网点','GET','parentId=43&rnd=0.837745788444995','2019-01-17 00:34:05','org','192.168.1.13',0),(79630,'/api/org/user/list',178,'获取人员列表','POST','-','2019-01-17 00:34:05','org','192.168.1.13',0),(79629,'/api/org/department/tree',178,'获取部门/结构/网点','GET','parentId=43&rnd=0.23751878574776253','2019-01-17 00:33:42','org','192.168.1.13',0),(79628,'/api/org/department/tree',178,'获取部门/结构/网点','GET','parentId=43&rnd=0.5052035030122977','2019-01-17 00:33:00','org','192.168.1.13',0),(79627,'/api/org/user/list',178,'获取人员列表','POST','-','2019-01-17 00:33:00','org','192.168.1.13',0),(79626,'/api/org/department/tree',178,'获取部门/结构/网点','GET','parentId=43&rnd=0.47129543323299605','2019-01-17 00:32:54','org','192.168.1.13',0),(79625,'/api/org/user/list',178,'获取人员列表','POST','-','2019-01-17 00:32:54','org','192.168.1.13',0),(79624,'/api/org/department/tree',178,'获取部门/结构/网点','GET','parentId=43&rnd=0.46851938009847716','2019-01-17 00:32:44','org','192.168.1.13',0),(79622,'/api/audit/statistical/detailed_total',-1,'统计分析-明细统计','POST','-','2019-01-17 00:32:19','audit','192.168.1.20',0),(79623,'/api/org/department/tree',178,'获取部门/结构/网点','GET','parentId=43&rnd=0.26501023268332646','2019-01-17 00:32:27','org','192.168.1.13',0),(79621,'/api/audit/statistical/detailed',-1,'统计分析-明细','POST','-','2019-01-17 00:32:19','audit','192.168.1.20',0),(79619,'/api/audit/statistical/detailed',-1,'统计分析-明细','POST','-','2019-01-17 00:32:13','audit','192.168.1.20',0),(79620,'/api/audit/statistical/detailed_total',-1,'统计分析-明细统计','POST','-','2019-01-17 00:32:13','audit','192.168.1.20',0),(79617,'/api/audit/statistical/detailed',-1,'统计分析-明细','POST','-','2019-01-17 00:28:08','audit','192.168.1.20',0),(79618,'/api/audit/statistical/detailed_total',-1,'统计分析-明细统计','POST','-','2019-01-17 00:28:08','audit','192.168.1.20',0),(79615,'/api/audit/statistical/list',-1,'获取统计分析列表','POST','-','2019-01-17 00:28:06','audit','192.168.1.20',0),(79616,'/api/audit/programme/get',178,'获取审核方案','GET','id=138&rnd=0.9828862915769908','2019-01-17 00:28:07','audit','192.168.1.13',0),(79614,'/api/audit/statistical/detailed_total',-1,'统计分析-明细统计','POST','-','2019-01-17 00:28:05','audit','192.168.1.20',0),(79613,'/api/audit/statistical/detailed',-1,'统计分析-明细','POST','-','2019-01-17 00:28:04','audit','192.168.1.20',0),(79612,'/api/audit/statistical/detailed_total',-1,'统计分析-明细统计','POST','-','2019-01-17 00:28:04','audit','192.168.1.20',0),(79611,'/api/audit/statistical/detailed',-1,'统计分析-明细','POST','-','2019-01-17 00:28:04','audit','192.168.1.20',0),(79610,'/api/audit/statistical/detailed_total',-1,'统计分析-明细统计','POST','-','2019-01-17 00:28:04','audit','192.168.1.20',0),(79609,'/api/audit/statistical/detailed',-1,'统计分析-明细','POST','-','2019-01-17 00:28:03','audit','192.168.1.20',0),(79608,'/api/audit/draft/list',178,'获取工作底稿列表','POST','-','2019-01-17 00:28:00','audit','192.168.1.13',0),(79606,'/api/audit/programme/select',178,'获取审核方案选择列表','POST','-','2019-01-17 00:28:00','audit','192.168.1.13',0),(79607,'/api/audit/programme/select',178,'获取审核方案选择列表','POST','-','2019-01-17 00:28:00','audit','192.168.1.13',0),(79605,'/api/audit/programme/select',178,'获取审核方案选择列表','POST','-','2019-01-17 00:28:00','audit','192.168.1.13',0),(79603,'/api/audit/statistical/detailed_total',-1,'统计分析-明细统计','POST','-','2019-01-17 00:28:00','audit','192.168.1.20',0),(79604,'/api/org/department/tree',178,'获取部门/结构/网点','GET','parentId=43&rnd=0.7975233062900658','2019-01-17 00:28:00','org','192.168.1.13',0),(79602,'/api/audit/statistical/detailed',-1,'统计分析-明细','POST','-','2019-01-17 00:28:00','audit','192.168.1.20',0),(79600,'/api/audit/auditReport/list',-1,'获取列表','POST','-','2019-01-17 00:27:59','audit','192.168.1.20',0),(79601,'/api/org/department/tree',-1,'获取部门/结构/网点','GET','parentId=1&rnd=0.8207723906749118','2019-01-17 00:28:00','org','192.168.1.20',0),(79598,'/api/audit/auditReport/list',-1,'获取列表','POST','-','2019-01-17 00:27:57','audit','192.168.1.20',0),(79599,'/api/org/department/tree',-1,'获取部门/结构/网点','GET','parentId=1&rnd=0.8806320407111223','2019-01-17 00:27:59','org','192.168.1.20',0),(79597,'/api/audit/auditReport/list',-1,'获取列表','POST','-','2019-01-17 00:27:57','audit','192.168.1.20',0),(79596,'/api/audit/auditReport/list',-1,'获取列表','POST','-','2019-01-17 00:27:57','audit','192.168.1.20',0),(79594,'/api/audit/draft/list',-1,'获取工作底稿列表','POST','-','2019-01-17 00:27:51','audit','192.168.1.20',0),(79595,'/api/audit/draft/list',-1,'获取工作底稿列表','POST','-','2019-01-17 00:27:52','audit','192.168.1.20',0),(79592,'/api/audit/draft/list',-1,'获取工作底稿列表','POST','-','2019-01-17 00:27:50','audit','192.168.1.13',0),(79593,'/api/audit/draft/list',-1,'获取工作底稿列表','POST','-','2019-01-17 00:27:50','audit','192.168.1.20',0),(79591,'/api/audit/draft/list',-1,'获取工作底稿列表','POST','-','2019-01-17 00:27:49','audit','192.168.1.20',0),(79590,'/api/audit/programme/select',-1,'获取审核方案选择列表','POST','-','2019-01-17 00:27:49','audit','192.168.1.13',0),(79589,'/api/audit/programme/select',-1,'获取审核方案选择列表','POST','-','2019-01-17 00:27:49','audit','192.168.1.13',0),(79588,'/api/audit/programme/select',-1,'获取审核方案选择列表','POST','-','2019-01-17 00:27:49','audit','192.168.1.13',0),(79587,'/api/org/department/tree',-1,'获取部门/结构/网点','GET','parentId=1&rnd=0.8475005965566393','2019-01-17 00:27:49','org','192.168.1.13',0),(79586,'/api/audit/draft/list',-1,'获取工作底稿列表','POST','-','2019-01-17 00:27:48','audit','192.168.1.20',0),(79585,'/api/audit/programme/select',-1,'获取审核方案选择列表','POST','-','2019-01-17 00:27:48','audit','192.168.1.20',0),(79584,'/api/audit/programme/select',-1,'获取审核方案选择列表','POST','-','2019-01-17 00:27:48','audit','192.168.1.20',0),(79583,'/api/audit/programme/select',-1,'获取审核方案选择列表','POST','-','2019-01-17 00:27:48','audit','192.168.1.20',0),(79582,'/api/org/department/tree',-1,'获取部门/结构/网点','GET','parentId=1&rnd=0.7636208782645346','2019-01-17 00:27:48','org','192.168.1.20',0),(79580,'/api/audit/introduction/list',-1,'获取介绍信列表','POST','-','2019-01-17 00:27:45','audit','192.168.1.20',0),(79581,'/api/audit/introduction/list',-1,'获取介绍信列表','POST','-','2019-01-17 00:27:45','audit','192.168.1.20',0),(79579,'/api/audit/draft/list',-1,'获取工作底稿列表','POST','-','2019-01-17 00:27:42','audit','192.168.1.20',0),(79578,'/api/audit/programme/select',-1,'获取审核方案选择列表','POST','-','2019-01-17 00:27:42','audit','192.168.1.20',0),(79577,'/api/audit/programme/select',-1,'获取审核方案选择列表','POST','-','2019-01-17 00:27:42','audit','192.168.1.20',0),(79576,'/api/audit/programme/select',-1,'获取审核方案选择列表','POST','-','2019-01-17 00:27:42','audit','192.168.1.20',0),(79575,'/api/org/department/tree',-1,'获取部门/结构/网点','GET','parentId=1&rnd=0.9913916207093112','2019-01-17 00:27:42','org','192.168.1.20',0),(79574,'/api/audit/programme/list',-1,'获取审核方案列表','POST','-','2019-01-17 00:27:38','audit','192.168.1.20',0),(79572,'/api/org/clause/get',-1,'获取管理办法','GET','id=58&rnd=0.8869338181560993','2019-01-17 00:27:24','org','192.168.1.20',0),(79573,'/api/org/clause/list',-1,'获取管理办法列表','POST','-','2019-01-17 00:27:27','org','192.168.1.20',0),(79571,'/api/audit/programme/list',-1,'获取审核方案列表','POST','-','2019-01-17 00:26:22','audit','192.168.1.13',0),(79570,'/api/audit/programme/list',176,'获取审核方案列表','POST','-','2019-01-17 00:26:13','audit','192.168.1.13',0),(79569,'/api/audit/programme/admin_examine',176,'分管领导审核审核方案','PUT','-','2019-01-17 00:26:12','audit','192.168.1.13',0),(79568,'/api/audit/programme/get',176,'获取审核方案','GET','id=137&rnd=0.5228957372385745','2019-01-17 00:26:07','audit','192.168.1.13',0),(79567,'/api/audit/programme/list',176,'获取审核方案列表','POST','-','2019-01-17 00:26:05','audit','192.168.1.13',0),(79566,'/api/audit/programme/admin_examine',176,'分管领导审核审核方案','PUT','-','2019-01-17 00:26:05','audit','192.168.1.13',0),(79564,'/api/audit/programme/list',176,'获取审核方案列表','POST','-','2019-01-17 00:25:52','audit','192.168.1.13',0),(79565,'/api/audit/programme/get',176,'获取审核方案','GET','id=138&rnd=0.63485033087165','2019-01-17 00:25:53','audit','192.168.1.13',0),(79563,'/api/org/clause/list',-1,'获取管理办法列表','POST','-','2019-01-17 00:25:35','org','192.168.1.20',0),(79562,'/api/org/clause/list',-1,'获取管理办法列表','POST','-','2019-01-17 00:25:27','org','192.168.1.20',0),(79561,'/api/org/clause/delete',-1,'删除管理办法','DELETE','id=59&rnd=0.1986672663302822','2019-01-17 00:25:27','org','192.168.1.20',0),(79560,'/api/org/clause/list',-1,'获取管理办法列表','POST','-','2019-01-17 00:25:24','org','192.168.1.20',0),(79559,'/api/org/notice/list',178,'获取通知公告列表','POST','-','2019-01-17 00:25:11','org','192.168.1.13',0),(79558,'/api/org/notice/list',178,'获取通知公告列表','POST','-','2019-01-17 00:24:43','org','192.168.1.13',0),(79557,'/api/org/department/tree',178,'获取部门/结构/网点','GET','parentId=43&rnd=0.029252220488643954','2019-01-17 00:24:43','org','192.168.1.13',0),(79556,'/api/worker/menu/get',178,'获取菜单','GET','rnd=0.8944638516333069','2019-01-17 00:24:42','worker','192.168.1.13',0),(79554,'/api/systemSetup/dictionaries/get',178,'获取字典','GET','id=-11&rnd=0.6743534125694128','2019-01-17 00:24:42','systemSetup','192.168.1.13',0),(79555,'/api/systemSetup/dictionaries/get',178,'获取字典','GET','id=-3&rnd=0.009391730164759582','2019-01-17 00:24:42','systemSetup','192.168.1.13',0),(79553,'/api/systemSetup/dictionaries/get',178,'获取字典','GET','id=-10&rnd=0.10350649803688694','2019-01-17 00:24:42','systemSetup','192.168.1.13',0),(79552,'/api/systemSetup/dictionaries/get',178,'获取字典','GET','id=-9&rnd=0.6918828189567924','2019-01-17 00:24:42','systemSetup','192.168.1.13',0),(79551,'/api/systemSetup/dictionaries/get',178,'获取字典','GET','id=-8&rnd=0.16083890832493797','2019-01-17 00:24:42','systemSetup','192.168.1.13',0),(79550,'/api/systemSetup/dictionaries/get',178,'获取字典','GET','id=-7&rnd=0.9874663934338349','2019-01-17 00:24:42','systemSetup','192.168.1.13',0),(79549,'/api/systemSetup/dictionaries/get',178,'获取字典','GET','id=-5&rnd=0.8173276830798492','2019-01-17 00:24:42','systemSetup','192.168.1.13',0),(79547,'/api/systemSetup/dictionaries/get',178,'获取字典','GET','id=-4&rnd=0.18580896481520792','2019-01-17 00:24:42','systemSetup','192.168.1.13',0),(79548,'/api/systemSetup/dictionaries/get',178,'获取字典','GET','id=-6&rnd=0.20300190042303246','2019-01-17 00:24:42','systemSetup','192.168.1.13',0),(79546,'/api/systemSetup/dictionaries/get',178,'获取字典','GET','id=-3&rnd=0.41328085424110494','2019-01-17 00:24:42','systemSetup','192.168.1.13',0),(79545,'/api/systemSetup/dictionaries/get',178,'获取字典','GET','id=-1&rnd=0.41838027529766963','2019-01-17 00:24:42','systemSetup','192.168.1.13',0),(79544,'/api/systemSetup/dictionaries/get',178,'获取字典','GET','id=-2&rnd=0.6954626390402299','2019-01-17 00:24:42','systemSetup','192.168.1.13',0),(79543,'/api/worker/user/get',178,'获取登录员工','PUT','-','2019-01-17 00:24:42','worker','192.168.1.13',0),(79542,'/api/org/clause/get',-1,'获取管理办法','GET','id=59&rnd=0.9612481613828545','2019-01-17 00:24:07','org','192.168.1.20',0),(79541,'/api/org/clause/list',-1,'获取管理办法列表','POST','-','2019-01-17 00:24:03','org','192.168.1.20',0),(79540,'/api/org/clause/import',-1,'管理办法导入数据','GET','fileId=670&departmentId=1&rnd=0.1293401712581317','2019-01-17 00:24:03','org','192.168.1.20',0),(79539,'/api/worker/file/upload',-1,'上传文件','POST','-','2019-01-17 00:23:58','worker','192.168.1.20',0),(79538,'/api/worker/user/get',2,'获取登录员工','PUT','-','2019-01-17 00:23:03','worker','192.168.1.13',0),(79537,'/api/worker/user/get',2,'获取登录员工','PUT','-','2019-01-17 00:22:51','worker','192.168.1.13',0),(79536,'/api/org/notice/list',176,'获取通知公告列表','POST','-','2019-01-17 00:21:58','org','192.168.1.13',0),(79535,'/api/org/department/tree',176,'获取部门/结构/网点','GET','parentId=43&rnd=0.7971085567788052','2019-01-17 00:21:58','org','192.168.1.13',0),(79534,'/api/systemSetup/dictionaries/get',176,'获取字典','GET','id=-3&rnd=0.2131538826106374','2019-01-17 00:21:57','systemSetup','192.168.1.13',0),(79533,'/api/systemSetup/dictionaries/get',176,'获取字典','GET','id=-11&rnd=0.9349257270096205','2019-01-17 00:21:57','systemSetup','192.168.1.13',0),(79532,'/api/systemSetup/dictionaries/get',176,'获取字典','GET','id=-10&rnd=0.3501280264678488','2019-01-17 00:21:57','systemSetup','192.168.1.13',0),(79531,'/api/worker/menu/get',176,'获取菜单','GET','rnd=0.79528278150128','2019-01-17 00:21:57','worker','192.168.1.13',0),(79530,'/api/systemSetup/dictionaries/get',176,'获取字典','GET','id=-9&rnd=0.8445473114411306','2019-01-17 00:21:57','systemSetup','192.168.1.13',0),(79528,'/api/systemSetup/dictionaries/get',176,'获取字典','GET','id=-7&rnd=0.17827675477942684','2019-01-17 00:21:57','systemSetup','192.168.1.13',0),(79529,'/api/systemSetup/dictionaries/get',176,'获取字典','GET','id=-8&rnd=0.7954661730783545','2019-01-17 00:21:57','systemSetup','192.168.1.13',0),(79527,'/api/systemSetup/dictionaries/get',176,'获取字典','GET','id=-6&rnd=0.3099149846194298','2019-01-17 00:21:57','systemSetup','192.168.1.13',0),(79526,'/api/systemSetup/dictionaries/get',176,'获取字典','GET','id=-5&rnd=0.3380536977673265','2019-01-17 00:21:57','systemSetup','192.168.1.13',0),(79524,'/api/systemSetup/dictionaries/get',176,'获取字典','GET','id=-3&rnd=0.34616818778905123','2019-01-17 00:21:57','systemSetup','192.168.1.13',0),(79525,'/api/systemSetup/dictionaries/get',176,'获取字典','GET','id=-4&rnd=0.6065865560380062','2019-01-17 00:21:57','systemSetup','192.168.1.13',0),(79522,'/api/systemSetup/dictionaries/get',176,'获取字典','GET','id=-1&rnd=0.10242799239695843','2019-01-17 00:21:57','systemSetup','192.168.1.13',0),(79523,'/api/systemSetup/dictionaries/get',176,'获取字典','GET','id=-2&rnd=0.5207708751986488','2019-01-17 00:21:57','systemSetup','192.168.1.13',0),(79521,'/api/worker/user/get',176,'获取登录员工','PUT','-','2019-01-17 00:21:57','worker','192.168.1.13',0),(79520,'/api/worker/user/get',2,'获取登录员工','PUT','-','2019-01-17 00:20:51','worker','192.168.1.13',0),(79519,'/api/audit/programme/list',177,'获取审核方案列表','POST','-','2019-01-17 00:20:33','audit','192.168.1.13',0),(79518,'/api/audit/programme/get',177,'获取审核方案','GET','id=125&rnd=0.17505662054717885','2019-01-17 00:20:29','audit','192.168.1.13',0),(79516,'/api/audit/programme/dep_examine',177,'部门负责人审核审核方案','PUT','-','2019-01-17 00:20:22','audit','192.168.1.13',0),(79517,'/api/audit/programme/list',177,'获取审核方案列表','POST','-','2019-01-17 00:20:23','audit','192.168.1.13',0),(79515,'/api/audit/programme/get',177,'获取审核方案','GET','id=137&rnd=0.8012650590250061','2019-01-17 00:20:16','audit','192.168.1.13',0),(79513,'/api/audit/programme/get',177,'获取审核方案','GET','id=137&rnd=0.999231884405902','2019-01-17 00:20:09','audit','192.168.1.13',0),(79514,'/api/audit/programme/list',177,'获取审核方案列表','POST','-','2019-01-17 00:20:14','audit','192.168.1.13',0),(79512,'/api/audit/programme/list',177,'获取审核方案列表','POST','-','2019-01-17 00:20:05','audit','192.168.1.13',0),(79511,'/api/audit/programme/dep_examine',177,'部门负责人审核审核方案','PUT','-','2019-01-17 00:20:05','audit','192.168.1.13',0),(79510,'/api/audit/programme/get',177,'获取审核方案','GET','id=138&rnd=0.6048370636986717','2019-01-17 00:19:54','audit','192.168.1.13',0),(79508,'/api/org/clause/get',-1,'获取管理办法','GET','id=58&rnd=0.5350475415400207','2019-01-17 00:19:33','org','192.168.1.20',0),(79509,'/api/org/clause/list',-1,'获取管理办法列表','POST','-','2019-01-17 00:19:42','org','192.168.1.20',0),(79507,'/api/org/clause/list',-1,'获取管理办法列表','POST','-','2019-01-17 00:19:31','org','192.168.1.20',0),(79506,'/api/org/clause/edit',-1,'编辑管理办法','PUT','-','2019-01-17 00:19:29','org','192.168.1.20',0),(79505,'/api/systemSetup/dictionaries/get',-1,'获取字典','GET','id=-10&rnd=0.1579860714354704','2019-01-17 00:19:06','systemSetup','192.168.1.20',0),(79503,'/api/systemSetup/dictionaries/get',-1,'获取字典','GET','id=-4&rnd=0.2164660019291822','2019-01-17 00:19:06','systemSetup','192.168.1.20',0),(79504,'/api/org/clause/get',-1,'获取管理办法','GET','id=58&rnd=0.566720515831723','2019-01-17 00:19:06','org','192.168.1.20',0),(79502,'/api/org/clause/list',-1,'获取管理办法列表','POST','-','2019-01-17 00:19:02','org','192.168.1.20',0),(79501,'/api/audit/programme/list',177,'获取审核方案列表','POST','-','2019-01-17 00:18:19','audit','192.168.1.13',0),(79499,'/api/org/department/tree',177,'获取部门/结构/网点','GET','parentId=43&rnd=0.6982949156432838','2019-01-17 00:18:14','org','192.168.1.13',0),(79500,'/api/org/notice/list',177,'获取通知公告列表','POST','-','2019-01-17 00:18:14','org','192.168.1.13',0),(79498,'/api/worker/menu/get',177,'获取菜单','GET','rnd=0.9513025114304812','2019-01-17 00:18:13','worker','192.168.1.13',0),(79497,'/api/systemSetup/dictionaries/get',177,'获取字典','GET','id=-3&rnd=0.6773146122424456','2019-01-17 00:18:13','systemSetup','192.168.1.13',0),(79496,'/api/systemSetup/dictionaries/get',177,'获取字典','GET','id=-11&rnd=0.3821150492466374','2019-01-17 00:18:13','systemSetup','192.168.1.13',0),(79495,'/api/systemSetup/dictionaries/get',177,'获取字典','GET','id=-10&rnd=0.8593540732336689','2019-01-17 00:18:13','systemSetup','192.168.1.13',0),(79494,'/api/systemSetup/dictionaries/get',177,'获取字典','GET','id=-9&rnd=0.8517678840072933','2019-01-17 00:18:13','systemSetup','192.168.1.13',0),(79493,'/api/systemSetup/dictionaries/get',177,'获取字典','GET','id=-8&rnd=0.5849741756902487','2019-01-17 00:18:13','systemSetup','192.168.1.13',0),(79492,'/api/systemSetup/dictionaries/get',177,'获取字典','GET','id=-7&rnd=0.8360018722836686','2019-01-17 00:18:13','systemSetup','192.168.1.13',0),(79491,'/api/systemSetup/dictionaries/get',177,'获取字典','GET','id=-5&rnd=0.4991553965375808','2019-01-17 00:18:13','systemSetup','192.168.1.13',0),(79490,'/api/systemSetup/dictionaries/get',177,'获取字典','GET','id=-6&rnd=0.31014143586924847','2019-01-17 00:18:13','systemSetup','192.168.1.13',0),(79489,'/api/systemSetup/dictionaries/get',177,'获取字典','GET','id=-4&rnd=0.25843726260826694','2019-01-17 00:18:13','systemSetup','192.168.1.13',0),(79488,'/api/systemSetup/dictionaries/get',177,'获取字典','GET','id=-3&rnd=0.7813600511357941','2019-01-17 00:18:13','systemSetup','192.168.1.13',0),(79487,'/api/systemSetup/dictionaries/get',177,'获取字典','GET','id=-2&rnd=0.07964404736135688','2019-01-17 00:18:13','systemSetup','192.168.1.13',0),(79486,'/api/systemSetup/dictionaries/get',177,'获取字典','GET','id=-1&rnd=0.4979165718434757','2019-01-17 00:18:13','systemSetup','192.168.1.13',0),(79485,'/api/worker/user/get',177,'获取登录员工','PUT','-','2019-01-17 00:18:13','worker','192.168.1.13',0),(79484,'/api/org/clause/get',-1,'获取管理办法','GET','id=58&rnd=0.05221731664907958','2019-01-17 00:18:11','org','192.168.1.20',0),(79483,'/api/org/clause/list',-1,'获取管理办法列表','POST','-','2019-01-17 00:18:08','org','192.168.1.20',0),(79482,'/api/org/clause/import',-1,'管理办法导入数据','GET','fileId=669&departmentId=1&rnd=0.37318175035351286','2019-01-17 00:18:07','org','192.168.1.20',0),(79481,'/api/worker/file/upload',-1,'上传文件','POST','-','2019-01-17 00:18:03','worker','192.168.1.20',0),(79479,'/api/audit/programme/list',176,'获取审核方案列表','POST','-','2019-01-17 00:17:56','audit','192.168.1.13',0),(79480,'/api/worker/user/logout',176,'退出系统登录员工','PUT','-','2019-01-17 00:18:01','worker','192.168.1.13',0),(79478,'/api/org/notice/list',176,'获取通知公告列表','POST','-','2019-01-17 00:17:49','org','192.168.1.13',0),(79477,'/api/org/department/tree',176,'获取部门/结构/网点','GET','parentId=43&rnd=0.6983254846508025','2019-01-17 00:17:49','org','192.168.1.13',0),(79476,'/api/systemSetup/dictionaries/get',176,'获取字典','GET','id=-11&rnd=0.6073774900545845','2019-01-17 00:17:48','systemSetup','192.168.1.13',0),(79475,'/api/systemSetup/dictionaries/get',176,'获取字典','GET','id=-3&rnd=0.2361039588449516','2019-01-17 00:17:48','systemSetup','192.168.1.13',0),(79474,'/api/systemSetup/dictionaries/get',176,'获取字典','GET','id=-10&rnd=0.5622834801917092','2019-01-17 00:17:48','systemSetup','192.168.1.13',0),(79473,'/api/worker/menu/get',176,'获取菜单','GET','rnd=0.4170677253981252','2019-01-17 00:17:48','worker','192.168.1.13',0),(79472,'/api/systemSetup/dictionaries/get',176,'获取字典','GET','id=-9&rnd=0.15837683037771022','2019-01-17 00:17:48','systemSetup','192.168.1.13',0),(79471,'/api/systemSetup/dictionaries/get',176,'获取字典','GET','id=-8&rnd=0.31017938242804277','2019-01-17 00:17:48','systemSetup','192.168.1.13',0),(79470,'/api/systemSetup/dictionaries/get',176,'获取字典','GET','id=-7&rnd=0.8588428606773977','2019-01-17 00:17:48','systemSetup','192.168.1.13',0),(79469,'/api/systemSetup/dictionaries/get',176,'获取字典','GET','id=-6&rnd=0.295307264086637','2019-01-17 00:17:48','systemSetup','192.168.1.13',0),(79468,'/api/systemSetup/dictionaries/get',176,'获取字典','GET','id=-5&rnd=0.18819666735736784','2019-01-17 00:17:48','systemSetup','192.168.1.13',0),(79467,'/api/systemSetup/dictionaries/get',176,'获取字典','GET','id=-3&rnd=0.3698640512016984','2019-01-17 00:17:48','systemSetup','192.168.1.13',0),(79466,'/api/systemSetup/dictionaries/get',176,'获取字典','GET','id=-4&rnd=0.5010147806176302','2019-01-17 00:17:48','systemSetup','192.168.1.13',0),(79465,'/api/systemSetup/dictionaries/get',176,'获取字典','GET','id=-2&rnd=0.27306353243995285','2019-01-17 00:17:48','systemSetup','192.168.1.13',0),(79464,'/api/systemSetup/dictionaries/get',176,'获取字典','GET','id=-1&rnd=0.3699581778522554','2019-01-17 00:17:48','systemSetup','192.168.1.13',0),(79463,'/api/worker/user/get',176,'获取登录员工','PUT','-','2019-01-17 00:17:48','worker','192.168.1.13',0),(79462,'/api/systemSetup/login/list',-1,'获取人员列表','POST','-','2019-01-17 00:17:44','systemSetup','192.168.1.13',0),(79461,'/api/systemSetup/login/list',-1,'获取人员列表','POST','-','2019-01-17 00:17:43','systemSetup','192.168.1.13',0),(79460,'/api/systemSetup/login/add',-1,'添加人员','POST','-','2019-01-17 00:17:43','systemSetup','192.168.1.13',0),(79459,'/api/org/user/get',-1,'获取人员','GET','id=178&rnd=0.3659347009521918','2019-01-17 00:17:41','org','192.168.1.13',0),(79457,'/api/org/department/tree',-1,'获取部门/结构/网点','GET','parentId=1&rnd=0.240547014544225','2019-01-17 00:17:32','org','192.168.1.13',0),(79458,'/api/org/user/list',-1,'获取人员列表','POST','-','2019-01-17 00:17:38','org','192.168.1.13',0),(79456,'/api/org/user/list',-1,'获取人员列表','POST','-','2019-01-17 00:17:30','org','192.168.1.13',0),(79455,'/api/systemSetup/login/list',-1,'获取人员列表','POST','-','2019-01-17 00:17:28','systemSetup','192.168.1.13',0),(79454,'/api/systemSetup/login/list',-1,'获取人员列表','POST','-','2019-01-17 00:17:28','systemSetup','192.168.1.13',0),(79453,'/api/systemSetup/login/add',-1,'添加人员','POST','-','2019-01-17 00:17:28','systemSetup','192.168.1.13',0),(79452,'/api/org/user/get',-1,'获取人员','GET','id=177&rnd=0.8133053436577997','2019-01-17 00:17:27','org','192.168.1.13',0),(79450,'/api/org/department/tree',-1,'获取部门/结构/网点','GET','parentId=1&rnd=0.8203125098106125','2019-01-17 00:17:16','org','192.168.1.13',0),(79451,'/api/org/user/list',-1,'获取人员列表','POST','-','2019-01-17 00:17:23','org','192.168.1.13',0),(79449,'/api/org/user/list',-1,'获取人员列表','POST','-','2019-01-17 00:17:14','org','192.168.1.13',0),(79448,'/api/systemSetup/login/list',-1,'获取人员列表','POST','-','2019-01-17 00:17:12','systemSetup','192.168.1.13',0),(79447,'/api/systemSetup/login/list',-1,'获取人员列表','POST','-','2019-01-17 00:17:12','systemSetup','192.168.1.13',0),(79446,'/api/systemSetup/login/add',-1,'添加人员','POST','-','2019-01-17 00:17:12','systemSetup','192.168.1.13',0),(79445,'/api/org/user/get',-1,'获取人员','GET','id=176&rnd=0.27327819095004036','2019-01-17 00:17:09','org','192.168.1.13',0),(79444,'/api/org/user/list',-1,'获取人员列表','POST','-','2019-01-17 00:17:07','org','192.168.1.13',0),(79443,'/api/org/department/tree',-1,'获取部门/结构/网点','GET','parentId=1&rnd=0.3113665534792047','2019-01-17 00:17:03','org','192.168.1.13',0),(79442,'/api/org/user/list',-1,'获取人员列表','POST','-','2019-01-17 00:17:01','org','192.168.1.13',0),(79441,'/api/systemSetup/login/list',-1,'获取人员列表','POST','-','2019-01-17 00:16:57','systemSetup','192.168.1.13',0),(79440,'/api/systemSetup/login/list',-1,'获取人员列表','POST','-','2019-01-17 00:16:57','systemSetup','192.168.1.13',0),(79439,'/api/systemSetup/login/list',-1,'获取人员列表','POST','-','2019-01-17 00:16:57','systemSetup','192.168.1.13',0),(79438,'/api/systemSetup/dictionaries/get',-1,'获取字典','GET','id=-2&rnd=0.6570453677699486','2019-01-17 00:16:54','systemSetup','192.168.1.13',0),(79437,'/api/systemSetup/dictionaries/get',-1,'获取字典','GET','id=-2&rnd=0.09826016978117469','2019-01-17 00:16:54','systemSetup','192.168.1.13',0),(79435,'/api/org/clause/delete',-1,'删除管理办法','DELETE','id=57&rnd=0.5358335862749424','2019-01-17 00:16:41','org','192.168.1.20',0),(79436,'/api/org/clause/list',-1,'获取管理办法列表','POST','-','2019-01-17 00:16:42','org','192.168.1.20',0),(79434,'/api/org/clause/list',-1,'获取管理办法列表','POST','-','2019-01-17 00:16:38','org','192.168.1.20',0),(79433,'/api/worker/user/logout',111,'退出系统登录员工','PUT','-','2019-01-17 00:16:32','worker','192.168.1.13',0),(79432,'/api/systemSetup/dictionaries/get',-1,'获取字典','GET','id=-10&rnd=0.9775987812348332','2019-01-17 00:16:24','systemSetup','192.168.1.20',0),(79431,'/api/org/clause/get',-1,'获取管理办法','GET','id=57&rnd=0.6952180179794782','2019-01-17 00:16:24','org','192.168.1.20',0),(79430,'/api/systemSetup/dictionaries/get',-1,'获取字典','GET','id=-4&rnd=0.3828573346574866','2019-01-17 00:16:24','systemSetup','192.168.1.20',0),(79429,'/api/org/clause/list',-1,'获取管理办法列表','POST','-','2019-01-17 00:16:22','org','192.168.1.20',0),(79427,'/api/org/user/edit',-1,'编辑人员','PUT','-','2019-01-17 00:16:19','org','192.168.1.13',0),(79428,'/api/org/user/list',-1,'获取人员列表','POST','-','2019-01-17 00:16:19','org','192.168.1.13',0),(79425,'/api/org/user/list',-1,'获取人员列表','POST','-','2019-01-17 00:15:46','org','192.168.1.13',0),(79426,'/api/org/user/get',-1,'获取人员','GET','id=178&rnd=0.5985609130257914','2019-01-17 00:15:50','org','192.168.1.13',0),(79424,'/api/org/user/list',-1,'获取人员列表','POST','-','2019-01-17 00:15:41','org','192.168.1.13',0),(79423,'/api/org/department/tree',-1,'获取部门/结构/网点','GET','parentId=1&rnd=0.45707786451916266','2019-01-17 00:15:41','org','192.168.1.13',0),(79422,'/api/org/department/list',-1,'获取部门/结构/网点列表','POST','-','2019-01-17 00:15:40','org','192.168.1.13',0),(79420,'/api/org/department/get',-1,'获取部门/结构/网点','GET','id=43&rnd=0.2683835084280626','2019-01-17 00:15:37','org','192.168.1.13',0),(79421,'/api/org/clause/get',-1,'获取管理办法','GET','id=57&rnd=0.9884441086633127','2019-01-17 00:15:38','org','192.168.1.20',0),(79419,'/api/org/department/list',-1,'获取部门/结构/网点列表','POST','-','2019-01-17 00:15:34','org','192.168.1.13',0),(79418,'/api/org/clause/list',-1,'获取管理办法列表','POST','-','2019-01-17 00:15:34','org','192.168.1.20',0),(79417,'/api/org/clause/delete',-1,'删除管理办法','DELETE','id=55&rnd=0.05897440396010101','2019-01-17 00:15:33','org','192.168.1.20',0),(79416,'/api/org/department/edit',-1,'编辑部门/结构/网点','PUT','-','2019-01-17 00:15:32','org','192.168.1.13',0),(79415,'/api/org/department/tree',-1,'获取部门/结构/网点','GET','parentId=1&rnd=0.14855599880181947','2019-01-17 00:15:28','org','192.168.1.13',0),(79414,'/api/org/user/list',-1,'获取人员列表','POST','-','2019-01-17 00:15:28','org','192.168.1.13',0),(79413,'/api/org/clause/list',-1,'获取管理办法列表','POST','-','2019-01-17 00:15:27','org','192.168.1.20',0),(79411,'/api/worker/file/upload',-1,'上传文件','POST','-','2019-01-17 00:15:22','worker','192.168.1.20',0),(79412,'/api/org/clause/import',-1,'管理办法导入数据','GET','fileId=668&departmentId=1&rnd=0.9101365681285394','2019-01-17 00:15:26','org','192.168.1.20',0),(79410,'/api/org/clause/list',-1,'获取管理办法列表','POST','-','2019-01-17 00:14:50','org','192.168.1.20',0),(79409,'/api/org/user/list',-1,'获取人员列表','POST','-','2019-01-17 00:14:12','org','192.168.1.13',0),(79407,'/api/org/user/list',-1,'获取人员列表','POST','-','2019-01-17 00:14:09','org','192.168.1.13',0),(79408,'/api/org/department/tree',-1,'获取部门/结构/网点','GET','parentId=1&rnd=0.48069610788519546','2019-01-17 00:14:09','org','192.168.1.13',0),(79406,'/api/org/user/list',-1,'获取人员列表','POST','-','2019-01-17 00:14:00','org','192.168.1.13',0),(79405,'/api/org/department/tree',-1,'获取部门/结构/网点','GET','parentId=1&rnd=0.8500051127199997','2019-01-17 00:13:53','org','192.168.1.13',0),(79404,'/api/org/user/list',-1,'获取人员列表','POST','-','2019-01-17 00:13:53','org','192.168.1.13',0),(79403,'/api/org/clause/get',-1,'获取管理办法','GET','id=56&rnd=0.8140968790776864','2019-01-17 00:13:49','org','192.168.1.20',0),(79402,'/api/org/clause/list',-1,'获取管理办法列表','POST','-','2019-01-17 00:13:45','org','192.168.1.20',0),(79401,'/api/org/clause/import',-1,'管理办法导入数据','GET','fileId=667&departmentId=1&rnd=0.9623110643956665','2019-01-17 00:13:45','org','192.168.1.20',0),(79400,'/api/org/user/list',-1,'获取人员列表','POST','-','2019-01-17 00:13:43','org','192.168.1.13',0),(79399,'/api/worker/file/upload',-1,'上传文件','POST','-','2019-01-17 00:13:40','worker','192.168.1.20',0),(79398,'/api/org/department/tree',-1,'获取部门/结构/网点','GET','parentId=1&rnd=0.38834698617223506','2019-01-17 00:13:38','org','192.168.1.13',0),(79397,'/api/org/user/list',-1,'获取人员列表','POST','-','2019-01-17 00:13:38','org','192.168.1.13',0),(79396,'/api/org/department/get',-1,'获取部门/结构/网点','GET','id=43&rnd=0.9949023189460968','2019-01-17 00:13:34','org','192.168.1.13',0),(79395,'/api/systemSetup/dictionaries/get',-1,'获取字典','GET','id=-2&rnd=0.31825366885272177','2019-01-17 00:13:24','systemSetup','192.168.1.13',0),(79394,'/api/org/department/list',-1,'获取部门/结构/网点列表','POST','-','2019-01-17 00:13:21','org','192.168.1.13',0),(79393,'/api/org/department/get',-1,'获取部门/结构/网点','GET','id=31&rnd=0.09370942425642936','2019-01-17 00:13:19','org','192.168.1.13',0),(79392,'/api/systemSetup/dictionaries/get',-1,'获取字典','GET','id=-2&rnd=0.9467013965968061','2019-01-17 00:13:19','systemSetup','192.168.1.13',0),(79391,'/api/org/department/list',-1,'获取部门/结构/网点列表','POST','-','2019-01-17 00:13:17','org','192.168.1.13',0),(79390,'/api/org/department/get',-1,'获取部门/结构/网点','GET','id=43&rnd=0.04285887652587017','2019-01-17 00:13:15','org','192.168.1.13',0),(79389,'/api/org/department/list',-1,'获取部门/结构/网点列表','POST','-','2019-01-17 00:13:12','org','192.168.1.13',0),(79388,'/api/org/department/tree',-1,'获取部门/结构/网点','GET','parentId=-1&rnd=0.9914847520259473','2019-01-17 00:13:11','org','192.168.1.13',0),(79386,'/api/org/user/add',-1,'添加人员','POST','-','2019-01-17 00:13:05','org','192.168.1.13',0),(79387,'/api/org/user/list',-1,'获取人员列表','POST','-','2019-01-17 00:13:05','org','192.168.1.13',0),(79385,'/api/org/user/list',-1,'获取人员列表','POST','-','2019-01-17 00:12:28','org','192.168.1.13',0),(79383,'/api/org/user/list',-1,'获取人员列表','POST','-','2019-01-17 00:11:53','org','192.168.1.13',0),(79384,'/api/org/user/add',-1,'添加人员','POST','-','2019-01-17 00:12:28','org','192.168.1.13',0),(79382,'/api/org/user/list',-1,'获取人员列表','POST','-','2019-01-17 00:11:51','org','192.168.1.13',0),(79381,'/api/org/department/tree',-1,'获取部门/结构/网点','GET','parentId=1&rnd=0.7088491627955065','2019-01-17 00:11:51','org','192.168.1.13',0),(79380,'/api/systemSetup/dictionaries/get',-1,'获取字典','GET','id=-11&rnd=0.9595790275850575','2019-01-17 00:11:50','systemSetup','192.168.1.13',0),(79379,'/api/worker/menu/get',-1,'获取菜单','GET','rnd=0.1977142401448977','2019-01-17 00:11:50','worker','192.168.1.13',0),(79377,'/api/systemSetup/dictionaries/get',-1,'获取字典','GET','id=-10&rnd=0.7770340974017609','2019-01-17 00:11:50','systemSetup','192.168.1.13',0),(79378,'/api/systemSetup/dictionaries/get',-1,'获取字典','GET','id=-3&rnd=0.8480491142906095','2019-01-17 00:11:50','systemSetup','192.168.1.13',0),(79376,'/api/systemSetup/dictionaries/get',-1,'获取字典','GET','id=-9&rnd=0.02565595939621046','2019-01-17 00:11:50','systemSetup','192.168.1.13',0),(79375,'/api/systemSetup/dictionaries/get',-1,'获取字典','GET','id=-8&rnd=0.8056928637299408','2019-01-17 00:11:50','systemSetup','192.168.1.13',0),(79374,'/api/systemSetup/dictionaries/get',-1,'获取字典','GET','id=-7&rnd=0.8544887170430866','2019-01-17 00:11:50','systemSetup','192.168.1.13',0),(79373,'/api/systemSetup/dictionaries/get',-1,'获取字典','GET','id=-6&rnd=0.7014823589911279','2019-01-17 00:11:50','systemSetup','192.168.1.13',0),(79372,'/api/systemSetup/dictionaries/get',-1,'获取字典','GET','id=-5&rnd=0.9414776646623886','2019-01-17 00:11:50','systemSetup','192.168.1.13',0),(79371,'/api/systemSetup/dictionaries/get',-1,'获取字典','GET','id=-4&rnd=0.7227346125824867','2019-01-17 00:11:50','systemSetup','192.168.1.13',0),(79370,'/api/systemSetup/dictionaries/get',-1,'获取字典','GET','id=-3&rnd=0.7399582253050545','2019-01-17 00:11:50','systemSetup','192.168.1.13',0),(79369,'/api/systemSetup/dictionaries/get',-1,'获取字典','GET','id=-2&rnd=0.5880480242131485','2019-01-17 00:11:50','systemSetup','192.168.1.13',0),(79368,'/api/systemSetup/dictionaries/get',-1,'获取字典','GET','id=-1&rnd=0.3220115892248796','2019-01-17 00:11:49','systemSetup','192.168.1.13',0),(79366,'/api/org/user/list',-1,'获取人员列表','POST','-','2019-01-17 00:11:35','org','192.168.1.13',0),(79367,'/api/worker/user/get',-1,'获取登录员工','PUT','-','2019-01-17 00:11:49','worker','192.168.1.13',0),(79365,'/api/org/user/list',-1,'获取人员列表','POST','-','2019-01-17 00:11:33','org','192.168.1.13',0),(79363,'/api/org/user/list',-1,'获取人员列表','POST','-','2019-01-17 00:11:29','org','192.168.1.13',0),(79364,'/api/org/user/delete',-1,'删除人员','DELETE','id=174&rnd=0.6804435610250652','2019-01-17 00:11:33','org','192.168.1.13',0),(79362,'/api/org/user/list',-1,'获取人员列表','POST','-','2019-01-17 00:11:22','org','192.168.1.13',0),(79361,'/api/org/user/add',-1,'添加人员','POST','-','2019-01-17 00:11:22','org','192.168.1.13',0),(79359,'/api/org/user/add',-1,'添加人员','POST','-','2019-01-17 00:10:53','org','192.168.1.13',0),(79360,'/api/org/user/list',-1,'获取人员列表','POST','-','2019-01-17 00:10:53','org','192.168.1.13',0),(79358,'/api/org/clause/list',-1,'获取管理办法列表','POST','-','2019-01-17 00:10:28','org','192.168.1.20',0),(79357,'/api/org/user/list',-1,'获取人员列表','POST','-','2019-01-17 00:10:16','org','192.168.1.13',0),(79356,'/api/org/user/list',-1,'获取人员列表','POST','-','2019-01-17 00:10:13','org','192.168.1.13',0),(79355,'/api/org/user/get',-1,'获取人员','GET','id=174&rnd=0.7164868983355266','2019-01-17 00:10:09','org','192.168.1.13',0),(79354,'/api/org/user/list',-1,'获取人员列表','POST','-','2019-01-17 00:10:07','org','192.168.1.13',0),(79353,'/api/org/user/delete',-1,'删除人员','DELETE','id=175&rnd=0.4661518380732663','2019-01-17 00:10:06','org','192.168.1.13',0),(79352,'/api/org/clause/get',-1,'获取管理办法','GET','id=55&rnd=0.57686200845607','2019-01-17 00:10:04','org','192.168.1.20',0),(79351,'/api/org/user/list',-1,'获取人员列表','POST','-','2019-01-17 00:10:01','org','192.168.1.13',0),(79349,'/api/org/clause/list',-1,'获取管理办法列表','POST','-','2019-01-17 00:09:52','org','192.168.1.20',0),(79350,'/api/org/user/delete',-1,'删除人员','DELETE','id=173&rnd=0.020274872457850535','2019-01-17 00:10:01','org','192.168.1.13',0),(79348,'/api/org/clause/delete',-1,'删除管理办法','DELETE','id=53&rnd=0.4785489983739166','2019-01-17 00:09:51','org','192.168.1.20',0),(79347,'/api/org/clause/list',-1,'获取管理办法列表','POST','-','2019-01-17 00:09:49','org','192.168.1.20',0),(79346,'/api/org/clause/delete',-1,'删除管理办法','DELETE','id=54&rnd=0.5390394629031197','2019-01-17 00:09:48','org','192.168.1.20',0),(79345,'/api/org/clause/list',-1,'获取管理办法列表','POST','-','2019-01-17 00:09:45','org','192.168.1.20',0),(79344,'/api/org/user/list',-1,'获取人员列表','POST','-','2019-01-17 00:09:36','org','192.168.1.13',0),(79342,'/api/org/user/list',-1,'获取人员列表','POST','-','2019-01-17 00:09:25','org','192.168.1.13',0),(79343,'/api/org/user/list',-1,'获取人员列表','POST','-','2019-01-17 00:09:34','org','192.168.1.13',0),(79341,'/api/org/user/list',-1,'获取人员列表','POST','-','2019-01-17 00:09:23','org','192.168.1.13',0),(79340,'/api/org/user/get',-1,'获取人员','GET','id=173&rnd=0.08875364199882196','2019-01-17 00:09:16','org','192.168.1.13',0),(79339,'/api/org/user/list',-1,'获取人员列表','POST','-','2019-01-17 00:09:09','org','192.168.1.13',0),(79338,'/api/org/user/list',-1,'获取人员列表','POST','-','2019-01-17 00:09:05','org','192.168.1.13',0),(79337,'/api/org/user/list',-1,'获取人员列表','POST','-','2019-01-17 00:09:03','org','192.168.1.13',0),(79336,'/api/org/user/list',-1,'获取人员列表','POST','-','2019-01-17 00:08:43','org','192.168.1.13',0),(79334,'/api/org/user/get',-1,'获取人员','GET','id=175&rnd=0.8354919103482286','2019-01-17 00:08:28','org','192.168.1.13',0),(79335,'/api/org/user/edit',-1,'编辑人员','PUT','-','2019-01-17 00:08:43','org','192.168.1.13',0),(79332,'/api/org/user/edit',-1,'编辑人员','PUT','-','2019-01-17 00:08:26','org','192.168.1.13',0),(79333,'/api/org/user/list',-1,'获取人员列表','POST','-','2019-01-17 00:08:26','org','192.168.1.13',0),(79331,'/api/org/user/get',-1,'获取人员','GET','id=174&rnd=0.7733690604984946','2019-01-17 00:08:19','org','192.168.1.13',0),(79329,'/api/org/user/edit',-1,'编辑人员','PUT','-','2019-01-17 00:08:16','org','192.168.1.13',0),(79330,'/api/org/user/list',-1,'获取人员列表','POST','-','2019-01-17 00:08:17','org','192.168.1.13',0),(79328,'/api/org/user/get',-1,'获取人员','GET','id=173&rnd=0.7025607353669816','2019-01-17 00:08:02','org','192.168.1.13',0),(79327,'/api/org/clause/get',-1,'获取管理办法','GET','id=55&rnd=0.458754308781427','2019-01-17 00:08:01','org','192.168.1.20',0),(79326,'/api/org/clause/list',-1,'获取管理办法列表','POST','-','2019-01-17 00:07:59','org','192.168.1.20',0),(79324,'/api/org/user/add',-1,'添加人员','POST','-','2019-01-17 00:07:59','org','192.168.1.13',0),(79325,'/api/org/user/list',-1,'获取人员列表','POST','-','2019-01-17 00:07:59','org','192.168.1.13',0),(79323,'/api/systemSetup/dictionaries/get',-1,'获取字典','GET','id=-10&rnd=0.4873813781507008','2019-01-17 00:07:50','systemSetup','192.168.1.20',0),(79322,'/api/org/clause/get',-1,'获取管理办法','GET','id=55&rnd=0.6171048513312112','2019-01-17 00:07:50','org','192.168.1.20',0),(79321,'/api/systemSetup/dictionaries/get',-1,'获取字典','GET','id=-4&rnd=0.8065118427744069','2019-01-17 00:07:50','systemSetup','192.168.1.20',0),(79320,'/api/org/clause/list',-1,'获取管理办法列表','POST','-','2019-01-17 00:07:46','org','192.168.1.20',0),(79319,'/api/org/clause/import',-1,'管理办法导入数据','GET','fileId=666&departmentId=1&rnd=0.9412317840428435','2019-01-17 00:07:45','org','192.168.1.20',0),(79318,'/api/worker/file/upload',-1,'上传文件','POST','-','2019-01-17 00:07:41','worker','192.168.1.20',0),(79317,'/api/org/user/list',-1,'获取人员列表','POST','-','2019-01-17 00:06:58','org','192.168.1.13',0),(79316,'/api/org/user/edit',-1,'编辑人员','PUT','-','2019-01-17 00:06:57','org','192.168.1.13',0),(79315,'/api/org/user/get',-1,'获取人员','GET','id=174&rnd=0.7795587047767669','2019-01-17 00:06:46','org','192.168.1.13',0),(79313,'/api/org/user/edit',-1,'编辑人员','PUT','-','2019-01-17 00:06:43','org','192.168.1.13',0),(79314,'/api/org/user/list',-1,'获取人员列表','POST','-','2019-01-17 00:06:43','org','192.168.1.13',0),(79312,'/api/org/user/get',-1,'获取人员','GET','id=173&rnd=0.8757190428265365','2019-01-17 00:06:29','org','192.168.1.13',0),(79311,'/api/org/user/list',-1,'获取人员列表','POST','-','2019-01-17 00:06:26','org','192.168.1.13',0),(79310,'/api/org/department/tree',-1,'获取部门/结构/网点','GET','parentId=1&rnd=0.39539416858446796','2019-01-17 00:06:26','org','192.168.1.13',0),(79309,'/api/org/department/list',-1,'获取部门/结构/网点列表','POST','-','2019-01-17 00:05:57','org','192.168.1.13',0),(79308,'/api/org/department/edit',-1,'编辑部门/结构/网点','PUT','-','2019-01-17 00:05:57','org','192.168.1.13',0),(79307,'/api/org/user/list',-1,'获取人员列表','POST','-','2019-01-17 00:05:35','org','192.168.1.13',0),(79306,'/api/org/department/tree',-1,'获取部门/结构/网点','GET','parentId=1&rnd=0.26680582730323055','2019-01-17 00:05:31','org','192.168.1.13',0),(79304,'/api/org/department/get',-1,'获取部门/结构/网点','GET','id=43&rnd=0.10367732710806732','2019-01-17 00:05:30','org','192.168.1.13',0),(79305,'/api/org/user/list',-1,'获取人员列表','POST','-','2019-01-17 00:05:31','org','192.168.1.13',0),(79303,'/api/systemSetup/dictionaries/get',-1,'获取字典','GET','id=-2&rnd=0.7839166942914375','2019-01-17 00:05:30','systemSetup','192.168.1.13',0),(79301,'/api/org/department/tree',-1,'获取部门/结构/网点','GET','parentId=-1&rnd=0.6745754563374455','2019-01-17 00:05:25','org','192.168.1.13',0),(79302,'/api/org/department/list',-1,'获取部门/结构/网点列表','POST','-','2019-01-17 00:05:26','org','192.168.1.13',0),(79300,'/api/org/notice/list',-1,'获取通知公告列表','POST','-','2019-01-17 00:05:24','org','192.168.1.13',0),(79299,'/api/org/department/tree',-1,'获取部门/结构/网点','GET','parentId=1&rnd=0.030929384390094627','2019-01-17 00:05:24','org','192.168.1.13',0),(79297,'/api/org/user/add',-1,'添加人员','POST','-','2019-01-17 00:05:16','org','192.168.1.13',0),(79298,'/api/org/user/list',-1,'获取人员列表','POST','-','2019-01-17 00:05:16','org','192.168.1.13',0),(79296,'/api/org/clause/list',-1,'获取管理办法列表','POST','-','2019-01-17 00:04:38','org','192.168.1.20',0),(79295,'/api/org/clause/get',-1,'获取管理办法','GET','id=53&rnd=0.43440412805840123','2019-01-17 00:04:35','org','192.168.1.20',0),(79294,'/api/org/clause/list',-1,'获取管理办法列表','POST','-','2019-01-17 00:04:32','org','192.168.1.20',0),(79293,'/api/org/user/list',-1,'获取人员列表','POST','-','2019-01-17 00:04:32','org','192.168.1.13',0),(79292,'/api/org/user/list',-1,'获取人员列表','POST','-','2019-01-17 00:04:26','org','192.168.1.13',0),(79291,'/api/org/user/add',-1,'添加人员','POST','-','2019-01-17 00:04:26','org','192.168.1.13',0),(79290,'/api/org/clause/get',-1,'获取管理办法','GET','id=54&rnd=0.3443218492625859','2019-01-17 00:04:10','org','192.168.1.20',0),(79289,'/api/org/clause/list',-1,'获取管理办法列表','POST','-','2019-01-17 00:04:08','org','192.168.1.20',0),(79288,'/api/systemSetup/dictionaries/get',-1,'获取字典','GET','id=-10&rnd=0.8949378608005165','2019-01-17 00:03:43','systemSetup','192.168.1.20',0),(79287,'/api/org/clause/get',-1,'获取管理办法','GET','id=54&rnd=0.1235855671495858','2019-01-17 00:03:43','org','192.168.1.20',0),(79286,'/api/systemSetup/dictionaries/get',-1,'获取字典','GET','id=-4&rnd=0.06788057090889432','2019-01-17 00:03:43','systemSetup','192.168.1.20',0),(79285,'/api/org/clause/list',-1,'获取管理办法列表','POST','-','2019-01-17 00:03:41','org','192.168.1.20',0),(79284,'/api/org/clause/import',-1,'管理办法导入数据','GET','fileId=665&departmentId=1&rnd=0.4576844111496663','2019-01-17 00:03:40','org','192.168.1.20',0),(79283,'/api/worker/file/upload',-1,'上传文件','POST','-','2019-01-17 00:03:36','worker','192.168.1.20',0),(79282,'/api/org/user/list',-1,'获取人员列表','POST','-','2019-01-17 00:03:11','org','192.168.1.13',0),(79281,'/api/org/department/tree',-1,'获取部门/结构/网点','GET','parentId=1&rnd=0.7662352822452037','2019-01-17 00:03:10','org','192.168.1.13',0),(79280,'/api/org/department/list',-1,'获取部门/结构/网点列表','POST','-','2019-01-17 00:03:01','org','192.168.1.13',0),(79279,'/api/org/department/add',-1,'添加部门/结构/网点','POST','-','2019-01-17 00:03:00','org','192.168.1.13',0),(79278,'/api/org/department/tree',-1,'获取部门/结构/网点','GET','parentId=1&rnd=0.9910440777822422','2019-01-17 00:02:56','org','192.168.1.13',0),(79277,'/api/org/user/list',-1,'获取人员列表','POST','-','2019-01-17 00:02:56','org','192.168.1.13',0),(79276,'/api/systemSetup/dictionaries/get',-1,'获取字典','GET','id=-2&rnd=0.7535433184269074','2019-01-17 00:02:29','systemSetup','192.168.1.13',0),(79275,'/api/org/department/list',-1,'获取部门/结构/网点列表','POST','-','2019-01-17 00:02:26','org','192.168.1.13',0),(79274,'/api/org/department/tree',-1,'获取部门/结构/网点','GET','parentId=-1&rnd=0.142558652374017','2019-01-17 00:02:26','org','192.168.1.13',0),(79273,'/api/org/notice/list',-1,'获取通知公告列表','POST','-','2019-01-17 00:02:20','org','192.168.1.13',0),(79272,'/api/org/department/tree',-1,'获取部门/结构/网点','GET','parentId=1&rnd=0.2751980169922741','2019-01-17 00:02:20','org','192.168.1.13',0),(79271,'/api/audit/rectify/list',-1,'获取整改通知列表','POST','-','2019-01-17 00:01:20','audit','192.168.1.13',0),(79270,'/api/audit/confirmation/list',-1,'获取事实确认书列表','POST','-','2019-01-17 00:01:20','audit','192.168.1.13',0),(79269,'/api/audit/statistical/get_my_punish_notice_by_year',-1,'统计分析-我的年度惩罚通知书','POST','-','2019-01-17 00:01:20','audit','192.168.1.13',0),(79267,'/api/audit/statistical/get_my_behavior_by_year',-1,'统计分析-我的年度违规行为','GET','rnd=0.5238099483558709','2019-01-17 00:01:20','audit','192.168.1.13',0),(79268,'/api/audit/statistical/get_my_confirmation_by_year',-1,'统计分析-我的年度事实确认书','GET','rnd=0.274591359891283','2019-01-17 00:01:20','audit','192.168.1.13',0),(79266,'/api/audit/statistical/get_my_score_by_year',-1,'统计分析-我的年度积分','GET','rnd=0.5327844853707182','2019-01-17 00:01:20','audit','192.168.1.13',0),(79265,'/api/audit/statistical/get_top_department',-1,'统计分析-年度排行部门及扣分情况','GET','rnd=0.3536250397240075','2019-01-17 00:01:20','audit','192.168.1.13',0),(79263,'/api/systemSetup/rbac/get',-1,'获取权限','GET','key=management&rnd=0.25620273241845615','2019-01-16 23:59:28','systemSetup','192.168.1.13',0),(79264,'/api/systemSetup/dictionaries/get',-1,'获取字典','GET','id=-2&rnd=0.3299574912610932','2019-01-16 23:59:34','systemSetup','192.168.1.13',0),(79262,'/api/systemSetup/dictionaries/get',-1,'获取字典','GET','id=-2&rnd=0.4989977364548617','2019-01-16 23:59:20','systemSetup','192.168.1.13',0),(79261,'/api/systemSetup/rbac/get',-1,'获取权限','GET','key=gzy&rnd=0.921903836082461','2019-01-16 23:59:12','systemSetup','192.168.1.13',0),(79260,'/api/systemSetup/dictionaries/get',-1,'获取字典','GET','id=-2&rnd=0.1500725581347555','2019-01-16 23:59:08','systemSetup','192.168.1.13',0),(79259,'/api/systemSetup/dictionaries/get',-1,'获取字典','GET','id=-2&rnd=0.5757174104559901','2019-01-16 23:59:08','systemSetup','192.168.1.13',0),(79258,'/api/org/clause/list',-1,'获取管理办法列表','POST','-','2019-01-16 23:57:52','org','192.168.1.20',0),(79257,'/api/org/clause/add',-1,'添加管理办法','POST','-','2019-01-16 23:57:52','org','192.168.1.20',0),(79256,'/api/systemSetup/dictionaries/get',-1,'获取字典','GET','id=-10&rnd=0.9164359557116675','2019-01-16 23:57:41','systemSetup','192.168.1.20',0),(79255,'/api/systemSetup/dictionaries/get',-1,'获取字典','GET','id=-4&rnd=0.2796554599215224','2019-01-16 23:57:41','systemSetup','192.168.1.20',0),(79254,'/api/org/clause/list',-1,'获取管理办法列表','POST','-','2019-01-16 23:57:34','org','192.168.1.20',0),(79253,'/api/systemSetup/dictionaries/get',-1,'获取字典','GET','id=-10&rnd=0.1479686962583402','2019-01-16 23:57:34','systemSetup','192.168.1.20',0),(79252,'/api/org/department/tree',-1,'获取部门/结构/网点','GET','parentId=1&rnd=0.9123446379162281','2019-01-16 23:57:34','org','192.168.1.20',0),(79250,'/api/systemSetup/login/list',-1,'获取人员列表','POST','-','2019-01-16 23:49:39','systemSetup','192.168.1.13',0),(79251,'/api/systemSetup/rbac/get',-1,'获取权限','GET','key=management&rnd=0.28345010005900884','2019-01-16 23:55:31','systemSetup','192.168.1.20',0),(79249,'/api/systemSetup/login/list',-1,'获取人员列表','POST','-','2019-01-16 23:49:39','systemSetup','192.168.1.13',0),(79248,'/api/systemSetup/login/add',-1,'添加人员','POST','-','2019-01-16 23:49:39','systemSetup','192.168.1.13',0),(79247,'/api/org/user/get',-1,'获取人员','GET','id=112&rnd=0.23495435699793976','2019-01-16 23:49:37','org','192.168.1.13',0),(79246,'/api/org/user/list',-1,'获取人员列表','POST','-','2019-01-16 23:49:35','org','192.168.1.13',0),(79245,'/api/org/department/tree',-1,'获取部门/结构/网点','GET','parentId=1&rnd=0.5979620910097743','2019-01-16 23:49:30','org','192.168.1.13',0),(79243,'/api/systemSetup/login/list',-1,'获取人员列表','POST','-','2019-01-16 23:49:26','systemSetup','192.168.1.13',0),(79244,'/api/org/user/list',-1,'获取人员列表','POST','-','2019-01-16 23:49:27','org','192.168.1.13',0),(79242,'/api/systemSetup/login/list',-1,'获取人员列表','POST','-','2019-01-16 23:49:26','systemSetup','192.168.1.13',0),(79241,'/api/systemSetup/login/add',-1,'添加人员','POST','-','2019-01-16 23:49:25','systemSetup','192.168.1.13',0),(79240,'/api/org/user/get',-1,'获取人员','GET','id=111&rnd=0.14315071155274794','2019-01-16 23:49:23','org','192.168.1.13',0),(79239,'/api/org/user/list',-1,'获取人员列表','POST','-','2019-01-16 23:49:21','org','192.168.1.13',0),(79237,'/api/org/department/tree',-1,'获取部门/结构/网点','GET','parentId=1&rnd=0.9491991170068375','2019-01-16 23:49:14','org','192.168.1.13',0),(79238,'/api/org/user/list',-1,'获取人员列表','POST','-','2019-01-16 23:49:20','org','192.168.1.13',0),(79236,'/api/org/user/list',-1,'获取人员列表','POST','-','2019-01-16 23:49:11','org','192.168.1.13',0),(79235,'/api/systemSetup/login/list',-1,'获取人员列表','POST','-','2019-01-16 23:49:09','systemSetup','192.168.1.13',0),(79234,'/api/systemSetup/login/delete',-1,'删除人员','DELETE','userCode=119243&rnd=0.23432158024404215','2019-01-16 23:49:08','systemSetup','192.168.1.13',0),(79233,'/api/systemSetup/login/list',-1,'获取人员列表','POST','-','2019-01-16 23:49:07','systemSetup','192.168.1.13',0),(79232,'/api/systemSetup/login/edit',-1,'编辑人员','PUT','-','2019-01-16 23:49:06','systemSetup','192.168.1.13',0),(79231,'/api/systemSetup/login/list',-1,'获取人员列表','POST','-','2019-01-16 23:49:04','systemSetup','192.168.1.13',0),(79229,'/api/systemSetup/login/list',-1,'获取人员列表','POST','-','2019-01-16 23:49:01','systemSetup','192.168.1.13',0),(79230,'/api/systemSetup/login/delete',-1,'删除人员','DELETE','userCode=131703&rnd=0.18393917156601436','2019-01-16 23:49:03','systemSetup','192.168.1.13',0),(79228,'/api/systemSetup/login/edit',-1,'编辑人员','PUT','-','2019-01-16 23:49:01','systemSetup','192.168.1.13',0),(79226,'/api/systemSetup/login/list',-1,'获取人员列表','POST','-','2019-01-16 23:48:20','systemSetup','192.168.1.13',0),(79227,'/api/systemSetup/login/list',-1,'获取人员列表','POST','-','2019-01-16 23:48:20','systemSetup','192.168.1.13',0),(79225,'/api/systemSetup/login/list',-1,'获取人员列表','POST','-','2019-01-16 23:48:20','systemSetup','192.168.1.13',0),(79223,'/api/systemSetup/dictionaries/get',-1,'获取字典','GET','id=-2&rnd=0.0017762364504374517','2019-01-16 23:48:14','systemSetup','192.168.1.20',0),(79224,'/api/systemSetup/rbac/get',-1,'获取权限','GET','key=management&rnd=0.22520772465531547','2019-01-16 23:48:16','systemSetup','192.168.1.20',0),(79222,'/api/org/user/list',-1,'获取人员列表','POST','-','2019-01-16 23:48:14','org','192.168.1.13',0),(79221,'/api/systemSetup/dictionaries/get',-1,'获取字典','GET','id=-2&rnd=0.7248389597976086','2019-01-16 23:48:14','systemSetup','192.168.1.20',0),(79220,'/api/org/department/tree',-1,'获取部门/结构/网点','GET','parentId=1&rnd=0.8349483587903239','2019-01-16 23:48:14','org','192.168.1.13',0),(79219,'/api/systemSetup/dictionaries/list',-1,'获取字典列表','POST','-','2019-01-16 23:48:13','systemSetup','192.168.1.20',0),(79218,'/api/systemSetup/dictionaries/list',-1,'获取字典列表','POST','-','2019-01-16 23:48:13','systemSetup','192.168.1.20',0),(79216,'/api/systemSetup/dictionaries/list',-1,'获取字典列表','POST','-','2019-01-16 23:48:13','systemSetup','192.168.1.20',0),(79217,'/api/systemSetup/dictionaries/get',-1,'获取字典','GET','id=-1&rnd=0.9237555172057204','2019-01-16 23:48:13','systemSetup','192.168.1.20',0),(79214,'/api/org/department/list',-1,'获取部门/结构/网点列表','POST','-','2019-01-16 23:48:09','org','192.168.1.13',0),(79215,'/api/org/department/get',-1,'获取部门/结构/网点','GET','id=1&rnd=0.31660157606034134','2019-01-16 23:48:11','org','192.168.1.13',0),(79213,'/api/org/department/edit',-1,'编辑部门/结构/网点','PUT','-','2019-01-16 23:48:08','org','192.168.1.13',0),(79211,'/api/worker/user/get',-1,'获取登录员工','PUT','-','2019-01-16 23:48:03','worker','192.168.1.20',0),(79212,'/api/worker/user/get',-1,'获取登录员工','PUT','-','2019-01-16 23:48:03','worker','192.168.1.20',0),(79210,'/api/org/user/list',-1,'获取人员列表','POST','-','2019-01-16 23:48:02','org','192.168.1.13',0),(79209,'/api/systemSetup/dictionaries/get',-1,'获取字典','GET','id=-2&rnd=0.32819691189103506','2019-01-16 23:48:00','systemSetup','192.168.1.20',0),(79208,'/api/systemSetup/dictionaries/get',-1,'获取字典','GET','id=-2&rnd=0.06385644478107233','2019-01-16 23:48:00','systemSetup','192.168.1.20',0),(79207,'/api/worker/menu/get',-1,'获取菜单','GET','rnd=0.05463072197621255','2019-01-16 23:48:00','worker','192.168.1.20',0),(79206,'/api/systemSetup/dictionaries/get',-1,'获取字典','GET','id=-3&rnd=0.37073327179888405','2019-01-16 23:48:00','systemSetup','192.168.1.20',0),(79205,'/api/systemSetup/dictionaries/get',-1,'获取字典','GET','id=-11&rnd=0.03789379463826403','2019-01-16 23:48:00','systemSetup','192.168.1.20',0),(79204,'/api/systemSetup/dictionaries/get',-1,'获取字典','GET','id=-10&rnd=0.6551629457022858','2019-01-16 23:48:00','systemSetup','192.168.1.20',0),(79203,'/api/systemSetup/dictionaries/get',-1,'获取字典','GET','id=-9&rnd=0.4431561513787279','2019-01-16 23:48:00','systemSetup','192.168.1.20',0),(79202,'/api/systemSetup/dictionaries/get',-1,'获取字典','GET','id=-8&rnd=0.9189373002078418','2019-01-16 23:48:00','systemSetup','192.168.1.20',0),(79201,'/api/systemSetup/dictionaries/get',-1,'获取字典','GET','id=-7&rnd=0.7424130824865605','2019-01-16 23:48:00','systemSetup','192.168.1.20',0),(79199,'/api/systemSetup/dictionaries/get',-1,'获取字典','GET','id=-5&rnd=0.9127486838919119','2019-01-16 23:48:00','systemSetup','192.168.1.20',0),(79200,'/api/systemSetup/dictionaries/get',-1,'获取字典','GET','id=-6&rnd=0.9974261637560162','2019-01-16 23:48:00','systemSetup','192.168.1.20',0),(79198,'/api/systemSetup/dictionaries/get',-1,'获取字典','GET','id=-4&rnd=0.9497931485114499','2019-01-16 23:48:00','systemSetup','192.168.1.20',0),(79197,'/api/systemSetup/dictionaries/get',-1,'获取字典','GET','id=-3&rnd=0.1861771651346813','2019-01-16 23:48:00','systemSetup','192.168.1.20',0),(79196,'/api/systemSetup/dictionaries/get',-1,'获取字典','GET','id=-2&rnd=0.5715725166903081','2019-01-16 23:48:00','systemSetup','192.168.1.20',0),(79195,'/api/systemSetup/dictionaries/get',-1,'获取字典','GET','id=-1&rnd=0.7435710751696407','2019-01-16 23:48:00','systemSetup','192.168.1.20',0),(79194,'/api/worker/user/get',-1,'获取登录员工','PUT','-','2019-01-16 23:47:59','worker','192.168.1.20',0),(79193,'/api/org/department/tree',-1,'获取部门/结构/网点','GET','parentId=1&rnd=0.7315647792359798','2019-01-16 23:47:58','org','192.168.1.13',0),(79192,'/api/org/user/list',-1,'获取人员列表','POST','-','2019-01-16 23:47:58','org','192.168.1.13',0),(79191,'/api/systemSetup/rbac/get',-1,'获取权限','GET','key=admin&rnd=0.12540883118781987','2019-01-16 23:47:57','systemSetup','192.168.1.20',0),(79190,'/api/systemSetup/rbac/edit',-1,'编辑权限','PUT','-','2019-01-16 23:47:57','systemSetup','192.168.1.20',0),(79189,'/api/org/department/get',-1,'获取部门/结构/网点','GET','id=1&rnd=0.7426574761288567','2019-01-16 23:47:55','org','192.168.1.13',0),(79188,'/api/systemSetup/dictionaries/get',-1,'获取字典','GET','id=-2&rnd=0.26277501780556567','2019-01-16 23:47:55','systemSetup','192.168.1.13',0),(79187,'/api/org/department/list',-1,'获取部门/结构/网点列表','POST','-','2019-01-16 23:47:53','org','192.168.1.13',0),(79186,'/api/systemSetup/rbac/get',-1,'获取权限','GET','key=admin&rnd=0.45608036362961535','2019-01-16 23:47:53','systemSetup','192.168.1.20',0),(79185,'/api/org/department/edit',-1,'编辑部门/结构/网点','PUT','-','2019-01-16 23:47:52','org','192.168.1.13',0),(79184,'/api/systemSetup/dictionaries/get',-1,'获取字典','GET','id=-2&rnd=0.6368408690914091','2019-01-16 23:47:49','systemSetup','192.168.1.20',0),(79183,'/api/systemSetup/dictionaries/get',-1,'获取字典','GET','id=-2&rnd=0.7602192356077442','2019-01-16 23:47:49','systemSetup','192.168.1.20',0),(79182,'/api/worker/menu/get',-1,'获取菜单','GET','rnd=0.8383722560224383','2019-01-16 23:47:49','worker','192.168.1.20',0),(79181,'/api/systemSetup/dictionaries/get',-1,'获取字典','GET','id=-3&rnd=0.6655613476685458','2019-01-16 23:47:49','systemSetup','192.168.1.20',0),(79180,'/api/systemSetup/dictionaries/get',-1,'获取字典','GET','id=-11&rnd=0.014762911170205006','2019-01-16 23:47:49','systemSetup','192.168.1.20',0),(79179,'/api/systemSetup/dictionaries/get',-1,'获取字典','GET','id=-10&rnd=0.562419733545416','2019-01-16 23:47:49','systemSetup','192.168.1.20',0),(79178,'/api/systemSetup/dictionaries/get',-1,'获取字典','GET','id=-9&rnd=0.7907640013589567','2019-01-16 23:47:49','systemSetup','192.168.1.20',0),(79177,'/api/systemSetup/dictionaries/get',-1,'获取字典','GET','id=-8&rnd=0.5125302557799745','2019-01-16 23:47:49','systemSetup','192.168.1.20',0),(79176,'/api/systemSetup/dictionaries/get',-1,'获取字典','GET','id=-7&rnd=0.5137665081746181','2019-01-16 23:47:49','systemSetup','192.168.1.20',0),(79175,'/api/systemSetup/dictionaries/get',-1,'获取字典','GET','id=-6&rnd=0.6096513300549575','2019-01-16 23:47:49','systemSetup','192.168.1.20',0),(79174,'/api/systemSetup/dictionaries/get',-1,'获取字典','GET','id=-5&rnd=0.20370437651492335','2019-01-16 23:47:49','systemSetup','192.168.1.20',0),(79173,'/api/systemSetup/dictionaries/get',-1,'获取字典','GET','id=-4&rnd=0.6857409432659554','2019-01-16 23:47:49','systemSetup','192.168.1.20',0),(79172,'/api/systemSetup/dictionaries/get',-1,'获取字典','GET','id=-3&rnd=0.7072940685590254','2019-01-16 23:47:49','systemSetup','192.168.1.20',0),(79171,'/api/systemSetup/dictionaries/get',-1,'获取字典','GET','id=-2&rnd=0.9725683643368663','2019-01-16 23:47:48','systemSetup','192.168.1.20',0),(79169,'/api/worker/user/get',-1,'获取登录员工','PUT','-','2019-01-16 23:47:48','worker','192.168.1.20',0),(79170,'/api/systemSetup/dictionaries/get',-1,'获取字典','GET','id=-1&rnd=0.4005385560242627','2019-01-16 23:47:48','systemSetup','192.168.1.20',0),(79168,'/api/systemSetup/rbac/get',-1,'获取权限','GET','key=admin&rnd=0.7553202933693131','2019-01-16 23:47:45','systemSetup','192.168.1.20',0),(79167,'/api/org/user/list',-1,'获取人员列表','POST','-','2019-01-16 23:47:45','org','192.168.1.13',0),(79166,'/api/systemSetup/rbac/edit',-1,'编辑权限','PUT','-','2019-01-16 23:47:45','systemSetup','192.168.1.20',0),(79165,'/api/systemSetup/rbac/get',-1,'获取权限','GET','key=admin&rnd=0.7979658818314785','2019-01-16 23:47:41','systemSetup','192.168.1.20',0),(79164,'/api/systemSetup/dictionaries/get',-1,'获取字典','GET','id=-2&rnd=0.95059061326153','2019-01-16 23:47:38','systemSetup','192.168.1.20',0),(79163,'/api/systemSetup/dictionaries/get',-1,'获取字典','GET','id=-2&rnd=0.5723715037073993','2019-01-16 23:47:38','systemSetup','192.168.1.20',0),(79162,'/api/worker/menu/get',-1,'获取菜单','GET','rnd=0.9173934772093524','2019-01-16 23:47:37','worker','192.168.1.20',0),(79161,'/api/systemSetup/dictionaries/get',-1,'获取字典','GET','id=-3&rnd=0.03912199126887139','2019-01-16 23:47:37','systemSetup','192.168.1.20',0),(79160,'/api/systemSetup/dictionaries/get',-1,'获取字典','GET','id=-11&rnd=0.38020549477241605','2019-01-16 23:47:37','systemSetup','192.168.1.20',0),(79159,'/api/systemSetup/dictionaries/get',-1,'获取字典','GET','id=-10&rnd=0.3136658652282309','2019-01-16 23:47:37','systemSetup','192.168.1.20',0),(79158,'/api/systemSetup/dictionaries/get',-1,'获取字典','GET','id=-9&rnd=0.4611961744331423','2019-01-16 23:47:37','systemSetup','192.168.1.20',0),(79157,'/api/systemSetup/dictionaries/get',-1,'获取字典','GET','id=-8&rnd=0.23727038129030453','2019-01-16 23:47:37','systemSetup','192.168.1.20',0),(79156,'/api/systemSetup/dictionaries/get',-1,'获取字典','GET','id=-7&rnd=0.8457286996506634','2019-01-16 23:47:37','systemSetup','192.168.1.20',0),(79154,'/api/systemSetup/dictionaries/get',-1,'获取字典','GET','id=-4&rnd=0.1316437260035408','2019-01-16 23:47:37','systemSetup','192.168.1.20',0),(79155,'/api/systemSetup/dictionaries/get',-1,'获取字典','GET','id=-5&rnd=0.30682356352756424','2019-01-16 23:47:37','systemSetup','192.168.1.20',0),(79153,'/api/systemSetup/dictionaries/get',-1,'获取字典','GET','id=-6&rnd=0.6265519300291307','2019-01-16 23:47:37','systemSetup','192.168.1.20',0),(79152,'/api/systemSetup/dictionaries/get',-1,'获取字典','GET','id=-3&rnd=0.21026425156992268','2019-01-16 23:47:37','systemSetup','192.168.1.20',0),(79151,'/api/systemSetup/dictionaries/get',-1,'获取字典','GET','id=-2&rnd=0.5501965534442985','2019-01-16 23:47:37','systemSetup','192.168.1.20',0),(79150,'/api/systemSetup/dictionaries/get',-1,'获取字典','GET','id=-1&rnd=0.7187090054233165','2019-01-16 23:47:37','systemSetup','192.168.1.20',0),(79149,'/api/worker/user/get',-1,'获取登录员工','PUT','-','2019-01-16 23:47:37','worker','192.168.1.20',0),(79147,'/api/org/user/list',-1,'获取人员列表','POST','-','2019-01-16 23:47:33','org','192.168.1.13',0),(79148,'/api/org/department/tree',-1,'获取部门/结构/网点','GET','parentId=1&rnd=0.4035095047312516','2019-01-16 23:47:33','org','192.168.1.13',0),(79146,'/api/org/department/get',-1,'获取部门/结构/网点','GET','id=1&rnd=0.8751851537017625','2019-01-16 23:47:30','org','192.168.1.13',0),(79145,'/api/systemSetup/dictionaries/get',-1,'获取字典','GET','id=-2&rnd=0.6685692985846803','2019-01-16 23:47:30','systemSetup','192.168.1.13',0),(79144,'/api/org/department/list',-1,'获取部门/结构/网点列表','POST','-','2019-01-16 23:47:25','org','192.168.1.13',0),(79142,'/api/org/department/list',-1,'获取部门/结构/网点列表','POST','-','2019-01-16 23:46:23','org','192.168.1.13',0),(79143,'/api/org/department/list',-1,'获取部门/结构/网点列表','POST','-','2019-01-16 23:47:17','org','192.168.1.13',0),(79140,'/api/org/department/tree',-1,'获取部门/结构/网点','GET','parentId=1&rnd=0.944993441598377','2019-01-16 23:46:13','org','192.168.1.13',0),(79141,'/api/org/department/edit',-1,'编辑部门/结构/网点','PUT','-','2019-01-16 23:46:22','org','192.168.1.13',0),(79139,'/api/org/user/list',-1,'获取人员列表','POST','-','2019-01-16 23:46:12','org','192.168.1.13',0),(79138,'/api/org/department/tree',-1,'获取部门/结构/网点','GET','parentId=1&rnd=0.4465546164394967','2019-01-16 23:46:05','org','192.168.1.13',0),(79137,'/api/org/user/list',-1,'获取人员列表','POST','-','2019-01-16 23:46:05','org','192.168.1.13',0),(79135,'/api/systemSetup/dictionaries/get',-1,'获取字典','GET','id=-2&rnd=0.48162233678137345','2019-01-16 23:45:52','systemSetup','192.168.1.13',0),(79136,'/api/org/department/get',-1,'获取部门/结构/网点','GET','id=42&rnd=0.7351712704457649','2019-01-16 23:45:52','org','192.168.1.13',0),(79134,'/api/org/department/list',-1,'获取部门/结构/网点列表','POST','-','2019-01-16 23:45:49','org','192.168.1.13',0),(79132,'/api/systemSetup/dictionaries/get',-1,'获取字典','GET','id=-2&rnd=0.8348412036472024','2019-01-16 23:45:47','systemSetup','192.168.1.13',0),(79133,'/api/org/department/get',-1,'获取部门/结构/网点','GET','id=24&rnd=0.9177111137140403','2019-01-16 23:45:47','org','192.168.1.13',0),(79130,'/api/org/department/get',-1,'获取部门/结构/网点','GET','id=23&rnd=0.5128043296983813','2019-01-16 23:45:44','org','192.168.1.13',0),(79131,'/api/org/department/list',-1,'获取部门/结构/网点列表','POST','-','2019-01-16 23:45:46','org','192.168.1.13',0),(79128,'/api/org/department/list',-1,'获取部门/结构/网点列表','POST','-','2019-01-16 23:45:41','org','192.168.1.13',0),(79129,'/api/systemSetup/dictionaries/get',-1,'获取字典','GET','id=-2&rnd=0.28282185000227766','2019-01-16 23:45:43','systemSetup','192.168.1.13',0),(79127,'/api/org/department/get',-1,'获取部门/结构/网点','GET','id=22&rnd=0.948178585088201','2019-01-16 23:45:39','org','192.168.1.13',0),(79125,'/api/org/department/list',-1,'获取部门/结构/网点列表','POST','-','2019-01-16 23:45:38','org','192.168.1.13',0),(79126,'/api/systemSetup/dictionaries/get',-1,'获取字典','GET','id=-2&rnd=0.9317098762517027','2019-01-16 23:45:38','systemSetup','192.168.1.13',0),(79123,'/api/systemSetup/dictionaries/get',-1,'获取字典','GET','id=-2&rnd=0.23966497068627013','2019-01-16 23:45:36','systemSetup','192.168.1.13',0),(79124,'/api/org/department/get',-1,'获取部门/结构/网点','GET','id=21&rnd=0.6218435802473694','2019-01-16 23:45:36','org','192.168.1.13',0),(79122,'/api/org/department/list',-1,'获取部门/结构/网点列表','POST','-','2019-01-16 23:45:34','org','192.168.1.13',0),(79121,'/api/org/department/list',-1,'获取部门/结构/网点列表','POST','-','2019-01-16 23:45:32','org','192.168.1.13',0),(79120,'/api/org/department/get',-1,'获取部门/结构/网点','GET','id=1&rnd=0.1748790159951883','2019-01-16 23:45:30','org','192.168.1.13',0),(79119,'/api/systemSetup/dictionaries/get',-1,'获取字典','GET','id=-2&rnd=0.014553178411639722','2019-01-16 23:45:30','systemSetup','192.168.1.13',0),(79118,'/api/org/department/list',-1,'获取部门/结构/网点列表','POST','-','2019-01-16 23:45:28','org','192.168.1.13',0),(79116,'/api/org/department/list',-1,'获取部门/结构/网点列表','POST','-','2019-01-16 23:45:26','org','192.168.1.13',0),(79117,'/api/org/department/list',-1,'获取部门/结构/网点列表','POST','-','2019-01-16 23:45:28','org','192.168.1.13',0),(79114,'/api/org/department/list',-1,'获取部门/结构/网点列表','POST','-','2019-01-16 23:45:23','org','192.168.1.13',0),(79115,'/api/org/department/list',-1,'获取部门/结构/网点列表','POST','-','2019-01-16 23:45:23','org','192.168.1.13',0),(79113,'/api/org/department/list',-1,'获取部门/结构/网点列表','POST','-','2019-01-16 23:45:22','org','192.168.1.13',0),(79112,'/api/org/department/list',-1,'获取部门/结构/网点列表','POST','-','2019-01-16 23:45:22','org','192.168.1.13',0),(79111,'/api/org/department/list',-1,'获取部门/结构/网点列表','POST','-','2019-01-16 23:45:21','org','192.168.1.13',0),(79110,'/api/org/department/list',-1,'获取部门/结构/网点列表','POST','-','2019-01-16 23:45:20','org','192.168.1.13',0),(79109,'/api/org/department/tree',-1,'获取部门/结构/网点','GET','parentId=1&rnd=0.06752416093606017','2019-01-16 23:45:18','org','192.168.1.13',0),(79108,'/api/org/department/list',-1,'获取部门/结构/网点列表','POST','-','2019-01-16 23:45:13','org','192.168.1.13',0),(79107,'/api/org/department/get',-1,'获取部门/结构/网点','GET','id=21&rnd=0.40667408782755543','2019-01-16 23:45:11','org','192.168.1.13',0),(79106,'/api/systemSetup/dictionaries/get',-1,'获取字典','GET','id=-2&rnd=0.19795653298225324','2019-01-16 23:45:11','systemSetup','192.168.1.13',0),(79105,'/api/org/department/list',-1,'获取部门/结构/网点列表','POST','-','2019-01-16 23:45:09','org','192.168.1.13',0),(79104,'/api/org/department/tree',-1,'获取部门/结构/网点','GET','parentId=-1&rnd=0.13383290598005737','2019-01-16 23:45:08','org','192.168.1.13',0),(79103,'/api/org/user/list',-1,'获取人员列表','POST','-','2019-01-16 23:45:03','org','192.168.1.13',0),(79101,'/api/org/user/list',-1,'获取人员列表','POST','-','2019-01-16 23:45:00','org','192.168.1.13',0),(79102,'/api/org/user/list',-1,'获取人员列表','POST','-','2019-01-16 23:45:02','org','192.168.1.13',0),(79100,'/api/org/department/tree',-1,'获取部门/结构/网点','GET','parentId=1&rnd=0.5616993877360912','2019-01-16 23:45:00','org','192.168.1.13',0),(79099,'/api/org/department/list',-1,'获取部门/结构/网点列表','POST','-','2019-01-16 23:44:48','org','192.168.1.13',0),(79097,'/api/org/department/list',-1,'获取部门/结构/网点列表','POST','-','2019-01-16 23:44:43','org','192.168.1.13',0),(79098,'/api/org/department/list',-1,'获取部门/结构/网点列表','POST','-','2019-01-16 23:44:44','org','192.168.1.13',0),(79096,'/api/org/department/tree',-1,'获取部门/结构/网点','GET','parentId=1&rnd=0.2562212185253394','2019-01-16 23:44:42','org','192.168.1.13',0),(79095,'/api/org/department/list',-1,'获取部门/结构/网点列表','POST','-','2019-01-16 23:44:40','org','192.168.1.13',0),(79094,'/api/org/department/tree',-1,'获取部门/结构/网点','GET','parentId=-1&rnd=0.9888586952318017','2019-01-16 23:44:40','org','192.168.1.13',0),(79093,'/api/systemSetup/rbac/get',-1,'获取权限','GET','key=admin&rnd=0.23174096447375003','2019-01-16 23:44:34','systemSetup','192.168.1.20',0),(79092,'/api/systemSetup/rbac/edit',-1,'编辑权限','PUT','-','2019-01-16 23:44:33','systemSetup','192.168.1.20',0),(79091,'/api/systemSetup/rbac/get',-1,'获取权限','GET','key=admin&rnd=0.38165743332389734','2019-01-16 23:44:27','systemSetup','192.168.1.20',0),(79090,'/api/systemSetup/dictionaries/get',-1,'获取字典','GET','id=-2&rnd=0.08737004455576658','2019-01-16 23:44:25','systemSetup','192.168.1.20',0),(79089,'/api/systemSetup/rbac/get',-1,'获取权限','GET','key=admin&rnd=0.29427834854769186','2019-01-16 23:44:20','systemSetup','192.168.1.20',0),(79087,'/api/audit/programme/edit',111,'编辑审核方案','PUT','-','2019-01-16 23:43:35','audit','192.168.1.13',0),(79088,'/api/audit/programme/list',111,'获取审核方案列表','POST','-','2019-01-16 23:43:35','audit','192.168.1.13',0),(79086,'/api/systemSetup/dictionaries/get',111,'获取字典','GET','id=-2&rnd=0.37575541436875026','2019-01-16 23:43:31','systemSetup','192.168.1.13',0),(79085,'/api/org/user/list',111,'获取人员列表','POST','-','2019-01-16 23:43:31','org','192.168.1.13',0),(79084,'/api/audit/programme/get',111,'获取审核方案','GET','id=137&rnd=0.9239619372363828','2019-01-16 23:43:31','audit','192.168.1.13',0),(79082,'/api/systemSetup/dictionaries/get',111,'获取字典','GET','id=-5&rnd=0.4243090661886313','2019-01-16 23:43:31','systemSetup','192.168.1.13',0),(79083,'/api/systemSetup/dictionaries/get',111,'获取字典','GET','id=-6&rnd=0.9433386367160193','2019-01-16 23:43:31','systemSetup','192.168.1.13',0),(79081,'/api/audit/programme/list',111,'获取审核方案列表','POST','-','2019-01-16 23:43:26','audit','192.168.1.13',0),(79080,'/api/audit/programme/edit',111,'编辑审核方案','PUT','-','2019-01-16 23:43:26','audit','192.168.1.13',0),(79079,'/api/org/user/list',111,'获取人员列表','POST','-','2019-01-16 23:43:23','org','192.168.1.13',0),(79078,'/api/systemSetup/dictionaries/get',111,'获取字典','GET','id=-6&rnd=0.8526082860637187','2019-01-16 23:43:23','systemSetup','192.168.1.13',0),(79077,'/api/audit/programme/get',111,'获取审核方案','GET','id=138&rnd=0.7476548179931501','2019-01-16 23:43:23','audit','192.168.1.13',0),(79076,'/api/systemSetup/dictionaries/get',111,'获取字典','GET','id=-2&rnd=0.17919923190227682','2019-01-16 23:43:23','systemSetup','192.168.1.13',0),(79074,'/api/audit/programme/list',111,'获取审核方案列表','POST','-','2019-01-16 23:43:18','audit','192.168.1.13',0),(79075,'/api/systemSetup/dictionaries/get',111,'获取字典','GET','id=-5&rnd=0.8435784151473649','2019-01-16 23:43:23','systemSetup','192.168.1.13',0),(79073,'/api/audit/programme/add',111,'添加审核方案','POST','-','2019-01-16 23:43:18','audit','192.168.1.13',0),(79072,'/api/systemSetup/dictionaries/get',111,'获取字典','GET','id=-2&rnd=0.8801467716806473','2019-01-16 23:43:16','systemSetup','192.168.1.13',0),(79070,'/api/org/user/list',111,'获取人员列表','POST','-','2019-01-16 23:43:16','org','192.168.1.13',0),(79071,'/api/audit/programme/get',111,'获取审核方案','GET','id=135&rnd=0.5354403021633103','2019-01-16 23:43:16','audit','192.168.1.13',0),(79069,'/api/systemSetup/dictionaries/get',111,'获取字典','GET','id=-6&rnd=0.29358054532852407','2019-01-16 23:43:16','systemSetup','192.168.1.13',0),(79067,'/api/audit/programme/list',111,'获取审核方案列表','POST','-','2019-01-16 23:43:14','audit','192.168.1.13',0),(79068,'/api/systemSetup/dictionaries/get',111,'获取字典','GET','id=-5&rnd=0.6809389203354588','2019-01-16 23:43:15','systemSetup','192.168.1.13',0),(79066,'/api/audit/programme/add',111,'添加审核方案','POST','-','2019-01-16 23:43:14','audit','192.168.1.13',0),(79065,'/api/org/department/tree',111,'获取部门/结构/网点','GET','parentId=32&rnd=0.8542242044649542','2019-01-16 23:43:11','org','192.168.1.13',0),(79063,'/api/org/user/list',111,'获取人员列表','POST','-','2019-01-16 23:43:09','org','192.168.1.13',0),(79064,'/api/systemSetup/dictionaries/get',111,'获取字典','GET','id=-2&rnd=0.01887815508080193','2019-01-16 23:43:09','systemSetup','192.168.1.13',0),(79062,'/api/audit/programme/get',111,'获取审核方案','GET','id=127&rnd=0.06682932457476465','2019-01-16 23:43:09','audit','192.168.1.13',0),(79060,'/api/systemSetup/dictionaries/get',111,'获取字典','GET','id=-5&rnd=0.38691754586976157','2019-01-16 23:43:08','systemSetup','192.168.1.13',0),(79061,'/api/systemSetup/dictionaries/get',111,'获取字典','GET','id=-6&rnd=0.9642135405883852','2019-01-16 23:43:09','systemSetup','192.168.1.13',0),(79059,'/api/audit/programme/list',111,'获取审核方案列表','POST','-','2019-01-16 23:43:06','audit','192.168.1.13',0),(79058,'/api/audit/programme/add',111,'添加审核方案','POST','-','2019-01-16 23:43:05','audit','192.168.1.13',0),(79056,'/api/systemSetup/dictionaries/get',111,'获取字典','GET','id=-2&rnd=0.7783366983151103','2019-01-16 23:43:01','systemSetup','192.168.1.13',0),(79057,'/api/org/department/tree',111,'获取部门/结构/网点','GET','parentId=32&rnd=0.3398881645967735','2019-01-16 23:43:03','org','192.168.1.13',0),(79054,'/api/org/user/list',111,'获取人员列表','POST','-','2019-01-16 23:43:01','org','192.168.1.13',0),(79055,'/api/audit/programme/get',111,'获取审核方案','GET','id=127&rnd=0.41872932424985665','2019-01-16 23:43:01','audit','192.168.1.13',0),(79053,'/api/systemSetup/dictionaries/get',111,'获取字典','GET','id=-6&rnd=0.17951078623215944','2019-01-16 23:43:01','systemSetup','192.168.1.13',0),(79052,'/api/systemSetup/dictionaries/get',111,'获取字典','GET','id=-5&rnd=0.7240688805927271','2019-01-16 23:43:00','systemSetup','192.168.1.13',0),(79050,'/api/audit/programme/add',111,'添加审核方案','POST','-','2019-01-16 23:42:59','audit','192.168.1.13',0),(79051,'/api/audit/programme/list',111,'获取审核方案列表','POST','-','2019-01-16 23:42:59','audit','192.168.1.13',0),(79049,'/api/systemSetup/rbac/get',-1,'获取权限','GET','key=admin&rnd=0.979883204606558','2019-01-16 23:42:57','systemSetup','192.168.1.20',0),(79047,'/api/systemSetup/rbac/edit',-1,'编辑权限','PUT','-','2019-01-16 23:42:56','systemSetup','192.168.1.20',0),(79048,'/api/org/department/tree',111,'获取部门/结构/网点','GET','parentId=32&rnd=0.7313101154687978','2019-01-16 23:42:56','org','192.168.1.13',0),(79046,'/api/systemSetup/dictionaries/get',111,'获取字典','GET','id=-2&rnd=0.4822006491625006','2019-01-16 23:42:53','systemSetup','192.168.1.13',0),(79045,'/api/org/user/list',111,'获取人员列表','POST','-','2019-01-16 23:42:53','org','192.168.1.13',0),(79043,'/api/systemSetup/dictionaries/get',111,'获取字典','GET','id=-6&rnd=0.3154094423456357','2019-01-16 23:42:53','systemSetup','192.168.1.13',0),(79044,'/api/audit/programme/get',111,'获取审核方案','GET','id=127&rnd=0.3595442549429799','2019-01-16 23:42:53','audit','192.168.1.13',0),(79042,'/api/systemSetup/dictionaries/get',111,'获取字典','GET','id=-5&rnd=0.9895746430165471','2019-01-16 23:42:53','systemSetup','192.168.1.13',0),(79041,'/api/systemSetup/rbac/get',-1,'获取权限','GET','key=admin&rnd=0.31932107033375035','2019-01-16 23:42:52','systemSetup','192.168.1.20',0),(79040,'/api/audit/programme/list',111,'获取审核方案列表','POST','-','2019-01-16 23:42:51','audit','192.168.1.13',0),(79039,'/api/audit/programme/add',111,'添加审核方案','POST','-','2019-01-16 23:42:50','audit','192.168.1.13',0),(79038,'/api/org/user/list',111,'获取人员列表','POST','-','2019-01-16 23:42:42','org','192.168.1.13',0),(79037,'/api/systemSetup/dictionaries/get',111,'获取字典','GET','id=-2&rnd=0.6784750308119001','2019-01-16 23:42:42','systemSetup','192.168.1.13',0),(79035,'/api/audit/programme/get',111,'获取审核方案','GET','id=133&rnd=0.3947111785556756','2019-01-16 23:42:42','audit','192.168.1.13',0),(79036,'/api/systemSetup/dictionaries/get',111,'获取字典','GET','id=-5&rnd=0.5560653672593905','2019-01-16 23:42:42','systemSetup','192.168.1.13',0),(79034,'/api/systemSetup/dictionaries/get',111,'获取字典','GET','id=-6&rnd=0.42424846224192425','2019-01-16 23:42:42','systemSetup','192.168.1.13',0),(79033,'/api/audit/programme/list',111,'获取审核方案列表','POST','-','2019-01-16 23:42:31','audit','192.168.1.13',0),(79031,'/api/org/department/tree',111,'获取部门/结构/网点','GET','parentId=32&rnd=0.1402067644043794','2019-01-16 23:42:27','org','192.168.1.13',0),(79032,'/api/audit/programme/add',111,'添加审核方案','POST','-','2019-01-16 23:42:31','audit','192.168.1.13',0),(79030,'/api/audit/programme/get',111,'获取审核方案','GET','id=127&rnd=0.4420337839854329','2019-01-16 23:42:25','audit','192.168.1.13',0),(79029,'/api/systemSetup/dictionaries/get',111,'获取字典','GET','id=-2&rnd=0.014965629724964513','2019-01-16 23:42:25','systemSetup','192.168.1.13',0),(79027,'/api/systemSetup/dictionaries/get',111,'获取字典','GET','id=-6&rnd=0.41615033447027194','2019-01-16 23:42:25','systemSetup','192.168.1.13',0),(79028,'/api/org/user/list',111,'获取人员列表','POST','-','2019-01-16 23:42:25','org','192.168.1.13',0),(79025,'/api/audit/programme/list',111,'获取审核方案列表','POST','-','2019-01-16 23:42:23','audit','192.168.1.13',0),(79026,'/api/systemSetup/dictionaries/get',111,'获取字典','GET','id=-5&rnd=0.7292927589723153','2019-01-16 23:42:25','systemSetup','192.168.1.13',0),(79024,'/api/audit/programme/add',111,'添加审核方案','POST','-','2019-01-16 23:42:23','audit','192.168.1.13',0),(79023,'/api/systemSetup/dictionaries/get',111,'获取字典','GET','id=-2&rnd=0.15619450756890751','2019-01-16 23:42:20','systemSetup','192.168.1.13',0),(79021,'/api/audit/programme/get',111,'获取审核方案','GET','id=131&rnd=0.23109777268150222','2019-01-16 23:42:20','audit','192.168.1.13',0),(79022,'/api/org/user/list',111,'获取人员列表','POST','-','2019-01-16 23:42:20','org','192.168.1.13',0),(79020,'/api/systemSetup/dictionaries/get',111,'获取字典','GET','id=-6&rnd=0.052796283428625745','2019-01-16 23:42:20','systemSetup','192.168.1.13',0),(79019,'/api/systemSetup/dictionaries/get',111,'获取字典','GET','id=-5&rnd=0.39841991540521704','2019-01-16 23:42:20','systemSetup','192.168.1.13',0),(79018,'/api/audit/programme/list',111,'获取审核方案列表','POST','-','2019-01-16 23:42:19','audit','192.168.1.13',0),(79017,'/api/audit/programme/add',111,'添加审核方案','POST','-','2019-01-16 23:42:18','audit','192.168.1.13',0),(79015,'/api/org/user/list',111,'获取人员列表','POST','-','2019-01-16 23:42:15','org','192.168.1.13',0),(79016,'/api/systemSetup/dictionaries/get',111,'获取字典','GET','id=-2&rnd=0.31708034206522484','2019-01-16 23:42:15','systemSetup','192.168.1.13',0),(79014,'/api/audit/programme/get',111,'获取审核方案','GET','id=130&rnd=0.2714934219085907','2019-01-16 23:42:15','audit','192.168.1.13',0),(79013,'/api/systemSetup/dictionaries/get',111,'获取字典','GET','id=-6&rnd=0.41675591003673484','2019-01-16 23:42:15','systemSetup','192.168.1.13',0),(79011,'/api/audit/programme/list',111,'获取审核方案列表','POST','-','2019-01-16 23:42:14','audit','192.168.1.13',0),(79012,'/api/systemSetup/dictionaries/get',111,'获取字典','GET','id=-5&rnd=0.30725303154285744','2019-01-16 23:42:15','systemSetup','192.168.1.13',0),(79010,'/api/audit/programme/edit',111,'编辑审核方案','PUT','-','2019-01-16 23:42:13','audit','192.168.1.13',0),(79009,'/api/systemSetup/dictionaries/get',111,'获取字典','GET','id=-2&rnd=0.3396599087508161','2019-01-16 23:42:05','systemSetup','192.168.1.13',0),(79007,'/api/audit/programme/get',111,'获取审核方案','GET','id=127&rnd=0.24823228143786524','2019-01-16 23:42:05','audit','192.168.1.13',0),(79008,'/api/org/user/list',111,'获取人员列表','POST','-','2019-01-16 23:42:05','org','192.168.1.13',0),(79006,'/api/systemSetup/dictionaries/get',111,'获取字典','GET','id=-6&rnd=0.548755325114187','2019-01-16 23:42:05','systemSetup','192.168.1.13',0),(79005,'/api/systemSetup/dictionaries/get',111,'获取字典','GET','id=-5&rnd=0.27843988521246676','2019-01-16 23:42:05','systemSetup','192.168.1.13',0),(79004,'/api/audit/programme/list',111,'获取审核方案列表','POST','-','2019-01-16 23:41:52','audit','192.168.1.13',0),(79003,'/api/audit/programme/add',111,'添加审核方案','POST','-','2019-01-16 23:41:52','audit','192.168.1.13',0),(79002,'/api/org/user/list',111,'获取人员列表','POST','-','2019-01-16 23:41:46','org','192.168.1.13',0),(79001,'/api/systemSetup/dictionaries/get',111,'获取字典','GET','id=-2&rnd=0.5298622244951117','2019-01-16 23:41:46','systemSetup','192.168.1.13',0),(79000,'/api/audit/programme/get',111,'获取审核方案','GET','id=127&rnd=0.4242042720787378','2019-01-16 23:41:46','audit','192.168.1.13',0),(78998,'/api/systemSetup/dictionaries/get',111,'获取字典','GET','id=-5&rnd=0.893356260978025','2019-01-16 23:41:45','systemSetup','192.168.1.13',0),(78999,'/api/systemSetup/dictionaries/get',111,'获取字典','GET','id=-6&rnd=0.9292497891468148','2019-01-16 23:41:46','systemSetup','192.168.1.13',0),(78997,'/api/audit/programme/list',111,'获取审核方案列表','POST','-','2019-01-16 23:41:44','audit','192.168.1.13',0),(78996,'/api/audit/programme/add',111,'添加审核方案','POST','-','2019-01-16 23:41:44','audit','192.168.1.13',0),(78995,'/api/systemSetup/dictionaries/get',111,'获取字典','GET','id=-2&rnd=0.052509738626690616','2019-01-16 23:41:42','systemSetup','192.168.1.13',0),(78994,'/api/org/user/list',111,'获取人员列表','POST','-','2019-01-16 23:41:42','org','192.168.1.13',0),(78993,'/api/systemSetup/dictionaries/get',111,'获取字典','GET','id=-6&rnd=0.601106549908681','2019-01-16 23:41:42','systemSetup','192.168.1.13',0),(78992,'/api/audit/programme/get',111,'获取审核方案','GET','id=127&rnd=0.07243887889596734','2019-01-16 23:41:42','audit','192.168.1.13',0),(78991,'/api/systemSetup/dictionaries/get',111,'获取字典','GET','id=-5&rnd=0.7013417136326188','2019-01-16 23:41:41','systemSetup','192.168.1.13',0),(78989,'/api/systemSetup/dictionaries/get',-1,'获取字典','GET','id=-2&rnd=0.3193530258878863','2019-01-16 23:41:40','systemSetup','192.168.1.20',0),(78990,'/api/systemSetup/dictionaries/get',-1,'获取字典','GET','id=-2&rnd=0.90262992224926','2019-01-16 23:41:40','systemSetup','192.168.1.20',0),(78988,'/api/audit/programme/list',111,'获取审核方案列表','POST','-','2019-01-16 23:41:40','audit','192.168.1.13',0),(78987,'/api/audit/programme/add',111,'添加审核方案','POST','-','2019-01-16 23:41:40','audit','192.168.1.13',0),(78986,'/api/systemSetup/menu/all',-1,'获取全部菜单','POST','-','2019-01-16 23:41:37','systemSetup','192.168.1.20',0),(78985,'/api/org/user/list',111,'获取人员列表','POST','-','2019-01-16 23:41:31','org','192.168.1.13',0),(78984,'/api/systemSetup/dictionaries/get',111,'获取字典','GET','id=-6&rnd=0.3368989910918645','2019-01-16 23:41:31','systemSetup','192.168.1.13',0),(78982,'/api/systemSetup/dictionaries/get',111,'获取字典','GET','id=-2&rnd=0.16001890560249166','2019-01-16 23:41:31','systemSetup','192.168.1.13',0),(78983,'/api/audit/programme/get',111,'获取审核方案','GET','id=127&rnd=0.332953511841797','2019-01-16 23:41:31','audit','192.168.1.13',0),(78981,'/api/systemSetup/dictionaries/get',111,'获取字典','GET','id=-5&rnd=0.5676936988475658','2019-01-16 23:41:30','systemSetup','192.168.1.13',0),(78980,'/api/systemSetup/dictionaries/list',-1,'获取字典列表','POST','-','2019-01-16 23:41:27','systemSetup','192.168.1.20',0),(78979,'/api/systemSetup/dictionaries/list',-1,'获取字典列表','POST','-','2019-01-16 23:41:27','systemSetup','192.168.1.20',0),(78978,'/api/systemSetup/dictionaries/edit',-1,'编辑字典','PUT','-','2019-01-16 23:41:26','systemSetup','192.168.1.20',0),(78977,'/api/audit/programme/list',111,'获取审核方案列表','POST','-','2019-01-16 23:41:25','audit','192.168.1.13',0),(78976,'/api/audit/programme/add',111,'添加审核方案','POST','-','2019-01-16 23:41:25','audit','192.168.1.13',0),(78975,'/api/systemSetup/dictionaries/get',-1,'获取字典','GET','id=-1&rnd=0.7485706392221745','2019-01-16 23:41:25','systemSetup','192.168.1.20',0),(78974,'/api/systemSetup/dictionaries/get',-1,'获取字典','GET','id=-1&rnd=0.6579817065657971','2019-01-16 23:41:24','systemSetup','192.168.1.20',0),(78973,'/api/systemSetup/dictionaries/list',-1,'获取字典列表','POST','-','2019-01-16 23:41:22','systemSetup','192.168.1.20',0),(78971,'/api/systemSetup/dictionaries/list',-1,'获取字典列表','POST','-','2019-01-16 23:41:05','systemSetup','192.168.1.20',0),(78972,'/api/systemSetup/dictionaries/list',-1,'获取字典列表','POST','-','2019-01-16 23:41:07','systemSetup','192.168.1.20',0),(78970,'/api/systemSetup/dictionaries/list',-1,'获取字典列表','POST','-','2019-01-16 23:41:05','systemSetup','192.168.1.20',0),(78969,'/api/systemSetup/dictionaries/edit',-1,'编辑字典','PUT','-','2019-01-16 23:41:04','systemSetup','192.168.1.20',0),(78968,'/api/systemSetup/dictionaries/get',-1,'获取字典','GET','id=-1&rnd=0.17824816624969175','2019-01-16 23:41:03','systemSetup','192.168.1.20',0),(78967,'/api/systemSetup/dictionaries/get',-1,'获取字典','GET','id=-1&rnd=0.640896873528187','2019-01-16 23:41:03','systemSetup','192.168.1.20',0),(78965,'/api/org/department/tree',111,'获取部门/结构/网点','GET','parentId=32&rnd=0.6842810194834272','2019-01-16 23:39:43','org','192.168.1.13',0),(78966,'/api/systemSetup/dictionaries/list',-1,'获取字典列表','POST','-','2019-01-16 23:40:59','systemSetup','192.168.1.20',0),(78964,'/api/systemSetup/dictionaries/list',-1,'获取字典列表','POST','-','2019-01-16 23:38:36','systemSetup','192.168.1.20',0),(78963,'/api/systemSetup/dictionaries/list',-1,'获取字典列表','POST','-','2019-01-16 23:38:36','systemSetup','192.168.1.20',0),(78961,'/api/systemSetup/dictionaries/list',-1,'获取字典列表','POST','-','2019-01-16 23:38:36','systemSetup','192.168.1.20',0),(78962,'/api/systemSetup/dictionaries/get',-1,'获取字典','GET','id=-1&rnd=0.008462535073156863','2019-01-16 23:38:36','systemSetup','192.168.1.20',0),(78960,'/api/systemSetup/login/list',-1,'获取人员列表','POST','-','2019-01-16 23:38:31','systemSetup','192.168.1.20',0),(78958,'/api/systemSetup/login/list',-1,'获取人员列表','POST','-','2019-01-16 23:38:31','systemSetup','192.168.1.20',0),(78959,'/api/systemSetup/login/list',-1,'获取人员列表','POST','-','2019-01-16 23:38:31','systemSetup','192.168.1.20',0),(78957,'/api/systemSetup/menu/all',-1,'获取全部菜单','POST','-','2019-01-16 23:38:25','systemSetup','192.168.1.20',0),(78956,'/api/systemSetup/rbac/get',-1,'获取权限','GET','key=admin&rnd=0.33938174978645597','2019-01-16 23:37:45','systemSetup','192.168.1.20',0),(78955,'/api/systemSetup/dictionaries/get',-1,'获取字典','GET','id=-2&rnd=0.1629778037670453','2019-01-16 23:37:41','systemSetup','192.168.1.20',0),(78954,'/api/systemSetup/dictionaries/get',-1,'获取字典','GET','id=-2&rnd=0.8242141792055351','2019-01-16 23:37:40','systemSetup','192.168.1.20',0),(78953,'/api/systemSetup/login/list',-1,'获取人员列表','POST','-','2019-01-16 23:37:33','systemSetup','192.168.1.20',0),(78952,'/api/systemSetup/login/list',-1,'获取人员列表','POST','-','2019-01-16 23:37:33','systemSetup','192.168.1.20',0),(78951,'/api/systemSetup/login/list',-1,'获取人员列表','POST','-','2019-01-16 23:37:33','systemSetup','192.168.1.20',0),(78949,'/api/systemSetup/login/list',-1,'获取人员列表','POST','-','2019-01-16 23:37:29','systemSetup','192.168.1.20',0),(78950,'/api/systemSetup/menu/all',-1,'获取全部菜单','POST','-','2019-01-16 23:37:31','systemSetup','192.168.1.20',0),(78948,'/api/systemSetup/login/list',-1,'获取人员列表','POST','-','2019-01-16 23:37:29','systemSetup','192.168.1.20',0),(78947,'/api/systemSetup/login/list',-1,'获取人员列表','POST','-','2019-01-16 23:37:29','systemSetup','192.168.1.20',0),(78945,'/api/systemSetup/dictionaries/list',-1,'获取字典列表','POST','-','2019-01-16 23:37:03','systemSetup','192.168.1.20',0),(78946,'/api/systemSetup/dictionaries/list',-1,'获取字典列表','POST','-','2019-01-16 23:37:03','systemSetup','192.168.1.20',0),(78944,'/api/systemSetup/dictionaries/list',-1,'获取字典列表','POST','-','2019-01-16 23:37:03','systemSetup','192.168.1.20',0),(78943,'/api/systemSetup/dictionaries/get',-1,'获取字典','GET','id=-1&rnd=0.14298673230825543','2019-01-16 23:37:03','systemSetup','192.168.1.20',0),(78942,'/api/systemSetup/login/list',-1,'获取人员列表','POST','-','2019-01-16 23:37:01','systemSetup','192.168.1.20',0),(78941,'/api/systemSetup/login/list',-1,'获取人员列表','POST','-','2019-01-16 23:37:01','systemSetup','192.168.1.20',0),(78940,'/api/systemSetup/login/list',-1,'获取人员列表','POST','-','2019-01-16 23:37:00','systemSetup','192.168.1.20',0),(78939,'/api/systemSetup/dictionaries/list',-1,'获取字典列表','POST','-','2019-01-16 23:36:58','systemSetup','192.168.1.20',0),(78938,'/api/systemSetup/dictionaries/list',-1,'获取字典列表','POST','-','2019-01-16 23:36:58','systemSetup','192.168.1.20',0),(78937,'/api/systemSetup/dictionaries/get',-1,'获取字典','GET','id=-1&rnd=0.3946038974939443','2019-01-16 23:36:58','systemSetup','192.168.1.20',0),(78936,'/api/systemSetup/dictionaries/list',-1,'获取字典列表','POST','-','2019-01-16 23:36:58','systemSetup','192.168.1.20',0),(78935,'/api/audit/auditReport/list',-1,'获取列表','POST','-','2019-01-16 23:36:53','audit','192.168.1.20',0),(78934,'/api/audit/auditReport/list',-1,'获取列表','POST','-','2019-01-16 23:36:53','audit','192.168.1.20',0),(78933,'/api/audit/auditReport/list',-1,'获取列表','POST','-','2019-01-16 23:36:53','audit','192.168.1.20',0),(78932,'/api/audit/statistical/detailed_total',-1,'统计分析-明细统计','POST','-','2019-01-16 23:36:51','audit','192.168.1.20',0),(78931,'/api/audit/statistical/detailed',-1,'统计分析-明细','POST','-','2019-01-16 23:36:51','audit','192.168.1.20',0),(78930,'/api/org/department/tree',-1,'获取部门/结构/网点','GET','parentId=1&rnd=0.31681144690576657','2019-01-16 23:36:51','org','192.168.1.20',0),(78929,'/api/audit/introduction/list',-1,'获取介绍信列表','POST','-','2019-01-16 23:36:50','audit','192.168.1.20',0),(78928,'/api/audit/introduction/list',-1,'获取介绍信列表','POST','-','2019-01-16 23:36:50','audit','192.168.1.20',0),(78927,'/api/audit/draft/list',-1,'获取工作底稿列表','POST','-','2019-01-16 23:36:48','audit','192.168.1.20',0),(78925,'/api/audit/draft/list',-1,'获取工作底稿列表','POST','-','2019-01-16 23:36:45','audit','192.168.1.20',0),(78926,'/api/audit/draft/list',-1,'获取工作底稿列表','POST','-','2019-01-16 23:36:47','audit','192.168.1.20',0),(78924,'/api/audit/programme/select',-1,'获取审核方案选择列表','POST','-','2019-01-16 23:36:45','audit','192.168.1.20',0),(78923,'/api/audit/programme/select',-1,'获取审核方案选择列表','POST','-','2019-01-16 23:36:45','audit','192.168.1.20',0),(78922,'/api/audit/programme/select',-1,'获取审核方案选择列表','POST','-','2019-01-16 23:36:45','audit','192.168.1.20',0),(78920,'/api/audit/programme/list',-1,'获取审核方案列表','POST','-','2019-01-16 23:36:41','audit','192.168.1.20',0),(78921,'/api/org/department/tree',-1,'获取部门/结构/网点','GET','parentId=1&rnd=0.8119592060927021','2019-01-16 23:36:45','org','192.168.1.20',0),(78919,'/api/audit/programme/get',-1,'获取审核方案','GET','id=125&rnd=0.3521345092118904','2019-01-16 23:36:26','audit','192.168.1.20',0),(78918,'/api/audit/programme/list',-1,'获取审核方案列表','POST','-','2019-01-16 23:36:20','audit','192.168.1.20',0),(78916,'/api/systemSetup/dictionaries/get',-1,'获取字典','GET','id=-2&rnd=0.41365922405165767','2019-01-16 23:36:17','systemSetup','192.168.1.20',0),(78917,'/api/systemSetup/dictionaries/get',-1,'获取字典','GET','id=-2&rnd=0.9412125770677517','2019-01-16 23:36:17','systemSetup','192.168.1.20',0),(78915,'/api/systemSetup/login/list',-1,'获取人员列表','POST','-','2019-01-16 23:35:27','systemSetup','192.168.1.20',0),(78914,'/api/systemSetup/login/list',-1,'获取人员列表','POST','-','2019-01-16 23:35:26','systemSetup','192.168.1.20',0),(78912,'/api/worker/menu/get',-1,'获取菜单','GET','rnd=0.5527757407420437','2019-01-16 23:35:26','worker','192.168.1.20',0),(78913,'/api/systemSetup/login/list',-1,'获取人员列表','POST','-','2019-01-16 23:35:26','systemSetup','192.168.1.20',0),(78911,'/api/systemSetup/dictionaries/get',-1,'获取字典','GET','id=-3&rnd=0.08774233590338532','2019-01-16 23:35:26','systemSetup','192.168.1.20',0),(78909,'/api/systemSetup/dictionaries/get',-1,'获取字典','GET','id=-10&rnd=0.5160675940894062','2019-01-16 23:35:26','systemSetup','192.168.1.20',0),(78910,'/api/systemSetup/dictionaries/get',-1,'获取字典','GET','id=-11&rnd=0.5292371931269313','2019-01-16 23:35:26','systemSetup','192.168.1.20',0),(78908,'/api/systemSetup/dictionaries/get',-1,'获取字典','GET','id=-9&rnd=0.6460349110303176','2019-01-16 23:35:26','systemSetup','192.168.1.20',0),(78907,'/api/systemSetup/dictionaries/get',-1,'获取字典','GET','id=-8&rnd=0.3802051548589569','2019-01-16 23:35:26','systemSetup','192.168.1.20',0),(78905,'/api/systemSetup/dictionaries/get',-1,'获取字典','GET','id=-6&rnd=0.002218825016768511','2019-01-16 23:35:26','systemSetup','192.168.1.20',0),(78906,'/api/systemSetup/dictionaries/get',-1,'获取字典','GET','id=-7&rnd=0.37288660528795226','2019-01-16 23:35:26','systemSetup','192.168.1.20',0),(78904,'/api/systemSetup/dictionaries/get',-1,'获取字典','GET','id=-5&rnd=0.06354004754081322','2019-01-16 23:35:26','systemSetup','192.168.1.20',0),(78903,'/api/systemSetup/dictionaries/get',-1,'获取字典','GET','id=-4&rnd=0.17333582329275554','2019-01-16 23:35:25','systemSetup','192.168.1.20',0),(78901,'/api/systemSetup/dictionaries/get',-1,'获取字典','GET','id=-2&rnd=0.23304206094301705','2019-01-16 23:35:25','systemSetup','192.168.1.20',0),(78902,'/api/systemSetup/dictionaries/get',-1,'获取字典','GET','id=-3&rnd=0.6798502849646784','2019-01-16 23:35:25','systemSetup','192.168.1.20',0),(78900,'/api/systemSetup/dictionaries/get',-1,'获取字典','GET','id=-1&rnd=0.48815027755216045','2019-01-16 23:35:25','systemSetup','192.168.1.20',0),(78899,'/api/worker/user/get',-1,'获取登录员工','PUT','-','2019-01-16 23:35:25','worker','192.168.1.20',0),(78898,'/api/systemSetup/login/list',-1,'获取人员列表','POST','-','2019-01-16 23:33:50','systemSetup','192.168.1.20',0),(78896,'/api/systemSetup/login/add',-1,'添加人员','POST','-','2019-01-16 23:33:49','systemSetup','192.168.1.20',0),(78897,'/api/systemSetup/login/list',-1,'获取人员列表','POST','-','2019-01-16 23:33:50','systemSetup','192.168.1.20',0),(78895,'/api/org/user/list',-1,'获取人员列表','POST','-','2019-01-16 23:33:47','org','192.168.1.20',0),(78894,'/api/org/department/tree',-1,'获取部门/结构/网点','GET','parentId=-1&rnd=0.40009136563566416','2019-01-16 23:33:47','org','192.168.1.20',0),(78893,'/api/org/user/get',-1,'获取人员','GET','id=112&rnd=0.19551866817325902','2019-01-16 23:33:44','org','192.168.1.20',0),(78892,'/api/org/user/list',-1,'获取人员列表','POST','-','2019-01-16 23:33:41','org','192.168.1.20',0),(78891,'/api/org/user/list',-1,'获取人员列表','POST','-','2019-01-16 23:33:33','org','192.168.1.20',0),(78889,'/api/org/user/list',-1,'获取人员列表','POST','-','2019-01-16 23:33:26','org','192.168.1.20',0),(78890,'/api/org/department/tree',-1,'获取部门/结构/网点','GET','parentId=-1&rnd=0.4721701301030654','2019-01-16 23:33:33','org','192.168.1.20',0),(78888,'/api/org/user/list',-1,'获取人员列表','POST','-','2019-01-16 23:33:25','org','192.168.1.20',0),(78887,'/api/org/user/list',-1,'获取人员列表','POST','-','2019-01-16 23:33:25','org','192.168.1.20',0),(78886,'/api/org/user/list',-1,'获取人员列表','POST','-','2019-01-16 23:33:09','org','192.168.1.20',0),(78885,'/api/org/department/tree',-1,'获取部门/结构/网点','GET','parentId=-1&rnd=0.9540360210976013','2019-01-16 23:33:09','org','192.168.1.20',0),(78884,'/api/org/user/list',-1,'获取人员列表','POST','-','2019-01-16 23:32:57','org','192.168.1.20',0),(78882,'/api/org/user/list',-1,'获取人员列表','POST','-','2019-01-16 23:32:54','org','192.168.1.20',0),(78883,'/api/org/user/list',-1,'获取人员列表','POST','-','2019-01-16 23:32:56','org','192.168.1.20',0),(78881,'/api/org/user/list',-1,'获取人员列表','POST','-','2019-01-16 23:32:43','org','192.168.1.20',0),(78880,'/api/org/department/tree',-1,'获取部门/结构/网点','GET','parentId=-1&rnd=0.3755390704897028','2019-01-16 23:32:43','org','192.168.1.20',0),(78879,'/api/org/user/list',-1,'获取人员列表','POST','-','2019-01-16 23:31:33','org','192.168.1.20',0),(78878,'/api/org/department/tree',-1,'获取部门/结构/网点','GET','parentId=1&rnd=0.13185379053347668','2019-01-16 23:31:33','org','192.168.1.20',0),(78877,'/api/org/clause/title',111,'管理办法搜索','GET','title=%E6%88%91%E4%BB%AC%E6%A0%B9%E6%8D%AE%E6%9C%AC%E8%A1%8C%E7%9A%84%E9%87%8D%E7%82%B9%E5%B7%A5%E4%BD%9C%E3%80%81%E7%B0%BF%E5%BC%B1%E7%8E%AF%E8%8A%82%E5%8F%8A%E9%A3%8E%E9%99%A9%E7%82%B9%E7%A1%AE%E5%AE%9A%E5%AE%A1%E8%AE%A1%E8%B0%83%E6%9F%A5%E9%A1%B9%E7%9B%AE%E4%BA%8C%E9%A1%B9%E3%80%82%E5%88%86%E5%88%AB%E6%98%AF%E3%80%8A%E5%AF%B9xxx%E6%94%AF%E8%A1%8C%E9%9B%86%E4%B8%AD%E9%87%87%E8%B4%AD%E7%AE%A1%E7%90%86%E6%83%85%E5%86%B5%E7%9A%84%E8%B0%83%E6%9F%A5%E3%80%8B%E3%80%81%E3%80%8A%E5%AF%B9xx%E6%94%AF%E8%A1%8C%E5%A4%96%E6%B1%87%E6%B3%95%E8%A7%84%E3%80%81%E5%86%85%E6%8E%A7%E5%88%B6%E5%BA%A6%E5%92%8C%E4%B8%9A%E5%8A%A1%E6%93%8D%E4%BD%9C%E8%A7%84%E7%A8%8B%E6%89%A7%E8%A1%8C%E6%83%85%E5%86%B5%E7%9A%84%E8%B0%83%E6%9F%A5%E3%80%8B%E3%80%82&rnd=0.7269165645857603','2019-01-16 23:30:58','org','192.168.1.13',0),(78876,'/api/org/clause/title',111,'管理办法搜索','GET','title=%E6%88%91%E4%BB%AC%E6%A0%B9%E6%8D%AE%E6%9C%AC%E8%A1%8C%E7%9A%84%E9%87%8D%E7%82%B9%E5%B7%A5%E4%BD%9C%E3%80%81%E7%B0%BF%E5%BC%B1%E7%8E%AF%E8%8A%82%E5%8F%8A%E9%A3%8E%E9%99%A9%E7%82%B9%E7%A1%AE%E5%AE%9A%E5%AE%A1%E8%AE%A1%E8%B0%83%E6%9F%A5%E9%A1%B9%E7%9B%AE%E4%BA%8C%E9%A1%B9%E3%80%82%E5%88%86%E5%88%AB%E6%98%AF%E3%80%8A%E5%AF%B9xxx%E6%94%AF%E8%A1%8C%E9%9B%86%E4%B8%AD%E9%87%87%E8%B4%AD%E7%AE%A1%E7%90%86%E6%83%85%E5%86%B5%E7%9A%84%E8%B0%83%E6%9F%A5%E3%80%8B%E3%80%81%E3%80%8A%E5%AF%B9%E7%91%9E%E5%AE%89%E6%94%AF%E8%A1%8C%E5%A4%96%E6%B1%87%E6%B3%95%E8%A7%84%E3%80%81%E5%86%85%E6%8E%A7%E5%88%B6%E5%BA%A6%E5%92%8C%E4%B8%9A%E5%8A%A1%E6%93%8D%E4%BD%9C%E8%A7%84%E7%A8%8B%E6%89%A7%E8%A1%8C%E6%83%85%E5%86%B5%E7%9A%84%E8%B0%83%E6%9F%A5%E3%80%8B%E3%80%82&rnd=0.7941218768108924','2019-01-16 23:30:55','org','192.168.1.13',0),(78875,'/api/org/clause/title',111,'管理办法搜索','GET','title=%E6%88%91%E4%BB%AC%E6%A0%B9%E6%8D%AE%E6%9C%AC%E8%A1%8C%E7%9A%84%E9%87%8D%E7%82%B9%E5%B7%A5%E4%BD%9C%E3%80%81%E7%B0%BF%E5%BC%B1%E7%8E%AF%E8%8A%82%E5%8F%8A%E9%A3%8E%E9%99%A9%E7%82%B9%E7%A1%AE%E5%AE%9A%E5%AE%A1%E8%AE%A1%E8%B0%83%E6%9F%A5%E9%A1%B9%E7%9B%AE%E4%BA%8C%E9%A1%B9%E3%80%82%E5%88%86%E5%88%AB%E6%98%AF%E3%80%8A%E5%AF%B9%E7%91%9E%E5%AE%89%E6%94%AF%E8%A1%8C%E9%9B%86%E4%B8%AD%E9%87%87%E8%B4%AD%E7%AE%A1%E7%90%86%E6%83%85%E5%86%B5%E7%9A%84%E8%B0%83%E6%9F%A5%E3%80%8B%E3%80%81%E3%80%8A%E5%AF%B9%E7%91%9E%E5%AE%89%E6%94%AF%E8%A1%8C%E5%A4%96%E6%B1%87%E6%B3%95%E8%A7%84%E3%80%81%E5%86%85%E6%8E%A7%E5%88%B6%E5%BA%A6%E5%92%8C%E4%B8%9A%E5%8A%A1%E6%93%8D%E4%BD%9C%E8%A7%84%E7%A8%8B%E6%89%A7%E8%A1%8C%E6%83%85%E5%86%B5%E7%9A%84%E8%B0%83%E6%9F%A5%E3%80%8B%E3%80%82&rnd=0.524044870843009','2019-01-16 23:30:51','org','192.168.1.13',0),(78874,'/api/org/user/list',-1,'获取人员列表','POST','-','2019-01-16 23:29:56','org','192.168.1.20',0),(78873,'/api/org/department/tree',-1,'获取部门/结构/网点','GET','parentId=1&rnd=0.4628089923702603','2019-01-16 23:29:56','org','192.168.1.20',0),(78872,'/api/org/user/list',-1,'获取人员列表','POST','-','2019-01-16 23:29:49','org','192.168.1.20',0),(78870,'/api/systemSetup/login/list',-1,'获取人员列表','POST','-','2019-01-16 23:29:41','systemSetup','192.168.1.20',0),(78871,'/api/org/department/tree',-1,'获取部门/结构/网点','GET','parentId=1&rnd=0.15522105153224275','2019-01-16 23:29:49','org','192.168.1.20',0),(78869,'/api/systemSetup/login/list',-1,'获取人员列表','POST','-','2019-01-16 23:29:41','systemSetup','192.168.1.20',0),(78868,'/api/systemSetup/login/list',-1,'获取人员列表','POST','-','2019-01-16 23:29:40','systemSetup','192.168.1.20',0),(78867,'/api/worker/menu/get',-1,'获取菜单','GET','rnd=0.09104782756280416','2019-01-16 23:29:40','worker','192.168.1.20',0),(78866,'/api/systemSetup/dictionaries/get',-1,'获取字典','GET','id=-3&rnd=0.16380902072165138','2019-01-16 23:29:40','systemSetup','192.168.1.20',0),(78864,'/api/systemSetup/dictionaries/get',-1,'获取字典','GET','id=-10&rnd=0.7048836650996508','2019-01-16 23:29:40','systemSetup','192.168.1.20',0),(78865,'/api/systemSetup/dictionaries/get',-1,'获取字典','GET','id=-11&rnd=0.5912530149415194','2019-01-16 23:29:40','systemSetup','192.168.1.20',0),(78863,'/api/systemSetup/dictionaries/get',-1,'获取字典','GET','id=-9&rnd=0.2853433825309144','2019-01-16 23:29:40','systemSetup','192.168.1.20',0),(78862,'/api/systemSetup/dictionaries/get',-1,'获取字典','GET','id=-8&rnd=0.3141355494208502','2019-01-16 23:29:40','systemSetup','192.168.1.20',0),(78861,'/api/systemSetup/dictionaries/get',-1,'获取字典','GET','id=-7&rnd=0.7615247137402308','2019-01-16 23:29:40','systemSetup','192.168.1.20',0),(78860,'/api/systemSetup/dictionaries/get',-1,'获取字典','GET','id=-6&rnd=0.4655125349413476','2019-01-16 23:29:40','systemSetup','192.168.1.20',0),(78859,'/api/systemSetup/dictionaries/get',-1,'获取字典','GET','id=-5&rnd=0.5028130474615555','2019-01-16 23:29:40','systemSetup','192.168.1.20',0),(78858,'/api/systemSetup/dictionaries/get',-1,'获取字典','GET','id=-4&rnd=0.8661431554659436','2019-01-16 23:29:40','systemSetup','192.168.1.20',0),(78857,'/api/systemSetup/dictionaries/get',-1,'获取字典','GET','id=-3&rnd=0.8108972965349506','2019-01-16 23:29:39','systemSetup','192.168.1.20',0),(78856,'/api/systemSetup/dictionaries/get',-1,'获取字典','GET','id=-2&rnd=0.27653204446535606','2019-01-16 23:29:39','systemSetup','192.168.1.20',0),(78855,'/api/systemSetup/dictionaries/get',-1,'获取字典','GET','id=-1&rnd=0.028486094813360063','2019-01-16 23:29:39','systemSetup','192.168.1.20',0),(78854,'/api/worker/user/get',-1,'获取登录员工','PUT','-','2019-01-16 23:29:39','worker','192.168.1.20',0),(78853,'/api/systemSetup/login/list',-1,'获取人员列表','POST','-','2019-01-16 23:29:26','systemSetup','192.168.1.20',0),(78852,'/api/systemSetup/login/list',-1,'获取人员列表','POST','-','2019-01-16 23:29:25','systemSetup','192.168.1.20',0),(78850,'/api/worker/menu/get',-1,'获取菜单','GET','rnd=0.9535213150049391','2019-01-16 23:29:25','worker','192.168.1.20',0),(78851,'/api/systemSetup/login/list',-1,'获取人员列表','POST','-','2019-01-16 23:29:25','systemSetup','192.168.1.20',0),(78849,'/api/systemSetup/dictionaries/get',-1,'获取字典','GET','id=-3&rnd=0.5444731832862271','2019-01-16 23:29:25','systemSetup','192.168.1.20',0),(78848,'/api/systemSetup/dictionaries/get',-1,'获取字典','GET','id=-11&rnd=0.0487386227799258','2019-01-16 23:29:25','systemSetup','192.168.1.20',0),(78847,'/api/systemSetup/dictionaries/get',-1,'获取字典','GET','id=-9&rnd=0.4221826076505566','2019-01-16 23:29:25','systemSetup','192.168.1.20',0),(78846,'/api/systemSetup/dictionaries/get',-1,'获取字典','GET','id=-10&rnd=0.5161290091257973','2019-01-16 23:29:25','systemSetup','192.168.1.20',0),(78845,'/api/systemSetup/dictionaries/get',-1,'获取字典','GET','id=-8&rnd=0.3269195743455322','2019-01-16 23:29:25','systemSetup','192.168.1.20',0),(78844,'/api/systemSetup/dictionaries/get',-1,'获取字典','GET','id=-7&rnd=0.014861997052942888','2019-01-16 23:29:25','systemSetup','192.168.1.20',0),(78842,'/api/systemSetup/dictionaries/get',-1,'获取字典','GET','id=-5&rnd=0.011491961128284434','2019-01-16 23:29:25','systemSetup','192.168.1.20',0),(78843,'/api/systemSetup/dictionaries/get',-1,'获取字典','GET','id=-6&rnd=0.5762929789156299','2019-01-16 23:29:25','systemSetup','192.168.1.20',0),(78840,'/api/systemSetup/dictionaries/get',-1,'获取字典','GET','id=-3&rnd=0.8344814562042742','2019-01-16 23:29:24','systemSetup','192.168.1.20',0),(78841,'/api/systemSetup/dictionaries/get',-1,'获取字典','GET','id=-4&rnd=0.549531395174049','2019-01-16 23:29:24','systemSetup','192.168.1.20',0),(78839,'/api/systemSetup/dictionaries/get',-1,'获取字典','GET','id=-2&rnd=0.8722467825704947','2019-01-16 23:29:24','systemSetup','192.168.1.20',0),(78838,'/api/systemSetup/dictionaries/get',-1,'获取字典','GET','id=-1&rnd=0.9843972163032497','2019-01-16 23:29:24','systemSetup','192.168.1.20',0),(78836,'/api/org/user/list',-1,'获取人员列表','POST','-','2019-01-16 23:28:39','org','192.168.1.20',0),(78837,'/api/worker/user/get',-1,'获取登录员工','PUT','-','2019-01-16 23:29:24','worker','192.168.1.20',0),(78834,'/api/org/user/list',-1,'获取人员列表','POST','-','2019-01-16 23:28:33','org','192.168.1.20',0),(78835,'/api/org/department/tree',-1,'获取部门/结构/网点','GET','parentId=1&rnd=0.15972448512720905','2019-01-16 23:28:38','org','192.168.1.20',0),(78833,'/api/org/department/tree',-1,'获取部门/结构/网点','GET','parentId=1&rnd=0.874994880547797','2019-01-16 23:28:33','org','192.168.1.20',0),(78832,'/api/org/user/list',-1,'获取人员列表','POST','-','2019-01-16 23:27:28','org','192.168.1.20',0),(78831,'/api/org/user/list',-1,'获取人员列表','POST','-','2019-01-16 23:27:25','org','192.168.1.20',0),(78830,'/api/org/user/list',-1,'获取人员列表','POST','-','2019-01-16 23:27:24','org','192.168.1.20',0),(78829,'/api/org/user/list',-1,'获取人员列表','POST','-','2019-01-16 23:27:21','org','192.168.1.20',0),(78827,'/api/org/department/tree',-1,'获取部门/结构/网点','GET','parentId=1&rnd=0.0437332550534939','2019-01-16 23:27:20','org','192.168.1.20',0),(78828,'/api/org/user/list',-1,'获取人员列表','POST','-','2019-01-16 23:27:20','org','192.168.1.20',0),(78826,'/api/org/user/list',-1,'获取人员列表','POST','-','2019-01-16 23:25:57','org','192.168.1.20',0),(78825,'/api/org/department/tree',-1,'获取部门/结构/网点','GET','parentId=1&rnd=0.5679001014422873','2019-01-16 23:25:56','org','192.168.1.20',0),(78824,'/api/org/user/list',-1,'获取人员列表','POST','-','2019-01-16 23:25:52','org','192.168.1.20',0),(78823,'/api/org/department/tree',-1,'获取部门/结构/网点','GET','parentId=1&rnd=0.03589710321460804','2019-01-16 23:25:52','org','192.168.1.20',0),(78822,'/api/org/clause/title',111,'管理办法搜索','GET','title=%E9%93%B6%E8%A1%8C&rnd=0.6036539352828363','2019-01-16 23:24:29','org','192.168.1.13',0),(78821,'/api/org/clause/title',111,'管理办法搜索','GET','title=%E5%95%86%E4%B8%9A%E9%93%B6%E8%A1%8C&rnd=0.24325364713187358','2019-01-16 23:24:25','org','192.168.1.13',0),(78820,'/api/org/clause/title',111,'管理办法搜索','GET','title=%E5%95%86%E4%B8%9A&rnd=0.023817454492278678','2019-01-16 23:24:22','org','192.168.1.13',0),(78819,'/api/org/clause/title',111,'管理办法搜索','GET','title=%E4%B8%AD%E5%9B%BD&rnd=0.6886602238485533','2019-01-16 23:24:03','org','192.168.1.13',0),(78818,'/api/org/user/list',-1,'获取人员列表','POST','-','2019-01-16 23:23:57','org','192.168.1.20',0),(78817,'/api/org/user/list',-1,'获取人员列表','POST','-','2019-01-16 23:23:56','org','192.168.1.20',0),(78816,'/api/org/user/list',-1,'获取人员列表','POST','-','2019-01-16 23:23:55','org','192.168.1.20',0),(78814,'/api/org/user/list',-1,'获取人员列表','POST','-','2019-01-16 23:23:50','org','192.168.1.20',0),(78815,'/api/org/user/list',-1,'获取人员列表','POST','-','2019-01-16 23:23:53','org','192.168.1.20',0),(78812,'/api/systemSetup/login/list',-1,'获取人员列表','POST','-','2019-01-16 23:23:29','systemSetup','192.168.1.20',0),(78813,'/api/org/department/tree',-1,'获取部门/结构/网点','GET','parentId=1&rnd=0.7628826808370373','2019-01-16 23:23:50','org','192.168.1.20',0),(78810,'/api/systemSetup/login/list',-1,'获取人员列表','POST','-','2019-01-16 23:23:29','systemSetup','192.168.1.20',0),(78811,'/api/systemSetup/login/list',-1,'获取人员列表','POST','-','2019-01-16 23:23:29','systemSetup','192.168.1.20',0),(78809,'/api/systemSetup/dictionaries/get',-1,'获取字典','GET','id=-3&rnd=0.0526823164458361','2019-01-16 23:23:29','systemSetup','192.168.1.20',0),(78808,'/api/systemSetup/dictionaries/get',-1,'获取字典','GET','id=-10&rnd=0.5733660833175005','2019-01-16 23:23:29','systemSetup','192.168.1.20',0),(78807,'/api/worker/menu/get',-1,'获取菜单','GET','rnd=0.5837354146645666','2019-01-16 23:23:29','worker','192.168.1.20',0),(78806,'/api/systemSetup/dictionaries/get',-1,'获取字典','GET','id=-11&rnd=0.9278593805810202','2019-01-16 23:23:29','systemSetup','192.168.1.20',0),(78804,'/api/systemSetup/dictionaries/get',-1,'获取字典','GET','id=-8&rnd=0.05724978586278273','2019-01-16 23:23:28','systemSetup','192.168.1.20',0),(78805,'/api/systemSetup/dictionaries/get',-1,'获取字典','GET','id=-9&rnd=0.292598257226389','2019-01-16 23:23:29','systemSetup','192.168.1.20',0),(78803,'/api/systemSetup/dictionaries/get',-1,'获取字典','GET','id=-7&rnd=0.8446594028029897','2019-01-16 23:23:28','systemSetup','192.168.1.20',0),(78802,'/api/systemSetup/dictionaries/get',-1,'获取字典','GET','id=-5&rnd=0.2587235553281857','2019-01-16 23:23:28','systemSetup','192.168.1.20',0),(78801,'/api/systemSetup/dictionaries/get',-1,'获取字典','GET','id=-6&rnd=0.7026872071809094','2019-01-16 23:23:28','systemSetup','192.168.1.20',0),(78800,'/api/systemSetup/dictionaries/get',-1,'获取字典','GET','id=-4&rnd=0.021313476214145366','2019-01-16 23:23:28','systemSetup','192.168.1.20',0),(78799,'/api/systemSetup/dictionaries/get',-1,'获取字典','GET','id=-3&rnd=0.27104468726896536','2019-01-16 23:23:28','systemSetup','192.168.1.20',0),(78798,'/api/systemSetup/dictionaries/get',-1,'获取字典','GET','id=-2&rnd=0.8421649260699666','2019-01-16 23:23:28','systemSetup','192.168.1.20',0),(78796,'/api/worker/user/get',-1,'获取登录员工','PUT','-','2019-01-16 23:23:28','worker','192.168.1.20',0),(78797,'/api/systemSetup/dictionaries/get',-1,'获取字典','GET','id=-1&rnd=0.46683182151386204','2019-01-16 23:23:28','systemSetup','192.168.1.20',0),(78795,'/api/org/department/tree',-1,'获取部门/结构/网点','GET','parentId=1&rnd=0.8031671924659058','2019-01-16 23:23:23','org','192.168.1.20',0),(78794,'/api/org/user/list',-1,'获取人员列表','POST','-','2019-01-16 23:23:23','org','192.168.1.20',0),(78793,'/api/org/department/tree',-1,'获取部门/结构/网点','GET','parentId=1&rnd=0.278910519610704','2019-01-16 23:22:43','org','192.168.1.20',0),(78792,'/api/org/user/list',-1,'获取人员列表','POST','-','2019-01-16 23:22:42','org','192.168.1.20',0),(78790,'/api/org/user/list',-1,'获取人员列表','POST','-','2019-01-16 23:22:39','org','192.168.1.20',0),(78791,'/api/org/user/list',-1,'获取人员列表','POST','-','2019-01-16 23:22:40','org','192.168.1.20',0),(78789,'/api/org/user/list',-1,'获取人员列表','POST','-','2019-01-16 23:22:36','org','192.168.1.20',0),(78788,'/api/org/department/tree',-1,'获取部门/结构/网点','GET','parentId=1&rnd=0.7705759445299571','2019-01-16 23:22:36','org','192.168.1.20',0),(78787,'/api/org/user/list',-1,'获取人员列表','POST','-','2019-01-16 23:20:30','org','192.168.1.20',0),(78785,'/api/org/user/list',-1,'获取人员列表','POST','-','2019-01-16 23:20:23','org','192.168.1.20',0),(78786,'/api/org/user/list',-1,'获取人员列表','POST','-','2019-01-16 23:20:27','org','192.168.1.20',0),(78784,'/api/org/user/list',-1,'获取人员列表','POST','-','2019-01-16 23:20:21','org','192.168.1.20',0),(78783,'/api/org/user/list',-1,'获取人员列表','POST','-','2019-01-16 23:20:21','org','192.168.1.20',0),(78781,'/api/org/department/tree',-1,'获取部门/结构/网点','GET','parentId=1&rnd=0.7845490034254541','2019-01-16 23:20:18','org','192.168.1.20',0),(78782,'/api/org/user/list',-1,'获取人员列表','POST','-','2019-01-16 23:20:18','org','192.168.1.20',0),(78780,'/api/org/user/list',111,'获取人员列表','POST','-','2019-01-16 23:19:33','org','192.168.1.13',0),(78779,'/api/systemSetup/dictionaries/get',111,'获取字典','GET','id=-2&rnd=0.29538303248547004','2019-01-16 23:19:33','systemSetup','192.168.1.13',0),(78778,'/api/systemSetup/dictionaries/get',111,'获取字典','GET','id=-6&rnd=0.5008508975105896','2019-01-16 23:19:33','systemSetup','192.168.1.13',0),(78777,'/api/systemSetup/dictionaries/get',111,'获取字典','GET','id=-5&rnd=0.7323719053852706','2019-01-16 23:19:32','systemSetup','192.168.1.13',0),(78776,'/api/audit/programme/list',111,'获取审核方案列表','POST','-','2019-01-16 23:19:30','audit','192.168.1.13',0),(78775,'/api/worker/user/get',111,'获取登录员工','PUT','-','2019-01-16 23:19:23','worker','192.168.1.13',0),(78774,'/api/worker/user/get',111,'获取登录员工','PUT','-','2019-01-16 23:19:23','worker','192.168.1.13',0),(78772,'/api/org/department/tree',111,'获取部门/结构/网点','GET','parentId=32&rnd=0.7743675373192007','2019-01-16 23:19:18','org','192.168.1.13',0),(78773,'/api/org/notice/list',111,'获取通知公告列表','POST','-','2019-01-16 23:19:18','org','192.168.1.13',0),(78771,'/api/worker/menu/get',111,'获取菜单','GET','rnd=0.8345209482525751','2019-01-16 23:19:17','worker','192.168.1.13',0),(78770,'/api/systemSetup/dictionaries/get',111,'获取字典','GET','id=-11&rnd=0.10218722549809378','2019-01-16 23:19:17','systemSetup','192.168.1.13',0),(78769,'/api/systemSetup/dictionaries/get',111,'获取字典','GET','id=-3&rnd=0.9708798377422874','2019-01-16 23:19:17','systemSetup','192.168.1.13',0),(78768,'/api/systemSetup/dictionaries/get',111,'获取字典','GET','id=-10&rnd=0.5194382804066395','2019-01-16 23:19:17','systemSetup','192.168.1.13',0),(78767,'/api/systemSetup/dictionaries/get',111,'获取字典','GET','id=-9&rnd=0.7370894826436023','2019-01-16 23:19:17','systemSetup','192.168.1.13',0),(78766,'/api/systemSetup/dictionaries/get',111,'获取字典','GET','id=-8&rnd=0.565120828498096','2019-01-16 23:19:17','systemSetup','192.168.1.13',0),(78765,'/api/systemSetup/dictionaries/get',111,'获取字典','GET','id=-7&rnd=0.9337282286455193','2019-01-16 23:19:17','systemSetup','192.168.1.13',0),(78764,'/api/systemSetup/dictionaries/get',111,'获取字典','GET','id=-6&rnd=0.3745703722994296','2019-01-16 23:19:17','systemSetup','192.168.1.13',0),(78762,'/api/systemSetup/dictionaries/get',111,'获取字典','GET','id=-4&rnd=0.9974425996731313','2019-01-16 23:19:17','systemSetup','192.168.1.13',0),(78763,'/api/systemSetup/dictionaries/get',111,'获取字典','GET','id=-5&rnd=0.31921624221677725','2019-01-16 23:19:17','systemSetup','192.168.1.13',0),(78761,'/api/systemSetup/dictionaries/get',111,'获取字典','GET','id=-3&rnd=0.7386773361788537','2019-01-16 23:19:17','systemSetup','192.168.1.13',0),(78760,'/api/systemSetup/dictionaries/get',111,'获取字典','GET','id=-2&rnd=0.6893410601276417','2019-01-16 23:19:17','systemSetup','192.168.1.13',0),(78759,'/api/systemSetup/dictionaries/get',111,'获取字典','GET','id=-1&rnd=0.6193180615759415','2019-01-16 23:19:17','systemSetup','192.168.1.13',0),(78758,'/api/worker/user/get',111,'获取登录员工','PUT','-','2019-01-16 23:19:17','worker','192.168.1.13',0),(78757,'/api/systemSetup/login/list',-1,'获取人员列表','POST','-','2019-01-16 23:18:56','systemSetup','192.168.1.13',0),(78756,'/api/systemSetup/login/list',-1,'获取人员列表','POST','-','2019-01-16 23:18:56','systemSetup','192.168.1.13',0),(78754,'/api/org/notice/list',-1,'获取通知公告列表','POST','-','2019-01-16 23:18:53','org','192.168.1.13',0),(78755,'/api/systemSetup/login/list',-1,'获取人员列表','POST','-','2019-01-16 23:18:55','systemSetup','192.168.1.13',0),(78753,'/api/org/department/tree',-1,'获取部门/结构/网点','GET','parentId=1&rnd=0.3991101336905889','2019-01-16 23:18:53','org','192.168.1.13',0),(78752,'/api/org/user/list',-1,'获取人员列表','POST','-','2019-01-16 23:18:49','org','192.168.1.13',0),(78751,'/api/org/user/list',-1,'获取人员列表','POST','-','2019-01-16 23:17:47','org','192.168.1.20',0),(78750,'/api/org/user/list',-1,'获取人员列表','POST','-','2019-01-16 23:17:45','org','192.168.1.20',0),(78748,'/api/org/user/list',-1,'获取人员列表','POST','-','2019-01-16 23:17:43','org','192.168.1.20',0),(78749,'/api/org/user/list',-1,'获取人员列表','POST','-','2019-01-16 23:17:45','org','192.168.1.20',0),(78746,'/api/org/user/list',-1,'获取人员列表','POST','-','2019-01-16 23:17:38','org','192.168.1.20',0),(78747,'/api/org/department/tree',-1,'获取部门/结构/网点','GET','parentId=1&rnd=0.3930270329078607','2019-01-16 23:17:41','org','192.168.1.20',0),(78745,'/api/systemSetup/login/list',-1,'获取人员列表','POST','-','2019-01-16 23:17:35','systemSetup','192.168.1.20',0),(78744,'/api/systemSetup/login/list',-1,'获取人员列表','POST','-','2019-01-16 23:17:35','systemSetup','192.168.1.20',0),(78743,'/api/systemSetup/login/list',-1,'获取人员列表','POST','-','2019-01-16 23:17:35','systemSetup','192.168.1.20',0),(78742,'/api/org/user/list',-1,'获取人员列表','POST','-','2019-01-16 23:17:14','org','192.168.1.13',0),(78741,'/api/org/user/list',-1,'获取人员列表','POST','-','2019-01-16 23:16:44','org','192.168.1.13',0),(78740,'/api/org/department/tree',-1,'获取部门/结构/网点','GET','parentId=1&rnd=0.5827083673342788','2019-01-16 23:16:43','org','192.168.1.13',0),(78739,'/api/worker/user/get',-1,'获取登录员工','PUT','-','2019-01-16 23:16:41','worker','192.168.1.13',0),(78738,'/api/worker/user/get',-1,'获取登录员工','PUT','-','2019-01-16 23:16:41','worker','192.168.1.13',0),(78737,'/api/org/notice/list',-1,'获取通知公告列表','POST','-','2019-01-16 23:16:00','org','192.168.1.13',0),(78735,'/api/worker/user/get',-1,'获取登录员工','PUT','-','2019-01-16 23:15:57','worker','192.168.1.13',0),(78736,'/api/org/department/tree',-1,'获取部门/结构/网点','GET','parentId=1&rnd=0.8433977685400067','2019-01-16 23:16:00','org','192.168.1.13',0),(78734,'/api/worker/user/get',-1,'获取登录员工','PUT','-','2019-01-16 23:15:57','worker','192.168.1.13',0),(78732,'/api/org/clause/delete',-1,'删除管理办法','DELETE','id=50&rnd=0.7670569953787374','2019-01-16 23:15:49','org','192.168.1.20',0),(78733,'/api/org/clause/list',-1,'获取管理办法列表','POST','-','2019-01-16 23:15:50','org','192.168.1.20',0),(78731,'/api/org/clause/list',-1,'获取管理办法列表','POST','-','2019-01-16 23:15:47','org','192.168.1.20',0),(78730,'/api/org/clause/delete',-1,'删除管理办法','DELETE','id=51&rnd=0.6359970007776872','2019-01-16 23:15:46','org','192.168.1.20',0),(78729,'/api/org/clause/list',-1,'获取管理办法列表','POST','-','2019-01-16 23:15:44','org','192.168.1.20',0),(78728,'/api/org/clause/delete',-1,'删除管理办法','DELETE','id=52&rnd=0.5383793157946819','2019-01-16 23:15:43','org','192.168.1.20',0),(78727,'/api/org/clause/list',-1,'获取管理办法列表','POST','-','2019-01-16 23:15:41','org','192.168.1.20',0),(78726,'/api/org/clause/get',-1,'获取管理办法','GET','id=52&rnd=0.034370505818396735','2019-01-16 23:15:39','org','192.168.1.20',0),(78725,'/api/org/clause/list',-1,'获取管理办法列表','POST','-','2019-01-16 23:15:38','org','192.168.1.20',0),(78724,'/api/org/clause/edit',-1,'编辑管理办法','PUT','-','2019-01-16 23:15:37','org','192.168.1.20',0),(78723,'/api/systemSetup/dictionaries/get',-1,'获取字典','GET','id=-10&rnd=0.7422038461330307','2019-01-16 23:15:32','systemSetup','192.168.1.20',0),(78722,'/api/org/clause/get',-1,'获取管理办法','GET','id=52&rnd=0.46368564345552343','2019-01-16 23:15:32','org','192.168.1.20',0),(78721,'/api/systemSetup/dictionaries/get',-1,'获取字典','GET','id=-4&rnd=0.35928974119787105','2019-01-16 23:15:32','systemSetup','192.168.1.20',0),(78720,'/api/org/clause/list',-1,'获取管理办法列表','POST','-','2019-01-16 23:15:29','org','192.168.1.20',0),(78719,'/api/org/clause/get',-1,'获取管理办法','GET','id=52&rnd=0.06316810654043103','2019-01-16 23:15:27','org','192.168.1.20',0),(78718,'/api/org/clause/list',-1,'获取管理办法列表','POST','-','2019-01-16 23:15:24','org','192.168.1.20',0),(78716,'/api/worker/file/upload',-1,'上传文件','POST','-','2019-01-16 23:14:55','worker','192.168.1.20',0),(78717,'/api/org/clause/edit',-1,'编辑管理办法','PUT','-','2019-01-16 23:15:24','org','192.168.1.20',0),(78715,'/api/systemSetup/dictionaries/get',-1,'获取字典','GET','id=-10&rnd=0.30448537128465736','2019-01-16 23:14:47','systemSetup','192.168.1.20',0),(78714,'/api/org/clause/get',-1,'获取管理办法','GET','id=52&rnd=0.5174899528372106','2019-01-16 23:14:47','org','192.168.1.20',0),(78713,'/api/systemSetup/dictionaries/get',-1,'获取字典','GET','id=-4&rnd=0.8706829449734625','2019-01-16 23:14:46','systemSetup','192.168.1.20',0),(78712,'/api/org/clause/list',-1,'获取管理办法列表','POST','-','2019-01-16 23:14:45','org','192.168.1.20',0),(78710,'/api/org/clause/list',-1,'获取管理办法列表','POST','-','2019-01-16 23:14:39','org','192.168.1.20',0),(78711,'/api/org/clause/get',-1,'获取管理办法','GET','id=52&rnd=0.6259341063517396','2019-01-16 23:14:40','org','192.168.1.20',0),(78709,'/api/org/clause/add',-1,'添加管理办法','POST','-','2019-01-16 23:14:38','org','192.168.1.20',0),(78708,'/api/worker/file/upload',-1,'上传文件','POST','-','2019-01-16 23:14:36','worker','192.168.1.20',0),(78707,'/api/systemSetup/dictionaries/get',-1,'获取字典','GET','id=-10&rnd=0.6156828248175248','2019-01-16 23:14:20','systemSetup','192.168.1.20',0),(78706,'/api/systemSetup/dictionaries/get',-1,'获取字典','GET','id=-4&rnd=0.09440041056262505','2019-01-16 23:14:20','systemSetup','192.168.1.20',0),(78705,'/api/org/clause/list',-1,'获取管理办法列表','POST','-','2019-01-16 23:14:15','org','192.168.1.20',0),(78703,'/api/systemSetup/rbac/edit',-1,'编辑权限','PUT','-','2019-01-16 23:09:41','systemSetup','192.168.1.13',0),(78704,'/api/systemSetup/rbac/get',-1,'获取权限','GET','key=gzy&rnd=0.5941945133536581','2019-01-16 23:09:41','systemSetup','192.168.1.13',0),(78702,'/api/systemSetup/rbac/get',-1,'获取权限','GET','key=gzy&rnd=0.019087146455506687','2019-01-16 23:09:02','systemSetup','192.168.1.13',0),(78701,'/api/org/clause/get',-1,'获取管理办法','GET','id=51&rnd=0.8748868695898482','2019-01-16 23:07:39','org','192.168.1.20',0),(78700,'/api/org/clause/list',-1,'获取管理办法列表','POST','-','2019-01-16 23:07:30','org','192.168.1.20',0),(78698,'/api/worker/file/upload',-1,'上传文件','POST','-','2019-01-16 23:07:27','worker','192.168.1.20',0),(78699,'/api/org/clause/add',-1,'添加管理办法','POST','-','2019-01-16 23:07:29','org','192.168.1.20',0),(78697,'/api/systemSetup/dictionaries/get',-1,'获取字典','GET','id=-10&rnd=0.5898341361184223','2019-01-16 23:07:08','systemSetup','192.168.1.20',0),(78695,'/api/org/clause/list',-1,'获取管理办法列表','POST','-','2019-01-16 23:07:07','org','192.168.1.20',0),(78696,'/api/systemSetup/dictionaries/get',-1,'获取字典','GET','id=-4&rnd=0.3436181005050194','2019-01-16 23:07:08','systemSetup','192.168.1.20',0),(78694,'/api/systemSetup/dictionaries/get',-1,'获取字典','GET','id=-10&rnd=0.46587636300733615','2019-01-16 23:07:03','systemSetup','192.168.1.20',0),(78693,'/api/org/clause/get',-1,'获取管理办法','GET','id=50&rnd=0.49208687606831836','2019-01-16 23:07:03','org','192.168.1.20',0),(78692,'/api/systemSetup/dictionaries/get',-1,'获取字典','GET','id=-4&rnd=0.835698901799711','2019-01-16 23:07:03','systemSetup','192.168.1.20',0),(78690,'/api/org/clause/edit',-1,'编辑管理办法','PUT','-','2019-01-16 23:06:59','org','192.168.1.20',0),(78691,'/api/org/clause/list',-1,'获取管理办法列表','POST','-','2019-01-16 23:07:00','org','192.168.1.20',0),(78689,'/api/systemSetup/dictionaries/get',-1,'获取字典','GET','id=-10&rnd=0.4008095693924978','2019-01-16 23:05:36','systemSetup','192.168.1.20',0),(78687,'/api/systemSetup/dictionaries/get',-1,'获取字典','GET','id=-4&rnd=0.6977543648468236','2019-01-16 23:05:36','systemSetup','192.168.1.20',0),(78688,'/api/org/clause/get',-1,'获取管理办法','GET','id=50&rnd=0.42641700862133103','2019-01-16 23:05:36','org','192.168.1.20',0),(78685,'/api/org/clause/edit',-1,'编辑管理办法','PUT','-','2019-01-16 23:05:33','org','192.168.1.20',0),(78686,'/api/org/clause/list',-1,'获取管理办法列表','POST','-','2019-01-16 23:05:33','org','192.168.1.20',0),(78683,'/api/org/clause/get',-1,'获取管理办法','GET','id=50&rnd=0.18407927488301445','2019-01-16 23:05:25','org','192.168.1.20',0),(78684,'/api/systemSetup/dictionaries/get',-1,'获取字典','GET','id=-10&rnd=0.4177023911455289','2019-01-16 23:05:25','systemSetup','192.168.1.20',0),(78682,'/api/systemSetup/dictionaries/get',-1,'获取字典','GET','id=-4&rnd=0.6377312566635185','2019-01-16 23:05:25','systemSetup','192.168.1.20',0),(78681,'/api/org/clause/list',-1,'获取管理办法列表','POST','-','2019-01-16 23:05:23','org','192.168.1.20',0),(78680,'/api/systemSetup/rbac/get',-1,'获取权限','GET','key=gzy&rnd=0.6063828112770631','2019-01-16 23:05:20','systemSetup','192.168.1.13',0),(78679,'/api/systemSetup/rbac/edit',-1,'编辑权限','PUT','-','2019-01-16 23:05:20','systemSetup','192.168.1.13',0),(78678,'/api/org/clause/get',-1,'获取管理办法','GET','id=50&rnd=0.20876704171693916','2019-01-16 23:05:19','org','192.168.1.20',0),(78677,'/api/org/clause/list',-1,'获取管理办法列表','POST','-','2019-01-16 23:05:16','org','192.168.1.20',0),(78676,'/api/org/clause/get',-1,'获取管理办法','GET','id=50&rnd=0.014613096320728491','2019-01-16 23:05:14','org','192.168.1.20',0),(78674,'/api/systemSetup/rbac/get',-1,'获取权限','GET','key=gzy&rnd=0.3651751927572504','2019-01-16 23:05:11','systemSetup','192.168.1.13',0),(78675,'/api/org/clause/list',-1,'获取管理办法列表','POST','-','2019-01-16 23:05:11','org','192.168.1.20',0),(78673,'/api/systemSetup/dictionaries/get',-1,'获取字典','GET','id=-2&rnd=0.8851382955884559','2019-01-16 23:05:05','systemSetup','192.168.1.13',0),(78671,'/api/org/clause/list',-1,'获取管理办法列表','POST','-','2019-01-16 23:04:46','org','192.168.1.20',0),(78672,'/api/org/clause/get',-1,'获取管理办法','GET','id=50&rnd=0.9057009949076351','2019-01-16 23:04:47','org','192.168.1.20',0),(78670,'/api/org/clause/add',-1,'添加管理办法','POST','-','2019-01-16 23:04:45','org','192.168.1.20',0),(78669,'/api/systemSetup/rbac/get',-1,'获取权限','GET','key=admin&rnd=0.7608197293078167','2019-01-16 23:04:13','systemSetup','192.168.1.13',0),(78668,'/api/systemSetup/rbac/edit',-1,'编辑权限','PUT','-','2019-01-16 23:04:13','systemSetup','192.168.1.13',0),(78667,'/api/systemSetup/rbac/get',-1,'获取权限','GET','key=admin&rnd=0.0389962857907411','2019-01-16 23:04:07','systemSetup','192.168.1.13',0),(78666,'/api/systemSetup/dictionaries/get',-1,'获取字典','GET','id=-2&rnd=0.43332030609240957','2019-01-16 23:02:54','systemSetup','192.168.1.13',0),(78665,'/api/systemSetup/rbac/get',-1,'获取权限','GET','key=zbkj&rnd=0.746702899916661','2019-01-16 23:02:53','systemSetup','192.168.1.13',0),(78663,'/api/systemSetup/rbac/get',-1,'获取权限','GET','key=lsz&rnd=0.9025735152891305','2019-01-16 23:02:51','systemSetup','192.168.1.13',0),(78664,'/api/systemSetup/dictionaries/get',-1,'获取字典','GET','id=-2&rnd=0.046421239205233666','2019-01-16 23:02:52','systemSetup','192.168.1.13',0),(78662,'/api/systemSetup/dictionaries/get',-1,'获取字典','GET','id=-2&rnd=0.34765862882445786','2019-01-16 23:02:49','systemSetup','192.168.1.13',0),(78660,'/api/systemSetup/dictionaries/get',-1,'获取字典','GET','id=-2&rnd=0.4335069247787373','2019-01-16 23:02:47','systemSetup','192.168.1.13',0),(78661,'/api/systemSetup/rbac/get',-1,'获取权限','GET','key=management&rnd=0.3893636661915745','2019-01-16 23:02:48','systemSetup','192.168.1.13',0),(78659,'/api/systemSetup/rbac/get',-1,'获取权限','GET','key=jsz&rnd=0.7861503061435537','2019-01-16 23:02:46','systemSetup','192.168.1.13',0),(78658,'/api/systemSetup/dictionaries/get',-1,'获取字典','GET','id=-2&rnd=0.24361569835157293','2019-01-16 23:02:44','systemSetup','192.168.1.13',0),(78657,'/api/systemSetup/rbac/get',-1,'获取权限','GET','key=xdy&rnd=0.5050999898248403','2019-01-16 23:02:42','systemSetup','192.168.1.13',0),(78656,'/api/systemSetup/dictionaries/get',-1,'获取字典','GET','id=-2&rnd=0.45084890619035267','2019-01-16 23:02:41','systemSetup','192.168.1.13',0),(78655,'/api/systemSetup/rbac/get',-1,'获取权限','GET','key=fgld&rnd=0.1323795424069114','2019-01-16 23:02:40','systemSetup','192.168.1.13',0),(78653,'/api/systemSetup/rbac/get',-1,'获取权限','GET','key=jsz&rnd=0.6746063743256074','2019-01-16 23:02:36','systemSetup','192.168.1.13',0),(78654,'/api/systemSetup/dictionaries/get',-1,'获取字典','GET','id=-2&rnd=0.030340647767683082','2019-01-16 23:02:37','systemSetup','192.168.1.13',0),(78652,'/api/systemSetup/dictionaries/get',-1,'获取字典','GET','id=-2&rnd=0.7895057529503149','2019-01-16 23:02:35','systemSetup','192.168.1.13',0),(78651,'/api/systemSetup/rbac/get',-1,'获取权限','GET','key=management&rnd=0.47278043362903377','2019-01-16 23:02:33','systemSetup','192.168.1.13',0),(78650,'/api/systemSetup/dictionaries/get',-1,'获取字典','GET','id=-2&rnd=0.535257235402913','2019-01-16 23:02:31','systemSetup','192.168.1.13',0),(78649,'/api/systemSetup/dictionaries/get',-1,'获取字典','GET','id=-4&rnd=0.8823750814811997','2019-01-16 23:02:25','systemSetup','192.168.1.20',0),(78648,'/api/systemSetup/dictionaries/get',-1,'获取字典','GET','id=-10&rnd=0.7167695872326976','2019-01-16 23:02:25','systemSetup','192.168.1.20',0),(78647,'/api/org/clause/list',-1,'获取管理办法列表','POST','-','2019-01-16 23:02:23','org','192.168.1.20',0),(78645,'/api/systemSetup/dictionaries/get',-1,'获取字典','GET','id=-2&rnd=0.9608153029829525','2019-01-16 23:02:21','systemSetup','192.168.1.13',0),(78646,'/api/systemSetup/rbac/get',-1,'获取权限','GET','key=admin&rnd=0.03539888084549481','2019-01-16 23:02:23','systemSetup','192.168.1.13',0),(78643,'/api/org/clause/delete',-1,'删除管理办法','DELETE','id=49&rnd=0.49105753706731514','2019-01-16 23:02:18','org','192.168.1.20',0),(78644,'/api/org/clause/list',-1,'获取管理办法列表','POST','-','2019-01-16 23:02:19','org','192.168.1.20',0),(78641,'/api/org/clause/delete',-1,'删除管理办法','DELETE','id=48&rnd=0.25395334990826757','2019-01-16 23:02:16','org','192.168.1.20',0),(78642,'/api/org/clause/list',-1,'获取管理办法列表','POST','-','2019-01-16 23:02:16','org','192.168.1.20',0),(78640,'/api/org/clause/list',-1,'获取管理办法列表','POST','-','2019-01-16 23:02:09','org','192.168.1.20',0),(78639,'/api/systemSetup/dictionaries/get',-1,'获取字典','GET','id=-10&rnd=0.9063757496500169','2019-01-16 23:02:09','systemSetup','192.168.1.20',0),(78638,'/api/org/department/tree',-1,'获取部门/结构/网点','GET','parentId=1&rnd=0.8084894262814788','2019-01-16 23:02:08','org','192.168.1.20',0),(78637,'/api/org/user/list',-1,'获取人员列表','POST','-','2019-01-16 23:02:07','org','192.168.1.20',0),(78636,'/api/org/department/tree',-1,'获取部门/结构/网点','GET','parentId=1&rnd=0.8806922056998785','2019-01-16 23:02:07','org','192.168.1.20',0),(78635,'/api/org/department/list',-1,'获取部门/结构/网点列表','POST','-','2019-01-16 23:01:04','org','192.168.1.20',0),(78634,'/api/org/department/get',-1,'获取部门/结构/网点','GET','id=32&rnd=0.31459176240192654','2019-01-16 23:00:37','org','192.168.1.20',0),(78633,'/api/org/department/list',-1,'获取部门/结构/网点列表','POST','-','2019-01-16 23:00:31','org','192.168.1.20',0),(78632,'/api/org/department/edit',-1,'编辑部门/结构/网点','PUT','-','2019-01-16 23:00:30','org','192.168.1.20',0),(78631,'/api/org/user/list',-1,'获取人员列表','POST','-','2019-01-16 23:00:21','org','192.168.1.20',0),(78629,'/api/org/user/list',-1,'获取人员列表','POST','-','2019-01-16 23:00:18','org','192.168.1.20',0),(78630,'/api/org/department/tree',-1,'获取部门/结构/网点','GET','parentId=1&rnd=0.6481426604122362','2019-01-16 23:00:18','org','192.168.1.20',0),(78628,'/api/org/user/list',-1,'获取人员列表','POST','-','2019-01-16 23:00:08','org','192.168.1.20',0),(78627,'/api/org/department/tree',-1,'获取部门/结构/网点','GET','parentId=1&rnd=0.5761212963414675','2019-01-16 23:00:00','org','192.168.1.20',0),(78626,'/api/org/user/list',-1,'获取人员列表','POST','-','2019-01-16 23:00:00','org','192.168.1.20',0),(78625,'/api/org/user/list',-1,'获取人员列表','POST','-','2019-01-16 22:59:49','org','192.168.1.20',0),(78624,'/api/org/department/tree',-1,'获取部门/结构/网点','GET','parentId=1&rnd=0.47646502015598124','2019-01-16 22:59:46','org','192.168.1.20',0),(78623,'/api/org/user/list',-1,'获取人员列表','POST','-','2019-01-16 22:59:46','org','192.168.1.20',0),(78622,'/api/org/user/list',-1,'获取人员列表','POST','-','2019-01-16 22:59:37','org','192.168.1.20',0),(78620,'/api/org/user/list',-1,'获取人员列表','POST','-','2019-01-16 22:59:20','org','192.168.1.20',0),(78621,'/api/org/user/list',-1,'获取人员列表','POST','-','2019-01-16 22:59:30','org','192.168.1.20',0),(78619,'/api/org/user/list',-1,'获取人员列表','POST','-','2019-01-16 22:59:19','org','192.168.1.20',0),(78618,'/api/org/department/tree',-1,'获取部门/结构/网点','GET','parentId=1&rnd=0.2719803321626384','2019-01-16 22:59:14','org','192.168.1.20',0),(78617,'/api/org/user/list',-1,'获取人员列表','POST','-','2019-01-16 22:59:14','org','192.168.1.20',0),(78616,'/api/org/department/tree',-1,'获取部门/结构/网点','GET','parentId=1&rnd=0.10628180626988937','2019-01-16 22:59:07','org','192.168.1.20',0),(78615,'/api/org/user/list',-1,'获取人员列表','POST','-','2019-01-16 22:59:07','org','192.168.1.20',0),(78614,'/api/org/department/tree',-1,'获取部门/结构/网点','GET','parentId=1&rnd=0.47141282983606914','2019-01-16 22:58:41','org','192.168.1.20',0),(78613,'/api/org/department/tree',-1,'获取部门/结构/网点','GET','parentId=1&rnd=0.08146891434603187','2019-01-16 22:58:35','org','192.168.1.20',0),(78612,'/api/org/department/tree',-1,'获取部门/结构/网点','GET','parentId=1&rnd=0.8429928233263979','2019-01-16 22:58:17','org','192.168.1.20',0),(78611,'/api/org/department/tree',-1,'获取部门/结构/网点','GET','parentId=1&rnd=0.06112784484312628','2019-01-16 22:58:07','org','192.168.1.20',0),(78610,'/api/org/user/list',-1,'获取人员列表','POST','-','2019-01-16 22:58:07','org','192.168.1.20',0),(78609,'/api/org/department/tree',-1,'获取部门/结构/网点','GET','parentId=1&rnd=0.6607413259341313','2019-01-16 22:56:20','org','192.168.1.20',0),(78608,'/api/org/user/list',-1,'获取人员列表','POST','-','2019-01-16 22:56:20','org','192.168.1.20',0),(78606,'/api/systemSetup/rbac/edit',-1,'编辑权限','PUT','-','2019-01-16 22:55:44','systemSetup','192.168.1.13',0),(78607,'/api/systemSetup/rbac/get',-1,'获取权限','GET','key=admin&rnd=0.12668348720034528','2019-01-16 22:55:44','systemSetup','192.168.1.13',0),(78605,'/api/org/department/tree',-1,'获取部门/结构/网点','GET','parentId=1&rnd=0.08663387624388519','2019-01-16 22:53:33','org','192.168.1.20',0),(78604,'/api/org/user/list',-1,'获取人员列表','POST','-','2019-01-16 22:53:33','org','192.168.1.20',0),(78603,'/api/systemSetup/dictionaries/get',-1,'获取字典','GET','id=-2&rnd=0.04359932314716608','2019-01-16 22:53:30','systemSetup','192.168.1.20',0),(78602,'/api/org/department/get',-1,'获取部门/结构/网点','GET','id=32&rnd=0.14274670338599305','2019-01-16 22:53:30','org','192.168.1.20',0),(78601,'/api/org/department/list',-1,'获取部门/结构/网点列表','POST','-','2019-01-16 22:53:18','org','192.168.1.20',0),(78600,'/api/org/department/tree',-1,'获取部门/结构/网点','GET','parentId=-1&rnd=0.378837332000159','2019-01-16 22:53:18','org','192.168.1.20',0),(78598,'/api/org/user/list',-1,'获取人员列表','POST','-','2019-01-16 22:53:12','org','192.168.1.20',0),(78599,'/api/org/user/get',-1,'获取人员','GET','id=109&rnd=0.6499652493076715','2019-01-16 22:53:15','org','192.168.1.20',0),(78596,'/api/org/user/list',-1,'获取人员列表','POST','-','2019-01-16 22:53:07','org','192.168.1.20',0),(78597,'/api/org/user/list',-1,'获取人员列表','POST','-','2019-01-16 22:53:08','org','192.168.1.20',0),(78595,'/api/org/user/list',-1,'获取人员列表','POST','-','2019-01-16 22:53:06','org','192.168.1.20',0),(78593,'/api/org/user/list',-1,'获取人员列表','POST','-','2019-01-16 22:53:04','org','192.168.1.20',0),(78594,'/api/org/user/list',-1,'获取人员列表','POST','-','2019-01-16 22:53:05','org','192.168.1.20',0),(78592,'/api/org/user/list',-1,'获取人员列表','POST','-','2019-01-16 22:53:03','org','192.168.1.20',0),(78590,'/api/org/user/list',-1,'获取人员列表','POST','-','2019-01-16 22:53:01','org','192.168.1.20',0),(78591,'/api/org/user/list',-1,'获取人员列表','POST','-','2019-01-16 22:53:03','org','192.168.1.20',0),(78589,'/api/org/user/list',-1,'获取人员列表','POST','-','2019-01-16 22:53:00','org','192.168.1.20',0),(78588,'/api/org/user/list',-1,'获取人员列表','POST','-','2019-01-16 22:52:57','org','192.168.1.20',0),(78586,'/api/org/user/list',-1,'获取人员列表','POST','-','2019-01-16 22:52:10','org','192.168.1.20',0),(78587,'/api/org/user/list',-1,'获取人员列表','POST','-','2019-01-16 22:52:55','org','192.168.1.20',0),(78585,'/api/org/user/list',-1,'获取人员列表','POST','-','2019-01-16 22:51:42','org','192.168.1.20',0),(78584,'/api/org/department/tree',-1,'获取部门/结构/网点','GET','parentId=1&rnd=0.11191191470931816','2019-01-16 22:51:42','org','192.168.1.20',0),(78583,'/api/org/department/list',-1,'获取部门/结构/网点列表','POST','-','2019-01-16 22:51:40','org','192.168.1.20',0),(78582,'/api/org/department/tree',-1,'获取部门/结构/网点','GET','parentId=-1&rnd=0.7396203770802692','2019-01-16 22:51:39','org','192.168.1.20',0),(78581,'/api/systemSetup/rbac/get',-1,'获取权限','GET','key=admin&rnd=0.06946364921303783','2019-01-16 22:51:32','systemSetup','192.168.1.13',0),(78580,'/api/systemSetup/rbac/edit',-1,'编辑权限','PUT','-','2019-01-16 22:51:32','systemSetup','192.168.1.13',0),(78579,'/api/systemSetup/rbac/get',-1,'获取权限','GET','key=admin&rnd=0.25117483500305915','2019-01-16 22:51:22','systemSetup','192.168.1.13',0),(78578,'/api/org/user/list',-1,'获取人员列表','POST','-','2019-01-16 22:51:18','org','192.168.1.20',0),(78577,'/api/org/user/list',-1,'获取人员列表','POST','-','2019-01-16 22:51:17','org','192.168.1.20',0),(78575,'/api/systemSetup/rbac/get',-1,'获取权限','GET','key=management&rnd=0.7562316631640849','2019-01-16 22:51:13','systemSetup','192.168.1.13',0),(78576,'/api/systemSetup/dictionaries/get',-1,'获取字典','GET','id=-2&rnd=0.45273043242667477','2019-01-16 22:51:16','systemSetup','192.168.1.13',0),(78574,'/api/systemSetup/dictionaries/get',-1,'获取字典','GET','id=-2&rnd=0.19702054869608743','2019-01-16 22:51:09','systemSetup','192.168.1.13',0),(78573,'/api/org/user/list',-1,'获取人员列表','POST','-','2019-01-16 22:50:49','org','192.168.1.20',0),(78572,'/api/org/user/list',-1,'获取人员列表','POST','-','2019-01-16 22:50:47','org','192.168.1.20',0),(78570,'/api/systemSetup/rbac/get',-1,'获取权限','GET','key=admin&rnd=0.21857361324251','2019-01-16 22:50:12','systemSetup','192.168.1.13',0),(78571,'/api/org/user/list',-1,'获取人员列表','POST','-','2019-01-16 22:50:23','org','192.168.1.20',0),(78568,'/api/org/user/list',-1,'获取人员列表','POST','-','2019-01-16 22:50:09','org','192.168.1.20',0),(78569,'/api/systemSetup/rbac/edit',-1,'编辑权限','PUT','-','2019-01-16 22:50:12','systemSetup','192.168.1.13',0),(78566,'/api/org/user/list',-1,'获取人员列表','POST','-','2019-01-16 22:50:05','org','192.168.1.20',0),(78567,'/api/org/user/list',-1,'获取人员列表','POST','-','2019-01-16 22:50:06','org','192.168.1.20',0),(78565,'/api/org/user/list',-1,'获取人员列表','POST','-','2019-01-16 22:49:57','org','192.168.1.20',0),(78564,'/api/org/user/list',-1,'获取人员列表','POST','-','2019-01-16 22:49:56','org','192.168.1.20',0),(78562,'/api/org/user/list',-1,'获取人员列表','POST','-','2019-01-16 22:49:53','org','192.168.1.20',0),(78563,'/api/org/user/list',-1,'获取人员列表','POST','-','2019-01-16 22:49:54','org','192.168.1.20',0),(78561,'/api/org/user/list',-1,'获取人员列表','POST','-','2019-01-16 22:49:33','org','192.168.1.20',0),(78559,'/api/org/user/list',-1,'获取人员列表','POST','-','2019-01-16 22:47:56','org','192.168.1.20',0),(78560,'/api/org/user/list',-1,'获取人员列表','POST','-','2019-01-16 22:49:32','org','192.168.1.20',0),(78558,'/api/systemSetup/rbac/get',-1,'获取权限','GET','key=admin&rnd=0.47170333928557695','2019-01-16 22:47:55','systemSetup','192.168.1.13',0),(78556,'/api/systemSetup/rbac/edit',-1,'编辑权限','PUT','-','2019-01-16 22:47:55','systemSetup','192.168.1.13',0),(78557,'/api/org/user/list',-1,'获取人员列表','POST','-','2019-01-16 22:47:55','org','192.168.1.20',0),(78555,'/api/org/user/list',-1,'获取人员列表','POST','-','2019-01-16 22:47:54','org','192.168.1.20',0),(78554,'/api/org/user/list',-1,'获取人员列表','POST','-','2019-01-16 22:47:53','org','192.168.1.20',0),(78553,'/api/org/user/list',-1,'获取人员列表','POST','-','2019-01-16 22:47:51','org','192.168.1.20',0),(78552,'/api/systemSetup/rbac/get',-1,'获取权限','GET','key=admin&rnd=0.5757912041997959','2019-01-16 22:47:35','systemSetup','192.168.1.13',0),(78551,'/api/systemSetup/dictionaries/get',-1,'获取字典','GET','id=-2&rnd=0.46929581982143986','2019-01-16 22:47:34','systemSetup','192.168.1.13',0),(78550,'/api/org/user/list',-1,'获取人员列表','POST','-','2019-01-16 22:47:23','org','192.168.1.20',0),(78548,'/api/org/user/edit',-1,'编辑人员','PUT','-','2019-01-16 22:47:03','org','192.168.1.20',0),(78549,'/api/org/user/list',-1,'获取人员列表','POST','-','2019-01-16 22:47:04','org','192.168.1.20',0),(78547,'/api/org/user/get',-1,'获取人员','GET','id=-1&rnd=0.6728820746322228','2019-01-16 22:46:57','org','192.168.1.20',0),(78545,'/api/org/department/tree',-1,'获取部门/结构/网点','GET','parentId=1&rnd=0.1434116127114018','2019-01-16 22:46:50','org','192.168.1.20',0),(78546,'/api/org/user/list',-1,'获取人员列表','POST','-','2019-01-16 22:46:50','org','192.168.1.20',0),(78543,'/api/org/department/list',-1,'获取部门/结构/网点列表','POST','-','2019-01-16 22:46:43','org','192.168.1.20',0),(78544,'/api/org/department/list',-1,'获取部门/结构/网点列表','POST','-','2019-01-16 22:46:45','org','192.168.1.20',0),(78542,'/api/org/department/tree',-1,'获取部门/结构/网点','GET','parentId=1&rnd=0.9014491451196411','2019-01-16 22:45:43','org','192.168.1.20',0),(78541,'/api/org/department/list',-1,'获取部门/结构/网点列表','POST','-','2019-01-16 22:45:35','org','192.168.1.20',0),(78539,'/api/org/user/list',-1,'获取人员列表','POST','-','2019-01-16 22:45:22','org','192.168.1.20',0),(78540,'/api/org/department/tree',-1,'获取部门/结构/网点','GET','parentId=-1&rnd=0.7271366088077214','2019-01-16 22:45:35','org','192.168.1.20',0),(78538,'/api/org/user/list',-1,'获取人员列表','POST','-','2019-01-16 22:45:21','org','192.168.1.20',0),(78537,'/api/org/user/list',-1,'获取人员列表','POST','-','2019-01-16 22:45:20','org','192.168.1.20',0),(78535,'/api/org/user/list',-1,'获取人员列表','POST','-','2019-01-16 22:45:17','org','192.168.1.20',0),(78536,'/api/org/user/list',-1,'获取人员列表','POST','-','2019-01-16 22:45:19','org','192.168.1.20',0),(78533,'/api/org/user/list',-1,'获取人员列表','POST','-','2019-01-16 22:45:14','org','192.168.1.20',0),(78534,'/api/org/user/list',-1,'获取人员列表','POST','-','2019-01-16 22:45:14','org','192.168.1.20',0),(78532,'/api/org/user/list',-1,'获取人员列表','POST','-','2019-01-16 22:45:10','org','192.168.1.20',0),(78531,'/api/org/user/list',-1,'获取人员列表','POST','-','2019-01-16 22:45:08','org','192.168.1.20',0),(78530,'/api/org/user/import',-1,'人员导入数据','GET','fileId=661&departmentId=42&rnd=0.9250668919627638','2019-01-16 22:45:07','org','192.168.1.20',0),(78529,'/api/worker/file/upload',-1,'上传文件','POST','-','2019-01-16 22:45:03','worker','192.168.1.20',0),(78528,'/api/org/user/list',-1,'获取人员列表','POST','-','2019-01-16 22:43:34','org','192.168.1.20',0),(78526,'/api/org/user/import',-1,'人员导入数据','GET','fileId=660&departmentId=41&rnd=0.9542553347108256','2019-01-16 22:43:23','org','192.168.1.20',0),(78527,'/api/org/user/list',-1,'获取人员列表','POST','-','2019-01-16 22:43:23','org','192.168.1.20',0),(78525,'/api/worker/file/upload',-1,'上传文件','POST','-','2019-01-16 22:43:16','worker','192.168.1.20',0),(78524,'/api/systemSetup/rbac/get',-1,'获取权限','GET','key=management&rnd=0.43872270909457045','2019-01-16 22:43:04','systemSetup','192.168.1.13',0),(78523,'/api/systemSetup/rbac/edit',-1,'编辑权限','PUT','-','2019-01-16 22:43:04','systemSetup','192.168.1.13',0),(78522,'/api/systemSetup/rbac/get',-1,'获取权限','GET','key=management&rnd=0.7031954778504954','2019-01-16 22:43:01','systemSetup','192.168.1.13',0),(78521,'/api/systemSetup/dictionaries/get',-1,'获取字典','GET','id=-2&rnd=0.7014103943814667','2019-01-16 22:42:59','systemSetup','192.168.1.13',0),(78520,'/api/systemSetup/rbac/get',-1,'获取权限','GET','key=admin&rnd=0.41154752223391267','2019-01-16 22:42:56','systemSetup','192.168.1.13',0),(78519,'/api/systemSetup/rbac/edit',-1,'编辑权限','PUT','-','2019-01-16 22:42:56','systemSetup','192.168.1.13',0),(78518,'/api/systemSetup/rbac/get',-1,'获取权限','GET','key=admin&rnd=0.4240707184550503','2019-01-16 22:42:51','systemSetup','192.168.1.13',0),(78517,'/api/systemSetup/dictionaries/get',-1,'获取字典','GET','id=-2&rnd=0.2796822262310765','2019-01-16 22:42:50','systemSetup','192.168.1.13',0),(78515,'/api/org/user/list',-1,'获取人员列表','POST','-','2019-01-16 22:42:10','org','192.168.1.20',0),(78516,'/api/systemSetup/dictionaries/get',-1,'获取字典','GET','id=-2&rnd=0.3485457815853048','2019-01-16 22:42:50','systemSetup','192.168.1.13',0),(78513,'/api/org/user/import',-1,'人员导入数据','GET','fileId=659&departmentId=40&rnd=0.9327893003909156','2019-01-16 22:41:55','org','192.168.1.20',0),(78514,'/api/org/user/list',-1,'获取人员列表','POST','-','2019-01-16 22:41:56','org','192.168.1.20',0),(78512,'/api/org/department/tree',-1,'获取部门/结构/网点','GET','parentId=1&rnd=0.13375371841191863','2019-01-16 22:41:43','org','192.168.1.13',0),(78511,'/api/org/user/list',-1,'获取人员列表','POST','-','2019-01-16 22:41:40','org','192.168.1.13',0),(78510,'/api/systemSetup/login/list',-1,'获取人员列表','POST','-','2019-01-16 22:41:37','systemSetup','192.168.1.13',0),(78509,'/api/systemSetup/login/list',-1,'获取人员列表','POST','-','2019-01-16 22:41:37','systemSetup','192.168.1.13',0),(78508,'/api/systemSetup/login/add',-1,'添加人员','POST','-','2019-01-16 22:41:37','systemSetup','192.168.1.13',0),(78507,'/api/org/user/get',-1,'获取人员','GET','id=111&rnd=0.2166435800234534','2019-01-16 22:41:34','org','192.168.1.13',0),(78506,'/api/org/user/list',-1,'获取人员列表','POST','-','2019-01-16 22:41:31','org','192.168.1.13',0),(78505,'/api/worker/file/upload',-1,'上传文件','POST','-','2019-01-16 22:41:28','worker','192.168.1.20',0),(78504,'/api/org/department/tree',-1,'获取部门/结构/网点','GET','parentId=1&rnd=0.5625005025642582','2019-01-16 22:41:23','org','192.168.1.13',0),(78503,'/api/org/user/list',-1,'获取人员列表','POST','-','2019-01-16 22:40:31','org','192.168.1.20',0),(78501,'/api/systemSetup/login/list',-1,'获取人员列表','POST','-','2019-01-16 22:40:15','systemSetup','192.168.1.13',0),(78502,'/api/org/user/list',-1,'获取人员列表','POST','-','2019-01-16 22:40:23','org','192.168.1.13',0),(78500,'/api/systemSetup/login/list',-1,'获取人员列表','POST','-','2019-01-16 22:40:15','systemSetup','192.168.1.13',0),(78499,'/api/systemSetup/login/list',-1,'获取人员列表','POST','-','2019-01-16 22:40:15','systemSetup','192.168.1.13',0),(78498,'/api/worker/menu/get',-1,'获取菜单','GET','rnd=0.42246614153418793','2019-01-16 22:40:13','worker','192.168.1.13',0),(78497,'/api/systemSetup/dictionaries/get',-1,'获取字典','GET','id=-3&rnd=0.873350095571308','2019-01-16 22:40:13','systemSetup','192.168.1.13',0),(78496,'/api/systemSetup/dictionaries/get',-1,'获取字典','GET','id=-11&rnd=0.3166140552049934','2019-01-16 22:40:13','systemSetup','192.168.1.13',0),(78495,'/api/systemSetup/dictionaries/get',-1,'获取字典','GET','id=-10&rnd=0.06214722625636426','2019-01-16 22:40:13','systemSetup','192.168.1.13',0),(78494,'/api/systemSetup/dictionaries/get',-1,'获取字典','GET','id=-9&rnd=0.5445107828542499','2019-01-16 22:40:13','systemSetup','192.168.1.13',0),(78493,'/api/systemSetup/dictionaries/get',-1,'获取字典','GET','id=-8&rnd=0.6821571287971233','2019-01-16 22:40:13','systemSetup','192.168.1.13',0),(78492,'/api/systemSetup/dictionaries/get',-1,'获取字典','GET','id=-7&rnd=0.6382456598887238','2019-01-16 22:40:13','systemSetup','192.168.1.13',0),(78490,'/api/systemSetup/dictionaries/get',-1,'获取字典','GET','id=-5&rnd=0.8471861382129215','2019-01-16 22:40:13','systemSetup','192.168.1.13',0),(78491,'/api/systemSetup/dictionaries/get',-1,'获取字典','GET','id=-6&rnd=0.7103540246273639','2019-01-16 22:40:13','systemSetup','192.168.1.13',0),(78489,'/api/systemSetup/dictionaries/get',-1,'获取字典','GET','id=-4&rnd=0.5970736947625748','2019-01-16 22:40:13','systemSetup','192.168.1.13',0),(78488,'/api/systemSetup/dictionaries/get',-1,'获取字典','GET','id=-3&rnd=0.5447372917527968','2019-01-16 22:40:13','systemSetup','192.168.1.13',0),(78487,'/api/systemSetup/dictionaries/get',-1,'获取字典','GET','id=-2&rnd=0.1526239511975298','2019-01-16 22:40:13','systemSetup','192.168.1.13',0),(78486,'/api/systemSetup/dictionaries/get',-1,'获取字典','GET','id=-1&rnd=0.18786446399155143','2019-01-16 22:40:12','systemSetup','192.168.1.13',0),(78485,'/api/worker/user/get',-1,'获取登录员工','PUT','-','2019-01-16 22:40:12','worker','192.168.1.13',0),(78484,'/api/org/user/list',-1,'获取人员列表','POST','-','2019-01-16 22:40:02','org','192.168.1.20',0),(78483,'/api/org/user/import',-1,'人员导入数据','GET','fileId=658&departmentId=39&rnd=0.9620062758443246','2019-01-16 22:40:02','org','192.168.1.20',0),(78482,'/api/org/department/tree',-1,'获取部门/结构/网点','GET','parentId=1&rnd=0.6355532959497434','2019-01-16 22:40:00','org','192.168.1.13',0),(78480,'/api/org/user/list',-1,'获取人员列表','POST','-','2019-01-16 22:39:57','org','192.168.1.13',0),(78481,'/api/worker/file/upload',-1,'上传文件','POST','-','2019-01-16 22:39:57','worker','192.168.1.20',0),(78479,'/api/systemSetup/login/list',-1,'获取人员列表','POST','-','2019-01-16 22:39:56','systemSetup','192.168.1.13',0),(78478,'/api/systemSetup/login/delete',-1,'删除人员','DELETE','userCode=127748&rnd=0.1395237207528799','2019-01-16 22:39:56','systemSetup','192.168.1.13',0),(78477,'/api/systemSetup/login/list',-1,'获取人员列表','POST','-','2019-01-16 22:39:54','systemSetup','192.168.1.13',0),(78476,'/api/systemSetup/login/edit',-1,'编辑人员','PUT','-','2019-01-16 22:39:53','systemSetup','192.168.1.13',0),(78475,'/api/systemSetup/login/list',-1,'获取人员列表','POST','-','2019-01-16 22:39:50','systemSetup','192.168.1.13',0),(78474,'/api/systemSetup/login/list',-1,'获取人员列表','POST','-','2019-01-16 22:39:50','systemSetup','192.168.1.13',0),(78473,'/api/systemSetup/login/list',-1,'获取人员列表','POST','-','2019-01-16 22:39:49','systemSetup','192.168.1.13',0),(78472,'/api/org/user/list',-1,'获取人员列表','POST','-','2019-01-16 22:39:43','org','192.168.1.13',0),(78471,'/api/org/department/tree',-1,'获取部门/结构/网点','GET','parentId=1&rnd=0.794794374041947','2019-01-16 22:39:43','org','192.168.1.13',0),(78469,'/api/systemSetup/rbac/get',-1,'获取权限','GET','key=gzy&rnd=0.9728008640073926','2019-01-16 22:39:22','systemSetup','192.168.1.13',0),(78470,'/api/systemSetup/dictionaries/get',-1,'获取字典','GET','id=-2&rnd=0.04681090674638999','2019-01-16 22:39:39','systemSetup','192.168.1.13',0),(78468,'/api/systemSetup/dictionaries/get',-1,'获取字典','GET','id=-2&rnd=0.6558622065374953','2019-01-16 22:39:17','systemSetup','192.168.1.13',0),(78467,'/api/systemSetup/rbac/get',-1,'获取权限','GET','key=management&rnd=0.0721426230662221','2019-01-16 22:39:13','systemSetup','192.168.1.13',0),(78466,'/api/systemSetup/dictionaries/get',-1,'获取字典','GET','id=-2&rnd=0.800908904412948','2019-01-16 22:39:10','systemSetup','192.168.1.13',0),(78465,'/api/systemSetup/rbac/get',-1,'获取权限','GET','key=gzy&rnd=0.07850937222547594','2019-01-16 22:39:08','systemSetup','192.168.1.13',0),(78464,'/api/systemSetup/rbac/edit',-1,'编辑权限','PUT','-','2019-01-16 22:39:08','systemSetup','192.168.1.13',0),(78463,'/api/systemSetup/rbac/get',-1,'获取权限','GET','key=gzy&rnd=0.8903908925025761','2019-01-16 22:38:19','systemSetup','192.168.1.13',0),(78462,'/api/systemSetup/rbac/edit',-1,'编辑权限','PUT','-','2019-01-16 22:38:19','systemSetup','192.168.1.13',0),(78461,'/api/org/user/list',-1,'获取人员列表','POST','-','2019-01-16 22:38:14','org','192.168.1.20',0),(78460,'/api/org/user/list',-1,'获取人员列表','POST','-','2019-01-16 22:38:13','org','192.168.1.20',0),(78459,'/api/org/user/import',-1,'人员导入数据','GET','fileId=657&departmentId=38&rnd=0.13301584393000265','2019-01-16 22:38:12','org','192.168.1.20',0),(78458,'/api/worker/file/upload',-1,'上传文件','POST','-','2019-01-16 22:38:08','worker','192.168.1.20',0),(78457,'/api/systemSetup/rbac/get',-1,'获取权限','GET','key=gzy&rnd=0.950436387540599','2019-01-16 22:37:48','systemSetup','192.168.1.13',0),(78455,'/api/systemSetup/dictionaries/get',-1,'获取字典','GET','id=-2&rnd=0.5013788076444354','2019-01-16 22:37:42','systemSetup','192.168.1.13',0),(78456,'/api/systemSetup/dictionaries/get',-1,'获取字典','GET','id=-2&rnd=0.0657463663982405','2019-01-16 22:37:43','systemSetup','192.168.1.13',0),(78454,'/api/systemSetup/menu/all',-1,'获取全部菜单','POST','-','2019-01-16 22:37:42','systemSetup','192.168.1.13',0),(78453,'/api/org/user/list',-1,'获取人员列表','POST','-','2019-01-16 22:36:51','org','192.168.1.20',0),(78452,'/api/org/user/list',-1,'获取人员列表','POST','-','2019-01-16 22:36:48','org','192.168.1.20',0),(78451,'/api/systemSetup/dictionaries/get',-1,'获取字典','GET','id=-10&rnd=0.9269960199857983','2019-01-16 22:36:48','systemSetup','192.168.1.13',0),(78450,'/api/org/clause/get',-1,'获取管理办法','GET','id=48&rnd=0.8880046258894676','2019-01-16 22:36:48','org','192.168.1.13',0),(78449,'/api/systemSetup/dictionaries/get',-1,'获取字典','GET','id=-4&rnd=0.6944765968622582','2019-01-16 22:36:47','systemSetup','192.168.1.13',0),(78448,'/api/org/clause/list',-1,'获取管理办法列表','POST','-','2019-01-16 22:36:44','org','192.168.1.13',0),(78447,'/api/org/clause/edit',-1,'编辑管理办法','PUT','-','2019-01-16 22:36:43','org','192.168.1.13',0),(78445,'/api/org/clause/get',-1,'获取管理办法','GET','id=48&rnd=0.4092282783244581','2019-01-16 22:36:35','org','192.168.1.13',0),(78446,'/api/systemSetup/dictionaries/get',-1,'获取字典','GET','id=-10&rnd=0.8494598287598736','2019-01-16 22:36:35','systemSetup','192.168.1.13',0),(78444,'/api/systemSetup/dictionaries/get',-1,'获取字典','GET','id=-4&rnd=0.05904037451401423','2019-01-16 22:36:35','systemSetup','192.168.1.13',0),(78443,'/api/org/clause/list',-1,'获取管理办法列表','POST','-','2019-01-16 22:36:33','org','192.168.1.13',0),(78441,'/api/org/clause/list',-1,'获取管理办法列表','POST','-','2019-01-16 22:36:29','org','192.168.1.13',0),(78442,'/api/org/clause/get',-1,'获取管理办法','GET','id=48&rnd=0.4548207343981707','2019-01-16 22:36:31','org','192.168.1.13',0),(78439,'/api/systemSetup/dictionaries/get',-1,'获取字典','GET','id=-10&rnd=0.7574718990986862','2019-01-16 22:36:22','systemSetup','192.168.1.13',0),(78440,'/api/org/clause/edit',-1,'编辑管理办法','PUT','-','2019-01-16 22:36:28','org','192.168.1.13',0),(78437,'/api/systemSetup/dictionaries/get',-1,'获取字典','GET','id=-4&rnd=0.5194408218345481','2019-01-16 22:36:22','systemSetup','192.168.1.13',0),(78438,'/api/org/clause/get',-1,'获取管理办法','GET','id=49&rnd=0.946981428706027','2019-01-16 22:36:22','org','192.168.1.13',0),(78436,'/api/org/clause/list',-1,'获取管理办法列表','POST','-','2019-01-16 22:36:21','org','192.168.1.13',0),(78435,'/api/systemSetup/dictionaries/get',-1,'获取字典','GET','id=-10&rnd=0.8625014149340635','2019-01-16 22:36:20','systemSetup','192.168.1.13',0),(78434,'/api/org/department/tree',-1,'获取部门/结构/网点','GET','parentId=1&rnd=0.8462499279487099','2019-01-16 22:36:20','org','192.168.1.13',0),(78433,'/api/org/user/list',-1,'获取人员列表','POST','-','2019-01-16 22:36:20','org','192.168.1.20',0),(78432,'/api/org/department/get',-1,'获取部门/结构/网点','GET','id=1&rnd=0.28765274124034934','2019-01-16 22:36:03','org','192.168.1.13',0),(78430,'/api/org/department/list',-1,'获取部门/结构/网点列表','POST','-','2019-01-16 22:36:01','org','192.168.1.13',0),(78431,'/api/systemSetup/dictionaries/get',-1,'获取字典','GET','id=-2&rnd=0.20156225880627954','2019-01-16 22:36:03','systemSetup','192.168.1.13',0),(78428,'/api/org/department/list',-1,'获取部门/结构/网点列表','POST','-','2019-01-16 22:35:54','org','192.168.1.13',0),(78429,'/api/org/department/tree',-1,'获取部门/结构/网点','GET','parentId=1&rnd=0.37655218507846033','2019-01-16 22:35:54','org','192.168.1.13',0),(78426,'/api/org/user/list',-1,'获取人员列表','POST','-','2019-01-16 22:35:49','org','192.168.1.20',0),(78427,'/api/org/department/list',-1,'获取部门/结构/网点列表','POST','-','2019-01-16 22:35:49','org','192.168.1.13',0),(78425,'/api/org/user/import',-1,'人员导入数据','GET','fileId=656&departmentId=37&rnd=0.8955793002243502','2019-01-16 22:35:48','org','192.168.1.20',0),(78424,'/api/worker/file/upload',-1,'上传文件','POST','-','2019-01-16 22:35:44','worker','192.168.1.20',0),(78423,'/api/org/department/get',-1,'获取部门/结构/网点','GET','id=42&rnd=0.36036450152036514','2019-01-16 22:35:44','org','192.168.1.13',0),(78422,'/api/systemSetup/dictionaries/get',-1,'获取字典','GET','id=-2&rnd=0.8407807195073236','2019-01-16 22:35:43','systemSetup','192.168.1.13',0),(78421,'/api/org/department/list',-1,'获取部门/结构/网点列表','POST','-','2019-01-16 22:35:40','org','192.168.1.13',0),(78420,'/api/org/department/edit',-1,'编辑部门/结构/网点','PUT','-','2019-01-16 22:35:40','org','192.168.1.13',0),(78419,'/api/org/user/list',-1,'获取人员列表','POST','-','2019-01-16 22:35:31','org','192.168.1.13',0),(78418,'/api/org/department/tree',-1,'获取部门/结构/网点','GET','parentId=1&rnd=0.9719278830394458','2019-01-16 22:35:14','org','192.168.1.13',0),(78417,'/api/org/user/list',-1,'获取人员列表','POST','-','2019-01-16 22:35:13','org','192.168.1.13',0),(78416,'/api/org/user/list',-1,'获取人员列表','POST','-','2019-01-16 22:35:03','org','192.168.1.13',0),(78415,'/api/org/department/tree',-1,'获取部门/结构/网点','GET','parentId=1&rnd=0.37841995505203285','2019-01-16 22:35:03','org','192.168.1.13',0),(78414,'/api/org/user/list',-1,'获取人员列表','POST','-','2019-01-16 22:34:28','org','192.168.1.20',0),(78413,'/api/org/user/list',-1,'获取人员列表','POST','-','2019-01-16 22:34:24','org','192.168.1.20',0),(78412,'/api/org/user/import',-1,'人员导入数据','GET','fileId=655&departmentId=36&rnd=0.06300684893393771','2019-01-16 22:34:23','org','192.168.1.20',0),(78411,'/api/worker/file/upload',-1,'上传文件','POST','-','2019-01-16 22:34:19','worker','192.168.1.20',0),(78410,'/api/org/user/list',-1,'获取人员列表','POST','-','2019-01-16 22:34:15','org','192.168.1.13',0),(78409,'/api/org/user/list',-1,'获取人员列表','POST','-','2019-01-16 22:34:12','org','192.168.1.20',0),(78407,'/api/org/user/list',-1,'获取人员列表','POST','-','2019-01-16 22:34:08','org','192.168.1.13',0),(78408,'/api/org/user/list',-1,'获取人员列表','POST','-','2019-01-16 22:34:11','org','192.168.1.20',0),(78406,'/api/org/user/list',-1,'获取人员列表','POST','-','2019-01-16 22:34:05','org','192.168.1.13',0),(78404,'/api/org/user/list',-1,'获取人员列表','POST','-','2019-01-16 22:34:02','org','192.168.1.13',0),(78405,'/api/org/department/tree',-1,'获取部门/结构/网点','GET','parentId=1&rnd=0.33527768414809644','2019-01-16 22:34:02','org','192.168.1.13',0),(78403,'/api/systemSetup/dictionaries/get',-1,'获取字典','GET','id=-2&rnd=0.7577861689904988','2019-01-16 22:33:02','systemSetup','192.168.1.13',0),(78402,'/api/org/department/get',-1,'获取部门/结构/网点','GET','id=42&rnd=0.9148009247368654','2019-01-16 22:33:02','org','192.168.1.13',0),(78401,'/api/org/department/list',-1,'获取部门/结构/网点列表','POST','-','2019-01-16 22:32:59','org','192.168.1.13',0),(78400,'/api/org/department/tree',-1,'获取部门/结构/网点','GET','parentId=1&rnd=0.9324884376152682','2019-01-16 22:32:55','org','192.168.1.13',0),(78399,'/api/org/user/list',-1,'获取人员列表','POST','-','2019-01-16 22:32:55','org','192.168.1.13',0),(78398,'/api/org/department/get',-1,'获取部门/结构/网点','GET','id=42&rnd=0.4559282972613541','2019-01-16 22:32:19','org','192.168.1.13',0),(78397,'/api/systemSetup/dictionaries/get',-1,'获取字典','GET','id=-2&rnd=0.47487448211241046','2019-01-16 22:32:19','systemSetup','192.168.1.13',0),(78396,'/api/org/department/list',-1,'获取部门/结构/网点列表','POST','-','2019-01-16 22:32:16','org','192.168.1.13',0),(78395,'/api/org/department/tree',-1,'获取部门/结构/网点','GET','parentId=-1&rnd=0.39454114232658566','2019-01-16 22:32:16','org','192.168.1.13',0),(78394,'/api/systemSetup/dictionaries/get',-1,'获取字典','GET','id=-2&rnd=0.009219175933955936','2019-01-16 22:31:59','systemSetup','192.168.1.13',0),(78392,'/api/org/user/list',-1,'获取人员列表','POST','-','2019-01-16 22:31:49','org','192.168.1.20',0),(78393,'/api/systemSetup/dictionaries/get',-1,'获取字典','GET','id=-2&rnd=0.8346397295975265','2019-01-16 22:31:59','systemSetup','192.168.1.13',0),(78390,'/api/org/user/list',-1,'获取人员列表','POST','-','2019-01-16 22:31:47','org','192.168.1.20',0),(78391,'/api/org/user/list',-1,'获取人员列表','POST','-','2019-01-16 22:31:48','org','192.168.1.20',0),(78389,'/api/org/user/list',-1,'获取人员列表','POST','-','2019-01-16 22:31:45','org','192.168.1.20',0),(78388,'/api/org/user/import',-1,'人员导入数据','GET','fileId=654&departmentId=35&rnd=0.006986626723165967','2019-01-16 22:31:45','org','192.168.1.20',0),(78387,'/api/worker/file/upload',-1,'上传文件','POST','-','2019-01-16 22:31:41','worker','192.168.1.20',0),(78386,'/api/org/clause/list',-1,'获取管理办法列表','POST','-','2019-01-16 22:31:07','org','192.168.1.13',0),(78385,'/api/systemSetup/dictionaries/get',-1,'获取字典','GET','id=-10&rnd=0.850402376531268','2019-01-16 22:31:07','systemSetup','192.168.1.13',0),(78384,'/api/org/department/tree',-1,'获取部门/结构/网点','GET','parentId=1&rnd=0.7623867916410967','2019-01-16 22:31:07','org','192.168.1.13',0),(78383,'/api/org/user/list',-1,'获取人员列表','POST','-','2019-01-16 22:31:05','org','192.168.1.13',0),(78382,'/api/org/user/get',-1,'获取人员','GET','id=71&rnd=0.406472572799917','2019-01-16 22:30:49','org','192.168.1.13',0),(78381,'/api/org/user/list',-1,'获取人员列表','POST','-','2019-01-16 22:30:46','org','192.168.1.13',0),(78379,'/api/org/user/get',-1,'获取人员','GET','id=-1&rnd=0.7107319079140948','2019-01-16 22:30:39','org','192.168.1.13',0),(78380,'/api/org/user/list',-1,'获取人员列表','POST','-','2019-01-16 22:30:42','org','192.168.1.20',0),(78378,'/api/org/user/list',-1,'获取人员列表','POST','-','2019-01-16 22:30:33','org','192.168.1.13',0),(78376,'/api/org/user/list',-1,'获取人员列表','POST','-','2019-01-16 22:30:30','org','192.168.1.20',0),(78377,'/api/org/department/tree',-1,'获取部门/结构/网点','GET','parentId=1&rnd=0.817956657459477','2019-01-16 22:30:33','org','192.168.1.13',0),(78375,'/api/org/user/import',-1,'人员导入数据','GET','fileId=653&departmentId=34&rnd=0.9724029430076353','2019-01-16 22:30:29','org','192.168.1.20',0),(78373,'/api/worker/file/upload',-1,'上传文件','POST','-','2019-01-16 22:30:25','worker','192.168.1.20',0),(78374,'/api/systemSetup/dictionaries/get',-1,'获取字典','GET','id=-2&rnd=0.47443006571019697','2019-01-16 22:30:28','systemSetup','192.168.1.13',0),(78372,'/api/systemSetup/rbac/get',-1,'获取权限','GET','key=jsz&rnd=0.5018890981977127','2019-01-16 22:30:21','systemSetup','192.168.1.13',0),(78371,'/api/systemSetup/dictionaries/get',-1,'获取字典','GET','id=-2&rnd=0.8167267391779682','2019-01-16 22:30:19','systemSetup','192.168.1.13',0),(78370,'/api/systemSetup/rbac/get',-1,'获取权限','GET','key=management&rnd=0.2694405072233701','2019-01-16 22:30:13','systemSetup','192.168.1.13',0),(78369,'/api/systemSetup/dictionaries/get',-1,'获取字典','GET','id=-2&rnd=0.7495852621746435','2019-01-16 22:30:02','systemSetup','192.168.1.13',0),(78368,'/api/systemSetup/dictionaries/get',-1,'获取字典','GET','id=-10&rnd=0.977284506440284','2019-01-16 22:30:02','systemSetup','192.168.1.13',0),(78367,'/api/org/clause/get',-1,'获取管理办法','GET','id=48&rnd=0.09843277712601783','2019-01-16 22:30:02','org','192.168.1.13',0),(78366,'/api/systemSetup/dictionaries/get',-1,'获取字典','GET','id=-10&rnd=0.5501528454380396','2019-01-16 22:30:02','systemSetup','192.168.1.13',0),(78365,'/api/systemSetup/dictionaries/get',-1,'获取字典','GET','id=-2&rnd=0.10213008718042227','2019-01-16 22:30:02','systemSetup','192.168.1.13',0),(78364,'/api/systemSetup/dictionaries/get',-1,'获取字典','GET','id=-4&rnd=0.09738561126012657','2019-01-16 22:30:02','systemSetup','192.168.1.13',0),(78363,'/api/org/department/tree',-1,'获取部门/结构/网点','GET','parentId=1&rnd=0.5075741424518865','2019-01-16 22:30:02','org','192.168.1.13',0),(78362,'/api/org/user/list',-1,'获取人员列表','POST','-','2019-01-16 22:29:20','org','192.168.1.20',0),(78361,'/api/org/user/list',-1,'获取人员列表','POST','-','2019-01-16 22:29:18','org','192.168.1.20',0),(78360,'/api/org/user/import',-1,'人员导入数据','GET','fileId=652&departmentId=33&rnd=0.21211815184382776','2019-01-16 22:29:17','org','192.168.1.20',0),(78358,'/api/org/clause/list',-1,'获取管理办法列表','POST','-','2019-01-16 22:28:31','org','192.168.1.13',0),(78359,'/api/worker/file/upload',-1,'上传文件','POST','-','2019-01-16 22:29:13','worker','192.168.1.20',0),(78357,'/api/systemSetup/dictionaries/get',-1,'获取字典','GET','id=-10&rnd=0.7357291352941242','2019-01-16 22:28:31','systemSetup','192.168.1.13',0),(78355,'/api/org/user/list',-1,'获取人员列表','POST','-','2019-01-16 22:28:30','org','192.168.1.13',0),(78356,'/api/org/department/tree',-1,'获取部门/结构/网点','GET','parentId=1&rnd=0.9142478509035652','2019-01-16 22:28:31','org','192.168.1.13',0),(78354,'/api/org/department/tree',-1,'获取部门/结构/网点','GET','parentId=1&rnd=0.9479020670931839','2019-01-16 22:28:30','org','192.168.1.13',0),(78353,'/api/org/user/list',-1,'获取人员列表','POST','-','2019-01-16 22:26:31','org','192.168.1.20',0),(78351,'/api/org/user/get',-1,'获取人员','GET','id=112&rnd=0.47855791244150114','2019-01-16 22:25:56','org','192.168.1.20',0),(78352,'/api/org/user/list',-1,'获取人员列表','POST','-','2019-01-16 22:25:59','org','192.168.1.20',0),(78350,'/api/org/user/list',-1,'获取人员列表','POST','-','2019-01-16 22:25:51','org','192.168.1.20',0),(78349,'/api/org/user/import',-1,'人员导入数据','GET','fileId=651&departmentId=32&rnd=0.0926825730038614','2019-01-16 22:25:50','org','192.168.1.20',0),(78348,'/api/worker/file/upload',-1,'上传文件','POST','-','2019-01-16 22:25:47','worker','192.168.1.20',0),(78347,'/api/org/user/list',-1,'获取人员列表','POST','-','2019-01-16 22:24:50','org','192.168.1.20',0),(78346,'/api/org/user/list',-1,'获取人员列表','POST','-','2019-01-16 22:24:49','org','192.168.1.20',0),(78345,'/api/org/user/list',-1,'获取人员列表','POST','-','2019-01-16 22:24:38','org','192.168.1.20',0),(78344,'/api/org/user/list',-1,'获取人员列表','POST','-','2019-01-16 22:24:36','org','192.168.1.20',0),(78342,'/api/worker/file/upload',-1,'上传文件','POST','-','2019-01-16 22:24:32','worker','192.168.1.20',0),(78343,'/api/org/user/import',-1,'人员导入数据','GET','fileId=650&departmentId=31&rnd=0.647925710556815','2019-01-16 22:24:36','org','192.168.1.20',0),(78341,'/api/org/clause/list',-1,'获取管理办法列表','POST','-','2019-01-16 22:23:48','org','192.168.1.13',0),(78340,'/api/org/clause/edit',-1,'编辑管理办法','PUT','-','2019-01-16 22:23:48','org','192.168.1.13',0),(78339,'/api/systemSetup/dictionaries/get',-1,'获取字典','GET','id=-10&rnd=0.9435591446461198','2019-01-16 22:23:31','systemSetup','192.168.1.13',0),(78338,'/api/org/clause/get',-1,'获取管理办法','GET','id=48&rnd=0.9578110577920835','2019-01-16 22:23:31','org','192.168.1.13',0),(78337,'/api/systemSetup/dictionaries/get',-1,'获取字典','GET','id=-4&rnd=0.23728356645023618','2019-01-16 22:23:31','systemSetup','192.168.1.13',0),(78335,'/api/org/user/list',-1,'获取人员列表','POST','-','2019-01-16 22:23:27','org','192.168.1.20',0),(78336,'/api/org/clause/list',-1,'获取管理办法列表','POST','-','2019-01-16 22:23:29','org','192.168.1.13',0),(78334,'/api/org/clause/get',-1,'获取管理办法','GET','id=48&rnd=0.5245361191633353','2019-01-16 22:23:26','org','192.168.1.13',0),(78332,'/api/org/clause/edit',-1,'编辑管理办法','PUT','-','2019-01-16 22:23:22','org','192.168.1.13',0),(78333,'/api/org/clause/list',-1,'获取管理办法列表','POST','-','2019-01-16 22:23:23','org','192.168.1.13',0),(78331,'/api/org/user/list',-1,'获取人员列表','POST','-','2019-01-16 22:23:21','org','192.168.1.20',0),(78330,'/api/org/user/import',-1,'人员导入数据','GET','fileId=649&departmentId=30&rnd=0.5133543245387608','2019-01-16 22:23:20','org','192.168.1.20',0),(78329,'/api/worker/file/upload',-1,'上传文件','POST','-','2019-01-16 22:23:16','worker','192.168.1.20',0),(78328,'/api/systemSetup/dictionaries/get',-1,'获取字典','GET','id=-10&rnd=0.44759325902521674','2019-01-16 22:23:08','systemSetup','192.168.1.13',0),(78327,'/api/systemSetup/dictionaries/get',-1,'获取字典','GET','id=-4&rnd=0.02043109175179736','2019-01-16 22:23:08','systemSetup','192.168.1.13',0),(78326,'/api/org/clause/get',-1,'获取管理办法','GET','id=48&rnd=0.10431434994808608','2019-01-16 22:23:08','org','192.168.1.13',0),(78325,'/api/org/clause/list',-1,'获取管理办法列表','POST','-','2019-01-16 22:23:04','org','192.168.1.13',0),(78324,'/api/org/clause/edit',-1,'编辑管理办法','PUT','-','2019-01-16 22:23:04','org','192.168.1.13',0),(78323,'/api/org/user/list',-1,'获取人员列表','POST','-','2019-01-16 22:22:22','org','192.168.1.20',0),(78322,'/api/org/user/list',-1,'获取人员列表','POST','-','2019-01-16 22:22:19','org','192.168.1.20',0),(78320,'/api/worker/file/upload',-1,'上传文件','POST','-','2019-01-16 22:22:05','worker','192.168.1.20',0),(78321,'/api/org/user/import',-1,'人员导入数据','GET','fileId=648&departmentId=29&rnd=0.7924385100925901','2019-01-16 22:22:18','org','192.168.1.20',0),(78318,'/api/org/clause/get',-1,'获取管理办法','GET','id=48&rnd=0.19275641446885472','2019-01-16 22:21:16','org','192.168.1.13',0),(78319,'/api/systemSetup/dictionaries/get',-1,'获取字典','GET','id=-10&rnd=0.08387851156552384','2019-01-16 22:21:16','systemSetup','192.168.1.13',0),(78316,'/api/org/clause/list',-1,'获取管理办法列表','POST','-','2019-01-16 22:21:13','org','192.168.1.13',0),(78317,'/api/systemSetup/dictionaries/get',-1,'获取字典','GET','id=-4&rnd=0.14003551922534774','2019-01-16 22:21:16','systemSetup','192.168.1.13',0),(78315,'/api/org/user/list',-1,'获取人员列表','POST','-','2019-01-16 22:21:11','org','192.168.1.20',0),(78314,'/api/systemSetup/dictionaries/get',-1,'获取字典','GET','id=-10&rnd=0.8529952586817697','2019-01-16 22:20:58','systemSetup','192.168.1.13',0),(78313,'/api/org/clause/get',-1,'获取管理办法','GET','id=49&rnd=0.31040656484029694','2019-01-16 22:20:58','org','192.168.1.13',0),(78312,'/api/systemSetup/dictionaries/get',-1,'获取字典','GET','id=-4&rnd=0.005272188637216013','2019-01-16 22:20:58','systemSetup','192.168.1.13',0),(78311,'/api/org/clause/list',-1,'获取管理办法列表','POST','-','2019-01-16 22:20:52','org','192.168.1.13',0),(78310,'/api/org/user/list',-1,'获取人员列表','POST','-','2019-01-16 22:20:51','org','192.168.1.20',0),(78309,'/api/org/user/import',-1,'人员导入数据','GET','fileId=647&departmentId=28&rnd=0.17902760163629172','2019-01-16 22:20:50','org','192.168.1.20',0),(78308,'/api/worker/file/upload',-1,'上传文件','POST','-','2019-01-16 22:20:46','worker','192.168.1.20',0),(78306,'/api/org/clause/list',-1,'获取管理办法列表','POST','-','2019-01-16 22:20:40','org','192.168.1.13',0),(78307,'/api/org/clause/get',-1,'获取管理办法','GET','id=49&rnd=0.5642307164497555','2019-01-16 22:20:44','org','192.168.1.13',0),(78305,'/api/systemSetup/dictionaries/get',-1,'获取字典','GET','id=-10&rnd=0.820571877794791','2019-01-16 22:20:20','systemSetup','192.168.1.13',0),(78304,'/api/org/clause/get',-1,'获取管理办法','GET','id=49&rnd=0.19941148710930934','2019-01-16 22:20:20','org','192.168.1.13',0),(78303,'/api/systemSetup/dictionaries/get',-1,'获取字典','GET','id=-4&rnd=0.7001153728540928','2019-01-16 22:20:20','systemSetup','192.168.1.13',0),(78302,'/api/org/clause/list',-1,'获取管理办法列表','POST','-','2019-01-16 22:20:18','org','192.168.1.13',0),(78300,'/api/org/user/list',-1,'获取人员列表','POST','-','2019-01-16 22:19:30','org','192.168.1.20',0),(78301,'/api/org/user/list',-1,'获取人员列表','POST','-','2019-01-16 22:20:10','org','192.168.1.20',0),(78299,'/api/org/user/import',-1,'人员导入数据','GET','fileId=646&departmentId=27&rnd=0.44069716005843107','2019-01-16 22:19:30','org','192.168.1.20',0),(78298,'/api/worker/file/upload',-1,'上传文件','POST','-','2019-01-16 22:19:26','worker','192.168.1.20',0),(78297,'/api/org/user/list',-1,'获取人员列表','POST','-','2019-01-16 22:18:36','org','192.168.1.20',0),(78295,'/api/org/clause/get',-1,'获取管理办法','GET','id=49&rnd=0.41961027577379517','2019-01-16 22:18:25','org','192.168.1.13',0),(78296,'/api/org/user/list',-1,'获取人员列表','POST','-','2019-01-16 22:18:35','org','192.168.1.20',0),(78293,'/api/org/clause/get',-1,'获取管理办法','GET','id=49&rnd=0.35907160824817774','2019-01-16 22:18:20','org','192.168.1.13',0),(78294,'/api/org/clause/list',-1,'获取管理办法列表','POST','-','2019-01-16 22:18:23','org','192.168.1.13',0),(78292,'/api/org/clause/list',-1,'获取管理办法列表','POST','-','2019-01-16 22:18:15','org','192.168.1.13',0),(78290,'/api/worker/file/upload',-1,'上传文件','POST','-','2019-01-16 22:18:11','worker','192.168.1.13',0),(78291,'/api/org/clause/add',-1,'添加管理办法','POST','-','2019-01-16 22:18:14','org','192.168.1.13',0),(78289,'/api/org/user/list',-1,'获取人员列表','POST','-','2019-01-16 22:17:55','org','192.168.1.20',0),(78288,'/api/systemSetup/dictionaries/get',-1,'获取字典','GET','id=-10&rnd=0.14640084362492733','2019-01-16 22:17:53','systemSetup','192.168.1.13',0),(78286,'/api/org/clause/list',-1,'获取管理办法列表','POST','-','2019-01-16 22:17:42','org','192.168.1.13',0),(78287,'/api/systemSetup/dictionaries/get',-1,'获取字典','GET','id=-4&rnd=0.39225374948629654','2019-01-16 22:17:53','systemSetup','192.168.1.13',0),(78285,'/api/org/user/list',-1,'获取人员列表','POST','-','2019-01-16 22:17:40','org','192.168.1.20',0),(78283,'/api/org/clause/get',-1,'获取管理办法','GET','id=48&rnd=0.0943682721825656','2019-01-16 22:17:39','org','192.168.1.13',0),(78284,'/api/org/user/import',-1,'人员导入数据','GET','fileId=644&departmentId=26&rnd=0.8758014819273123','2019-01-16 22:17:40','org','192.168.1.20',0),(78282,'/api/org/clause/list',-1,'获取管理办法列表','POST','-','2019-01-16 22:17:38','org','192.168.1.13',0),(78281,'/api/worker/file/upload',-1,'上传文件','POST','-','2019-01-16 22:17:36','worker','192.168.1.20',0),(78280,'/api/systemSetup/dictionaries/get',-1,'获取字典','GET','id=-10&rnd=0.044916678523192255','2019-01-16 22:17:34','systemSetup','192.168.1.13',0),(78278,'/api/org/clause/get',-1,'获取管理办法','GET','id=48&rnd=0.12336369769076527','2019-01-16 22:17:34','org','192.168.1.13',0),(78279,'/api/systemSetup/dictionaries/get',-1,'获取字典','GET','id=-4&rnd=0.9306731085283046','2019-01-16 22:17:34','systemSetup','192.168.1.13',0),(78277,'/api/org/clause/list',-1,'获取管理办法列表','POST','-','2019-01-16 22:17:18','org','192.168.1.13',0),(78276,'/api/org/clause/edit',-1,'编辑管理办法','PUT','-','2019-01-16 22:17:17','org','192.168.1.13',0),(78274,'/api/systemSetup/dictionaries/get',-1,'获取字典','GET','id=-10&rnd=0.4508697142679645','2019-01-16 22:16:58','systemSetup','192.168.1.13',0),(78275,'/api/worker/file/upload',-1,'上传文件','POST','-','2019-01-16 22:17:11','worker','192.168.1.13',0),(78273,'/api/org/clause/get',-1,'获取管理办法','GET','id=48&rnd=0.9584750317041546','2019-01-16 22:16:58','org','192.168.1.13',0),(78272,'/api/systemSetup/dictionaries/get',-1,'获取字典','GET','id=-4&rnd=0.31018659263509085','2019-01-16 22:16:58','systemSetup','192.168.1.13',0),(78270,'/api/org/user/list',-1,'获取人员列表','POST','-','2019-01-16 22:16:46','org','192.168.1.20',0),(78271,'/api/org/clause/list',-1,'获取管理办法列表','POST','-','2019-01-16 22:16:53','org','192.168.1.13',0),(78269,'/api/org/user/list',-1,'获取人员列表','POST','-','2019-01-16 22:16:43','org','192.168.1.20',0),(78268,'/api/org/user/import',-1,'人员导入数据','GET','fileId=642&departmentId=25&rnd=0.317400369858883','2019-01-16 22:16:43','org','192.168.1.20',0),(78267,'/api/worker/file/upload',-1,'上传文件','POST','-','2019-01-16 22:16:39','worker','192.168.1.20',0),(78265,'/api/org/clause/list',-1,'获取管理办法列表','POST','-','2019-01-16 22:16:21','org','192.168.1.13',0),(78266,'/api/org/clause/get',-1,'获取管理办法','GET','id=48&rnd=0.3103495883063747','2019-01-16 22:16:23','org','192.168.1.13',0),(78264,'/api/org/clause/get',-1,'获取管理办法','GET','id=48&rnd=0.7824804801894065','2019-01-16 22:16:01','org','192.168.1.13',0),(78262,'/api/org/clause/add',-1,'添加管理办法','POST','-','2019-01-16 22:15:59','org','192.168.1.13',0),(78263,'/api/org/clause/list',-1,'获取管理办法列表','POST','-','2019-01-16 22:15:59','org','192.168.1.13',0),(78260,'/api/org/user/list',-1,'获取人员列表','POST','-','2019-01-16 22:15:46','org','192.168.1.20',0),(78261,'/api/worker/file/upload',-1,'上传文件','POST','-','2019-01-16 22:15:57','worker','192.168.1.13',0),(78259,'/api/org/user/list',-1,'获取人员列表','POST','-','2019-01-16 22:15:42','org','192.168.1.20',0),(78258,'/api/org/user/import',-1,'人员导入数据','GET','fileId=640&departmentId=24&rnd=0.7574763601062067','2019-01-16 22:15:42','org','192.168.1.20',0),(78256,'/api/systemSetup/dictionaries/get',-1,'获取字典','GET','id=-10&rnd=0.8183707989778375','2019-01-16 22:15:12','systemSetup','192.168.1.13',0),(78257,'/api/worker/file/upload',-1,'上传文件','POST','-','2019-01-16 22:15:37','worker','192.168.1.20',0),(78254,'/api/org/user/list',-1,'获取人员列表','POST','-','2019-01-16 22:14:50','org','192.168.1.20',0),(78255,'/api/systemSetup/dictionaries/get',-1,'获取字典','GET','id=-4&rnd=0.6328350343514739','2019-01-16 22:15:12','systemSetup','192.168.1.13',0),(78253,'/api/org/user/list',-1,'获取人员列表','POST','-','2019-01-16 22:14:50','org','192.168.1.20',0),(78252,'/api/org/clause/list',-1,'获取管理办法列表','POST','-','2019-01-16 22:14:35','org','192.168.1.13',0),(78251,'/api/systemSetup/dictionaries/get',-1,'获取字典','GET','id=-10&rnd=0.8740632700259789','2019-01-16 22:14:32','systemSetup','192.168.1.13',0),(78250,'/api/systemSetup/dictionaries/get',-1,'获取字典','GET','id=-4&rnd=0.6209903202495222','2019-01-16 22:14:32','systemSetup','192.168.1.13',0),(78248,'/api/systemSetup/dictionaries/get',-1,'获取字典','GET','id=-10&rnd=0.8093625340320907','2019-01-16 22:14:30','systemSetup','192.168.1.13',0),(78249,'/api/org/clause/list',-1,'获取管理办法列表','POST','-','2019-01-16 22:14:30','org','192.168.1.13',0),(78247,'/api/org/department/tree',-1,'获取部门/结构/网点','GET','parentId=1&rnd=0.050419605302661985','2019-01-16 22:14:30','org','192.168.1.13',0),(78246,'/api/org/user/list',-1,'获取人员列表','POST','-','2019-01-16 22:13:59','org','192.168.1.13',0),(78245,'/api/org/user/list',-1,'获取人员列表','POST','-','2019-01-16 22:13:50','org','192.168.1.13',0),(78244,'/api/org/user/list',-1,'获取人员列表','POST','-','2019-01-16 22:13:41','org','192.168.1.13',0),(78242,'/api/org/user/list',-1,'获取人员列表','POST','-','2019-01-16 22:13:38','org','192.168.1.13',0),(78243,'/api/org/user/list',-1,'获取人员列表','POST','-','2019-01-16 22:13:40','org','192.168.1.13',0),(78241,'/api/org/user/list',-1,'获取人员列表','POST','-','2019-01-16 22:13:37','org','192.168.1.13',0),(78240,'/api/org/user/list',-1,'获取人员列表','POST','-','2019-01-16 22:13:05','org','192.168.1.20',0),(78238,'/api/org/user/import',-1,'人员导入数据','GET','fileId=639&departmentId=23&rnd=0.9533278080965919','2019-01-16 22:13:02','org','192.168.1.20',0),(78239,'/api/org/user/list',-1,'获取人员列表','POST','-','2019-01-16 22:13:02','org','192.168.1.20',0),(78237,'/api/worker/file/upload',-1,'上传文件','POST','-','2019-01-16 22:12:58','worker','192.168.1.20',0),(78235,'/api/org/user/list',-1,'获取人员列表','POST','-','2019-01-16 22:12:15','org','192.168.1.13',0),(78236,'/api/org/user/list',-1,'获取人员列表','POST','-','2019-01-16 22:12:18','org','192.168.1.13',0),(78234,'/api/org/department/tree',-1,'获取部门/结构/网点','GET','parentId=1&rnd=0.8273339503885719','2019-01-16 22:12:15','org','192.168.1.13',0),(78233,'/api/worker/menu/get',-1,'获取菜单','GET','rnd=0.21792469396820047','2019-01-16 22:12:14','worker','192.168.1.13',0),(78232,'/api/systemSetup/dictionaries/get',-1,'获取字典','GET','id=-3&rnd=0.15214032076776451','2019-01-16 22:12:14','systemSetup','192.168.1.13',0),(78231,'/api/systemSetup/dictionaries/get',-1,'获取字典','GET','id=-11&rnd=0.8602159414367878','2019-01-16 22:12:14','systemSetup','192.168.1.13',0),(78229,'/api/systemSetup/dictionaries/get',-1,'获取字典','GET','id=-9&rnd=0.17139377464950334','2019-01-16 22:12:14','systemSetup','192.168.1.13',0),(78230,'/api/systemSetup/dictionaries/get',-1,'获取字典','GET','id=-10&rnd=0.2178791278055756','2019-01-16 22:12:14','systemSetup','192.168.1.13',0),(78228,'/api/systemSetup/dictionaries/get',-1,'获取字典','GET','id=-8&rnd=0.6247335008518355','2019-01-16 22:12:14','systemSetup','192.168.1.13',0),(78227,'/api/systemSetup/dictionaries/get',-1,'获取字典','GET','id=-7&rnd=0.2568235707009505','2019-01-16 22:12:14','systemSetup','192.168.1.13',0),(78226,'/api/systemSetup/dictionaries/get',-1,'获取字典','GET','id=-6&rnd=0.18273916110840238','2019-01-16 22:12:14','systemSetup','192.168.1.13',0),(78225,'/api/systemSetup/dictionaries/get',-1,'获取字典','GET','id=-5&rnd=0.19510076513454155','2019-01-16 22:12:14','systemSetup','192.168.1.13',0),(78224,'/api/systemSetup/dictionaries/get',-1,'获取字典','GET','id=-4&rnd=0.20051542918228482','2019-01-16 22:12:14','systemSetup','192.168.1.13',0),(78223,'/api/systemSetup/dictionaries/get',-1,'获取字典','GET','id=-3&rnd=0.9254901139890999','2019-01-16 22:12:14','systemSetup','192.168.1.13',0),(78222,'/api/systemSetup/dictionaries/get',-1,'获取字典','GET','id=-2&rnd=0.17831070644679836','2019-01-16 22:12:14','systemSetup','192.168.1.13',0),(78221,'/api/systemSetup/dictionaries/get',-1,'获取字典','GET','id=-1&rnd=0.00361735137693997','2019-01-16 22:12:14','systemSetup','192.168.1.13',0),(78219,'/api/org/user/list',-1,'获取人员列表','POST','-','2019-01-16 22:12:10','org','192.168.1.13',0),(78220,'/api/worker/user/get',-1,'获取登录员工','PUT','-','2019-01-16 22:12:13','worker','192.168.1.13',0),(78217,'/api/org/user/list',-1,'获取人员列表','POST','-','2019-01-16 22:12:06','org','192.168.1.13',0),(78218,'/api/org/user/list',-1,'获取人员列表','POST','-','2019-01-16 22:12:09','org','192.168.1.13',0),(78216,'/api/org/user/list',-1,'获取人员列表','POST','-','2019-01-16 22:12:04','org','192.168.1.13',0),(78214,'/api/org/user/list',-1,'获取人员列表','POST','-','2019-01-16 22:12:04','org','192.168.1.13',0),(78215,'/api/org/user/list',-1,'获取人员列表','POST','-','2019-01-16 22:12:04','org','192.168.1.13',0),(78211,'/api/org/user/list',-1,'获取人员列表','POST','-','2019-01-16 22:12:03','org','192.168.1.13',0),(78212,'/api/org/user/list',-1,'获取人员列表','POST','-','2019-01-16 22:12:03','org','192.168.1.20',0),(78213,'/api/org/user/list',-1,'获取人员列表','POST','-','2019-01-16 22:12:03','org','192.168.1.13',0),(78209,'/api/org/user/list',-1,'获取人员列表','POST','-','2019-01-16 22:12:02','org','192.168.1.13',0),(78210,'/api/org/user/list',-1,'获取人员列表','POST','-','2019-01-16 22:12:03','org','192.168.1.13',0),(78208,'/api/org/user/list',-1,'获取人员列表','POST','-','2019-01-16 22:12:01','org','192.168.1.13',0),(78206,'/api/org/user/list',-1,'获取人员列表','POST','-','2019-01-16 22:12:01','org','192.168.1.20',0),(78207,'/api/org/user/list',-1,'获取人员列表','POST','-','2019-01-16 22:12:01','org','192.168.1.13',0),(78205,'/api/org/user/import',-1,'人员导入数据','GET','fileId=638&departmentId=22&rnd=0.6137740386232418','2019-01-16 22:12:00','org','192.168.1.20',0),(78204,'/api/org/user/list',-1,'获取人员列表','POST','-','2019-01-16 22:12:00','org','192.168.1.13',0),(78202,'/api/org/user/list',-1,'获取人员列表','POST','-','2019-01-16 22:11:59','org','192.168.1.13',0),(78203,'/api/org/user/list',-1,'获取人员列表','POST','-','2019-01-16 22:11:59','org','192.168.1.13',0),(78200,'/api/org/user/list',-1,'获取人员列表','POST','-','2019-01-16 22:11:57','org','192.168.1.13',0),(78201,'/api/org/user/list',-1,'获取人员列表','POST','-','2019-01-16 22:11:58','org','192.168.1.13',0),(78198,'/api/org/user/list',-1,'获取人员列表','POST','-','2019-01-16 22:11:55','org','192.168.1.13',0),(78199,'/api/worker/file/upload',-1,'上传文件','POST','-','2019-01-16 22:11:56','worker','192.168.1.20',0),(78197,'/api/org/user/list',-1,'获取人员列表','POST','-','2019-01-16 22:11:51','org','192.168.1.13',0),(78196,'/api/org/department/tree',-1,'获取部门/结构/网点','GET','parentId=1&rnd=0.16336216677833426','2019-01-16 22:11:51','org','192.168.1.13',0),(78195,'/api/worker/menu/get',-1,'获取菜单','GET','rnd=0.7250126403687946','2019-01-16 22:11:50','worker','192.168.1.13',0),(78194,'/api/systemSetup/dictionaries/get',-1,'获取字典','GET','id=-3&rnd=0.07662419414518662','2019-01-16 22:11:50','systemSetup','192.168.1.13',0),(78193,'/api/systemSetup/dictionaries/get',-1,'获取字典','GET','id=-11&rnd=0.19331847720187523','2019-01-16 22:11:50','systemSetup','192.168.1.13',0),(78192,'/api/systemSetup/dictionaries/get',-1,'获取字典','GET','id=-10&rnd=0.7688081860680898','2019-01-16 22:11:50','systemSetup','192.168.1.13',0),(78191,'/api/systemSetup/dictionaries/get',-1,'获取字典','GET','id=-9&rnd=0.6159843125142566','2019-01-16 22:11:50','systemSetup','192.168.1.13',0),(78190,'/api/systemSetup/dictionaries/get',-1,'获取字典','GET','id=-8&rnd=0.35927614572222644','2019-01-16 22:11:50','systemSetup','192.168.1.13',0),(78188,'/api/systemSetup/dictionaries/get',-1,'获取字典','GET','id=-6&rnd=0.185191701576098','2019-01-16 22:11:50','systemSetup','192.168.1.13',0),(78189,'/api/systemSetup/dictionaries/get',-1,'获取字典','GET','id=-7&rnd=0.8091425307742817','2019-01-16 22:11:50','systemSetup','192.168.1.13',0),(78187,'/api/systemSetup/dictionaries/get',-1,'获取字典','GET','id=-5&rnd=0.8660602051662627','2019-01-16 22:11:50','systemSetup','192.168.1.13',0),(78186,'/api/systemSetup/dictionaries/get',-1,'获取字典','GET','id=-4&rnd=0.82040882100921','2019-01-16 22:11:50','systemSetup','192.168.1.13',0),(78185,'/api/systemSetup/dictionaries/get',-1,'获取字典','GET','id=-3&rnd=0.13449729637502705','2019-01-16 22:11:50','systemSetup','192.168.1.13',0),(78184,'/api/systemSetup/dictionaries/get',-1,'获取字典','GET','id=-2&rnd=0.2932034777434098','2019-01-16 22:11:50','systemSetup','192.168.1.13',0),(78183,'/api/systemSetup/dictionaries/get',-1,'获取字典','GET','id=-1&rnd=0.17150463390410264','2019-01-16 22:11:50','systemSetup','192.168.1.13',0),(78182,'/api/worker/user/get',-1,'获取登录员工','PUT','-','2019-01-16 22:11:50','worker','192.168.1.13',0),(78181,'/api/org/user/list',-1,'获取人员列表','POST','-','2019-01-16 22:11:48','org','192.168.1.20',0),(78180,'/api/org/user/list',-1,'获取人员列表','POST','-','2019-01-16 22:11:45','org','192.168.1.20',0),(78179,'/api/org/department/tree',-1,'获取部门/结构/网点','GET','parentId=1&rnd=0.9795034664164981','2019-01-16 22:11:44','org','192.168.1.20',0),(78178,'/api/org/user/list',-1,'获取人员列表','POST','-','2019-01-16 22:11:36','org','192.168.1.13',0),(78177,'/api/org/user/list',-1,'获取人员列表','POST','-','2019-01-16 22:11:35','org','192.168.1.13',0),(78176,'/api/org/user/list',-1,'获取人员列表','POST','-','2019-01-16 22:11:32','org','192.168.1.13',0),(78175,'/api/org/user/list',-1,'获取人员列表','POST','-','2019-01-16 22:11:26','org','192.168.1.13',0),(78174,'/api/org/department/tree',-1,'获取部门/结构/网点','GET','parentId=1&rnd=0.9358987960674117','2019-01-16 22:11:26','org','192.168.1.13',0),(78173,'/api/org/notice/list',-1,'获取通知公告列表','POST','-','2019-01-16 22:11:21','org','192.168.1.13',0),(78172,'/api/org/department/tree',-1,'获取部门/结构/网点','GET','parentId=1&rnd=0.574417763156484','2019-01-16 22:11:20','org','192.168.1.13',0),(78171,'/api/audit/rectify/list',-1,'获取整改通知列表','POST','-','2019-01-16 22:11:10','audit','192.168.1.13',0),(78170,'/api/audit/confirmation/list',-1,'获取事实确认书列表','POST','-','2019-01-16 22:11:10','audit','192.168.1.13',0),(78168,'/api/audit/statistical/get_my_confirmation_by_year',-1,'统计分析-我的年度事实确认书','GET','rnd=0.8899434466137979','2019-01-16 22:11:10','audit','192.168.1.13',0),(78169,'/api/audit/statistical/get_my_punish_notice_by_year',-1,'统计分析-我的年度惩罚通知书','POST','-','2019-01-16 22:11:10','audit','192.168.1.13',0),(78167,'/api/audit/statistical/get_my_behavior_by_year',-1,'统计分析-我的年度违规行为','GET','rnd=0.47006558618260086','2019-01-16 22:11:10','audit','192.168.1.13',0),(78166,'/api/audit/statistical/get_my_score_by_year',-1,'统计分析-我的年度积分','GET','rnd=0.8154229813436111','2019-01-16 22:11:10','audit','192.168.1.13',0),(78165,'/api/audit/statistical/get_top_department',-1,'统计分析-年度排行部门及扣分情况','GET','rnd=0.29641009841991117','2019-01-16 22:11:10','audit','192.168.1.13',0),(78164,'/api/worker/user/get',-1,'获取登录员工','PUT','-','2019-01-16 22:10:55','worker','192.168.1.13',0),(78163,'/api/worker/user/get',-1,'获取登录员工','PUT','-','2019-01-16 22:10:55','worker','192.168.1.13',0),(78162,'/api/worker/user/get',-1,'获取登录员工','PUT','-','2019-01-16 22:10:42','worker','192.168.1.13',0),(78161,'/api/worker/user/get',-1,'获取登录员工','PUT','-','2019-01-16 22:10:42','worker','192.168.1.13',0),(78160,'/api/audit/programme/list',-1,'获取审核方案列表','POST','-','2019-01-16 22:10:41','audit','192.168.1.13',0),(78159,'/api/audit/introduction/list',-1,'获取介绍信列表','POST','-','2019-01-16 22:10:29','audit','192.168.1.13',0),(78158,'/api/audit/introduction/list',-1,'获取介绍信列表','POST','-','2019-01-16 22:10:29','audit','192.168.1.13',0),(78157,'/api/audit/draft/list',-1,'获取工作底稿列表','POST','-','2019-01-16 22:10:27','audit','192.168.1.13',0),(78156,'/api/audit/programme/select',-1,'获取审核方案选择列表','POST','-','2019-01-16 22:10:27','audit','192.168.1.13',0),(78155,'/api/audit/programme/select',-1,'获取审核方案选择列表','POST','-','2019-01-16 22:10:27','audit','192.168.1.13',0),(78154,'/api/audit/programme/select',-1,'获取审核方案选择列表','POST','-','2019-01-16 22:10:27','audit','192.168.1.13',0),(78153,'/api/org/department/tree',-1,'获取部门/结构/网点','GET','parentId=1&rnd=0.5748019898936392','2019-01-16 22:10:27','org','192.168.1.13',0),(78152,'/api/worker/user/get',-1,'获取登录员工','PUT','-','2019-01-16 22:10:21','worker','192.168.1.13',0),(78150,'/api/org/user/list',-1,'获取人员列表','POST','-','2019-01-16 22:10:15','org','192.168.1.13',0),(78151,'/api/worker/user/get',-1,'获取登录员工','PUT','-','2019-01-16 22:10:21','worker','192.168.1.13',0),(78149,'/api/org/department/tree',-1,'获取部门/结构/网点','GET','parentId=1&rnd=0.43668519258930516','2019-01-16 22:10:15','org','192.168.1.13',0),(78148,'/api/org/department/list',-1,'获取部门/结构/网点列表','POST','-','2019-01-16 22:10:12','org','192.168.1.13',0),(78147,'/api/org/department/tree',-1,'获取部门/结构/网点','GET','parentId=-1&rnd=0.8651497667979853','2019-01-16 22:10:11','org','192.168.1.13',0),(78146,'/api/org/notice/list',-1,'获取通知公告列表','POST','-','2019-01-16 22:10:09','org','192.168.1.13',0),(78144,'/api/org/user/list',-1,'获取人员列表','POST','-','2019-01-16 22:09:58','org','192.168.1.13',0),(78145,'/api/org/department/tree',-1,'获取部门/结构/网点','GET','parentId=1&rnd=0.6543545278823344','2019-01-16 22:10:09','org','192.168.1.13',0),(78143,'/api/org/department/tree',-1,'获取部门/结构/网点','GET','parentId=1&rnd=0.018363383177471215','2019-01-16 22:09:57','org','192.168.1.13',0),(78142,'/api/org/department/list',-1,'获取部门/结构/网点列表','POST','-','2019-01-16 22:09:48','org','192.168.1.20',0),(78141,'/api/org/department/add',-1,'添加部门/结构/网点','POST','-','2019-01-16 22:09:47','org','192.168.1.20',0),(78140,'/api/systemSetup/dictionaries/get',-1,'获取字典','GET','id=-2&rnd=0.19899944048868412','2019-01-16 22:09:29','systemSetup','192.168.1.20',0),(78139,'/api/org/clause/list',-1,'获取管理办法列表','POST','-','2019-01-16 22:09:28','org','192.168.1.13',0),(78137,'/api/org/department/tree',-1,'获取部门/结构/网点','GET','parentId=1&rnd=0.7175510525642848','2019-01-16 22:09:27','org','192.168.1.13',0),(78138,'/api/systemSetup/dictionaries/get',-1,'获取字典','GET','id=-10&rnd=0.17249584488786462','2019-01-16 22:09:27','systemSetup','192.168.1.13',0),(78135,'/api/org/department/edit',-1,'编辑部门/结构/网点','PUT','-','2019-01-16 22:09:26','org','192.168.1.20',0),(78136,'/api/org/department/list',-1,'获取部门/结构/网点列表','POST','-','2019-01-16 22:09:27','org','192.168.1.20',0),(78134,'/api/org/user/list',-1,'获取人员列表','POST','-','2019-01-16 22:09:22','org','192.168.1.13',0),(78133,'/api/org/user/get',-1,'获取人员','GET','id=-1&rnd=0.8058446604649381','2019-01-16 22:09:16','org','192.168.1.13',0),(78132,'/api/org/department/get',-1,'获取部门/结构/网点','GET','id=41&rnd=0.8621292792814537','2019-01-16 22:09:09','org','192.168.1.20',0),(78130,'/api/org/user/list',-1,'获取人员列表','POST','-','2019-01-16 22:09:09','org','192.168.1.13',0),(78131,'/api/systemSetup/dictionaries/get',-1,'获取字典','GET','id=-2&rnd=0.048656553051199536','2019-01-16 22:09:09','systemSetup','192.168.1.20',0),(78129,'/api/org/department/list',-1,'获取部门/结构/网点列表','POST','-','2019-01-16 22:09:07','org','192.168.1.20',0),(78128,'/api/org/department/list',-1,'获取部门/结构/网点列表','POST','-','2019-01-16 22:09:05','org','192.168.1.20',0),(78127,'/api/org/department/tree',-1,'获取部门/结构/网点','GET','parentId=1&rnd=0.22640553896775217','2019-01-16 22:09:03','org','192.168.1.13',0),(78126,'/api/systemSetup/dictionaries/get',-1,'获取字典','GET','id=-2&rnd=0.16482978037426865','2019-01-16 22:08:59','systemSetup','192.168.1.20',0),(78124,'/api/org/user/list',-1,'获取人员列表','POST','-','2019-01-16 22:08:57','org','192.168.1.13',0),(78125,'/api/org/user/get',-1,'获取人员','GET','id=75&rnd=0.5365585606406842','2019-01-16 22:08:59','org','192.168.1.13',0),(78123,'/api/org/user/get',-1,'获取人员','GET','id=75&rnd=0.3698993630683436','2019-01-16 22:08:55','org','192.168.1.13',0),(78122,'/api/org/department/list',-1,'获取部门/结构/网点列表','POST','-','2019-01-16 22:08:55','org','192.168.1.20',0),(78120,'/api/org/department/tree',-1,'获取部门/结构/网点','GET','parentId=1&rnd=0.40946459711811656','2019-01-16 22:08:53','org','192.168.1.13',0),(78121,'/api/org/user/list',-1,'获取人员列表','POST','-','2019-01-16 22:08:53','org','192.168.1.13',0),(78118,'/api/org/department/list',-1,'获取部门/结构/网点列表','POST','-','2019-01-16 22:08:49','org','192.168.1.20',0),(78119,'/api/org/department/tree',-1,'获取部门/结构/网点','GET','parentId=1&rnd=0.07852662088563789','2019-01-16 22:08:51','org','192.168.1.20',0),(78116,'/api/org/department/list',-1,'获取部门/结构/网点列表','POST','-','2019-01-16 22:08:47','org','192.168.1.20',0),(78117,'/api/systemSetup/menu/all',-1,'获取全部菜单','POST','-','2019-01-16 22:08:48','systemSetup','192.168.1.13',0),(78115,'/api/org/department/add',-1,'添加部门/结构/网点','POST','-','2019-01-16 22:08:46','org','192.168.1.20',0),(78114,'/api/systemSetup/dictionaries/get',-1,'获取字典','GET','id=-2&rnd=0.8996713952902822','2019-01-16 22:08:42','systemSetup','192.168.1.13',0),(78113,'/api/systemSetup/dictionaries/get',-1,'获取字典','GET','id=-2&rnd=0.06182382226122818','2019-01-16 22:08:41','systemSetup','192.168.1.13',0),(78112,'/api/systemSetup/dictionaries/get',-1,'获取字典','GET','id=-2&rnd=0.4565728287045143','2019-01-16 22:08:41','systemSetup','192.168.1.20',0),(78111,'/api/systemSetup/log/list',-1,'获取日志列表','POST','-','2019-01-16 22:08:39','systemSetup','192.168.1.13',0),(78109,'/api/systemSetup/dictionaries/list',-1,'获取字典列表','POST','-','2019-01-16 22:08:34','systemSetup','192.168.1.13',0),(78110,'/api/systemSetup/log/list',-1,'获取日志列表','POST','-','2019-01-16 22:08:39','systemSetup','192.168.1.13',0),(78108,'/api/systemSetup/dictionaries/list',-1,'获取字典列表','POST','-','2019-01-16 22:08:34','systemSetup','192.168.1.13',0),(78107,'/api/systemSetup/dictionaries/get',-1,'获取字典','GET','id=-1&rnd=0.7277875335444919','2019-01-16 22:08:29','systemSetup','192.168.1.13',0),(78106,'/api/systemSetup/dictionaries/list',-1,'获取字典列表','POST','-','2019-01-16 22:08:24','systemSetup','192.168.1.13',0),(78105,'/api/systemSetup/dictionaries/list',-1,'获取字典列表','POST','-','2019-01-16 22:08:24','systemSetup','192.168.1.13',0),(78103,'/api/systemSetup/dictionaries/list',-1,'获取字典列表','POST','-','2019-01-16 22:08:24','systemSetup','192.168.1.13',0),(78104,'/api/systemSetup/dictionaries/get',-1,'获取字典','GET','id=-1&rnd=0.8502520124621811','2019-01-16 22:08:24','systemSetup','192.168.1.13',0),(78102,'/api/systemSetup/menu/all',-1,'获取全部菜单','POST','-','2019-01-16 22:08:22','systemSetup','192.168.1.13',0),(78101,'/api/worker/user/logout',-1,'退出系统登录员工','PUT','-','2019-01-16 22:07:39','worker','192.168.1.13',0),(78100,'/api/org/department/list',-1,'获取部门/结构/网点列表','POST','-','2019-01-16 22:07:35','org','192.168.1.20',0),(78098,'/api/worker/menu/get',-1,'获取菜单','GET','rnd=0.4824837602109491','2019-01-16 22:07:34','worker','192.168.1.20',0),(78099,'/api/org/department/tree',-1,'获取部门/结构/网点','GET','parentId=-1&rnd=0.7291339297411437','2019-01-16 22:07:35','org','192.168.1.20',0),(78096,'/api/systemSetup/dictionaries/get',-1,'获取字典','GET','id=-11&rnd=0.39330216769538295','2019-01-16 22:07:34','systemSetup','192.168.1.20',0),(78097,'/api/systemSetup/dictionaries/get',-1,'获取字典','GET','id=-3&rnd=0.8420995400447491','2019-01-16 22:07:34','systemSetup','192.168.1.20',0),(78095,'/api/systemSetup/dictionaries/get',-1,'获取字典','GET','id=-10&rnd=0.7525720127238125','2019-01-16 22:07:34','systemSetup','192.168.1.20',0),(78093,'/api/systemSetup/dictionaries/get',-1,'获取字典','GET','id=-8&rnd=0.5129352832601852','2019-01-16 22:07:34','systemSetup','192.168.1.20',0),(78094,'/api/systemSetup/dictionaries/get',-1,'获取字典','GET','id=-9&rnd=0.6776197966083655','2019-01-16 22:07:34','systemSetup','192.168.1.20',0),(78092,'/api/systemSetup/dictionaries/get',-1,'获取字典','GET','id=-7&rnd=0.016566755865517147','2019-01-16 22:07:34','systemSetup','192.168.1.20',0),(78091,'/api/systemSetup/dictionaries/get',-1,'获取字典','GET','id=-6&rnd=0.49628245203233146','2019-01-16 22:07:34','systemSetup','192.168.1.20',0),(78089,'/api/systemSetup/dictionaries/get',-1,'获取字典','GET','id=-3&rnd=0.0737567870951561','2019-01-16 22:07:34','systemSetup','192.168.1.20',0),(78090,'/api/systemSetup/dictionaries/get',-1,'获取字典','GET','id=-5&rnd=0.5252099764068314','2019-01-16 22:07:34','systemSetup','192.168.1.20',0),(78088,'/api/systemSetup/dictionaries/get',-1,'获取字典','GET','id=-4&rnd=0.1104528984918225','2019-01-16 22:07:34','systemSetup','192.168.1.20',0),(78087,'/api/systemSetup/dictionaries/get',-1,'获取字典','GET','id=-2&rnd=0.03358228692140042','2019-01-16 22:07:34','systemSetup','192.168.1.20',0),(78086,'/api/systemSetup/dictionaries/get',-1,'获取字典','GET','id=-1&rnd=0.1111182834518687','2019-01-16 22:07:34','systemSetup','192.168.1.20',0),(78085,'/api/worker/user/get',-1,'获取登录员工','PUT','-','2019-01-16 22:07:33','worker','192.168.1.20',0),(78083,'/api/systemSetup/login/list',-1,'获取人员列表','POST','-','2019-01-16 22:07:21','systemSetup','192.168.1.13',0),(78084,'/api/systemSetup/dictionaries/get',-1,'获取字典','GET','id=-2&rnd=0.34803115743403823','2019-01-16 22:07:22','systemSetup','192.168.1.20',0),(78082,'/api/systemSetup/login/list',-1,'获取人员列表','POST','-','2019-01-16 22:07:21','systemSetup','192.168.1.13',0),(78081,'/api/systemSetup/login/add',-1,'添加人员','POST','-','2019-01-16 22:07:20','systemSetup','192.168.1.13',0),(78079,'/api/org/user/get',-1,'获取人员','GET','id=75&rnd=0.5712563146513754','2019-01-16 22:07:11','org','192.168.1.13',0),(78080,'/api/org/department/list',-1,'获取部门/结构/网点列表','POST','-','2019-01-16 22:07:19','org','192.168.1.20',0),(78078,'/api/org/user/list',-1,'获取人员列表','POST','-','2019-01-16 22:07:01','org','192.168.1.13',0),(78076,'/api/org/user/list',-1,'获取人员列表','POST','-','2019-01-16 22:06:57','org','192.168.1.13',0),(78077,'/api/org/user/list',-1,'获取人员列表','POST','-','2019-01-16 22:06:59','org','192.168.1.13',0),(78075,'/api/org/department/tree',-1,'获取部门/结构/网点','GET','parentId=1&rnd=0.7010673124838','2019-01-16 22:06:45','org','192.168.1.13',0),(78074,'/api/org/user/list',-1,'获取人员列表','POST','-','2019-01-16 22:06:42','org','192.168.1.13',0),(78073,'/api/systemSetup/login/list',-1,'获取人员列表','POST','-','2019-01-16 22:06:38','systemSetup','192.168.1.13',0),(78072,'/api/systemSetup/login/list',-1,'获取人员列表','POST','-','2019-01-16 22:06:38','systemSetup','192.168.1.13',0),(78071,'/api/systemSetup/login/list',-1,'获取人员列表','POST','-','2019-01-16 22:06:38','systemSetup','192.168.1.13',0),(78070,'/api/audit/draft/list',-1,'获取工作底稿列表','POST','-','2019-01-16 22:06:28','audit','192.168.1.13',0),(78069,'/api/audit/programme/select',-1,'获取审核方案选择列表','POST','-','2019-01-16 22:06:28','audit','192.168.1.13',0),(78067,'/api/audit/programme/select',-1,'获取审核方案选择列表','POST','-','2019-01-16 22:06:28','audit','192.168.1.13',0),(78068,'/api/audit/programme/select',-1,'获取审核方案选择列表','POST','-','2019-01-16 22:06:28','audit','192.168.1.13',0),(78065,'/api/audit/introduction/list',-1,'获取介绍信列表','POST','-','2019-01-16 22:06:25','audit','192.168.1.13',0),(78066,'/api/org/department/tree',-1,'获取部门/结构/网点','GET','parentId=1&rnd=0.5871009842321249','2019-01-16 22:06:28','org','192.168.1.13',0),(78064,'/api/audit/introduction/list',-1,'获取介绍信列表','POST','-','2019-01-16 22:06:25','audit','192.168.1.13',0),(78063,'/api/audit/draft/list',-1,'获取工作底稿列表','POST','-','2019-01-16 22:06:13','audit','192.168.1.13',0),(78062,'/api/audit/programme/select',-1,'获取审核方案选择列表','POST','-','2019-01-16 22:06:13','audit','192.168.1.13',0),(78060,'/api/audit/programme/select',-1,'获取审核方案选择列表','POST','-','2019-01-16 22:06:13','audit','192.168.1.13',0),(78061,'/api/audit/programme/select',-1,'获取审核方案选择列表','POST','-','2019-01-16 22:06:13','audit','192.168.1.13',0),(78059,'/api/org/department/tree',-1,'获取部门/结构/网点','GET','parentId=1&rnd=0.1818517401563735','2019-01-16 22:06:13','org','192.168.1.13',0),(78057,'/api/systemSetup/dictionaries/get',-1,'获取字典','GET','id=-10&rnd=0.2045512371190552','2019-01-16 22:06:08','systemSetup','192.168.1.13',0),(78058,'/api/org/clause/list',-1,'获取管理办法列表','POST','-','2019-01-16 22:06:08','org','192.168.1.13',0),(78056,'/api/org/department/tree',-1,'获取部门/结构/网点','GET','parentId=1&rnd=0.18773893298472433','2019-01-16 22:06:08','org','192.168.1.13',0),(78055,'/api/org/department/tree',-1,'获取部门/结构/网点','GET','parentId=1&rnd=0.35010070865795484','2019-01-16 22:05:53','org','192.168.1.13',0),(78054,'/api/org/user/list',-1,'获取人员列表','POST','-','2019-01-16 22:05:53','org','192.168.1.13',0),(78053,'/api/org/department/get',-1,'获取部门/结构/网点','GET','id=40&rnd=0.5726381319359934','2019-01-16 22:05:51','org','192.168.1.13',0),(78052,'/api/systemSetup/dictionaries/get',-1,'获取字典','GET','id=-2&rnd=0.8198975456094499','2019-01-16 22:05:50','systemSetup','192.168.1.13',0),(78050,'/api/org/department/get',-1,'获取部门/结构/网点','GET','id=40&rnd=0.10640233224593354','2019-01-16 22:05:47','org','192.168.1.13',0),(78051,'/api/org/department/list',-1,'获取部门/结构/网点列表','POST','-','2019-01-16 22:05:49','org','192.168.1.13',0),(78049,'/api/org/department/list',-1,'获取部门/结构/网点列表','POST','-','2019-01-16 22:05:46','org','192.168.1.13',0),(78048,'/api/org/department/tree',-1,'获取部门/结构/网点','GET','parentId=-1&rnd=0.2407397797304187','2019-01-16 22:05:45','org','192.168.1.13',0),(78046,'/api/org/department/tree',-1,'获取部门/结构/网点','GET','parentId=1&rnd=0.4859126057110146','2019-01-16 22:05:39','org','192.168.1.13',0),(78047,'/api/org/user/list',-1,'获取人员列表','POST','-','2019-01-16 22:05:42','org','192.168.1.13',0),(78045,'/api/org/user/list',-1,'获取人员列表','POST','-','2019-01-16 22:04:41','org','192.168.1.13',0),(78043,'/api/org/clause/list',-1,'获取管理办法列表','POST','-','2019-01-16 22:04:39','org','192.168.1.13',0),(78044,'/api/org/department/tree',-1,'获取部门/结构/网点','GET','parentId=1&rnd=0.2889441172884528','2019-01-16 22:04:41','org','192.168.1.13',0),(78042,'/api/systemSetup/dictionaries/get',-1,'获取字典','GET','id=-10&rnd=0.9974327609665607','2019-01-16 22:04:38','systemSetup','192.168.1.13',0),(78041,'/api/org/department/tree',-1,'获取部门/结构/网点','GET','parentId=1&rnd=0.7966843321542434','2019-01-16 22:04:38','org','192.168.1.13',0),(78040,'/api/org/user/list',-1,'获取人员列表','POST','-','2019-01-16 22:04:16','org','192.168.1.13',0),(78039,'/api/org/user/list',-1,'获取人员列表','POST','-','2019-01-16 22:04:12','org','192.168.1.13',0),(78038,'/api/org/department/tree',-1,'获取部门/结构/网点','GET','parentId=1&rnd=0.01123757549399862','2019-01-16 22:04:12','org','192.168.1.13',0),(78037,'/api/org/department/list',-1,'获取部门/结构/网点列表','POST','-','2019-01-16 22:04:09','org','192.168.1.13',0),(78036,'/api/systemSetup/dictionaries/get',-1,'获取字典','GET','id=-2&rnd=0.45482538428314156','2019-01-16 22:04:06','systemSetup','192.168.1.13',0),(78034,'/api/org/department/tree',-1,'获取部门/结构/网点','GET','parentId=-1&rnd=0.7084172130825257','2019-01-16 22:04:05','org','192.168.1.13',0),(78035,'/api/org/department/list',-1,'获取部门/结构/网点列表','POST','-','2019-01-16 22:04:05','org','192.168.1.13',0),(78033,'/api/systemSetup/dictionaries/get',-1,'获取字典','GET','id=-2&rnd=0.13258846233039145','2019-01-16 22:03:49','systemSetup','192.168.1.20',0),(78031,'/api/org/notice/list',-1,'获取通知公告列表','POST','-','2019-01-16 22:03:40','org','192.168.1.13',0),(78032,'/api/org/notice/list',-1,'获取通知公告列表','POST','-','2019-01-16 22:03:45','org','192.168.1.13',0),(78030,'/api/org/department/tree',-1,'获取部门/结构/网点','GET','parentId=1&rnd=0.3690700944757821','2019-01-16 22:03:40','org','192.168.1.13',0),(78029,'/api/org/department/list',-1,'获取部门/结构/网点列表','POST','-','2019-01-16 22:03:33','org','192.168.1.20',0),(78027,'/api/systemSetup/dictionaries/get',-1,'获取字典','GET','id=-1&rnd=0.05013655913079873','2019-01-16 22:03:30','systemSetup','192.168.1.13',0),(78028,'/api/org/department/add',-1,'添加部门/结构/网点','POST','-','2019-01-16 22:03:33','org','192.168.1.20',0),(78025,'/api/systemSetup/dictionaries/list',-1,'获取字典列表','POST','-','2019-01-16 22:03:28','systemSetup','192.168.1.13',0),(78026,'/api/systemSetup/dictionaries/list',-1,'获取字典列表','POST','-','2019-01-16 22:03:28','systemSetup','192.168.1.13',0),(78024,'/api/systemSetup/dictionaries/get',-1,'获取字典','GET','id=-1&rnd=0.24214114955612964','2019-01-16 22:03:28','systemSetup','192.168.1.13',0),(78022,'/api/systemSetup/menu/all',-1,'获取全部菜单','POST','-','2019-01-16 22:03:26','systemSetup','192.168.1.13',0),(78023,'/api/systemSetup/dictionaries/list',-1,'获取字典列表','POST','-','2019-01-16 22:03:28','systemSetup','192.168.1.13',0),(78020,'/api/systemSetup/dictionaries/get',-1,'获取字典','GET','id=-2&rnd=0.9086225459381032','2019-01-16 22:03:23','systemSetup','192.168.1.13',0),(78021,'/api/systemSetup/dictionaries/get',-1,'获取字典','GET','id=-2&rnd=0.7393485250317589','2019-01-16 22:03:23','systemSetup','192.168.1.13',0),(78019,'/api/systemSetup/log/list',-1,'获取日志列表','POST','-','2019-01-16 22:03:21','systemSetup','192.168.1.13',0),(78018,'/api/systemSetup/log/list',-1,'获取日志列表','POST','-','2019-01-16 22:03:21','systemSetup','192.168.1.13',0),(78017,'/api/systemSetup/dictionaries/get',-1,'获取字典','GET','id=-2&rnd=0.7569904752815109','2019-01-16 22:03:19','systemSetup','192.168.1.20',0),(78016,'/api/org/department/list',-1,'获取部门/结构/网点列表','POST','-','2019-01-16 22:03:17','org','192.168.1.20',0),(78015,'/api/org/department/add',-1,'添加部门/结构/网点','POST','-','2019-01-16 22:03:16','org','192.168.1.20',0),(78014,'/api/systemSetup/dictionaries/get',-1,'获取字典','GET','id=-2&rnd=0.329260959570121','2019-01-16 22:03:03','systemSetup','192.168.1.20',0),(78013,'/api/org/department/list',-1,'获取部门/结构/网点列表','POST','-','2019-01-16 22:03:02','org','192.168.1.20',0),(78012,'/api/org/department/add',-1,'添加部门/结构/网点','POST','-','2019-01-16 22:03:01','org','192.168.1.20',0),(78010,'/api/org/department/list',-1,'获取部门/结构/网点列表','POST','-','2019-01-16 22:02:45','org','192.168.1.20',0),(78011,'/api/systemSetup/dictionaries/get',-1,'获取字典','GET','id=-2&rnd=0.980713526908918','2019-01-16 22:02:46','systemSetup','192.168.1.20',0),(78009,'/api/org/department/add',-1,'添加部门/结构/网点','POST','-','2019-01-16 22:02:44','org','192.168.1.20',0),(78008,'/api/systemSetup/dictionaries/get',-1,'获取字典','GET','id=-2&rnd=0.5334052447481006','2019-01-16 22:02:41','systemSetup','192.168.1.20',0),(78006,'/api/org/department/add',-1,'添加部门/结构/网点','POST','-','2019-01-16 22:02:27','org','192.168.1.20',0),(78007,'/api/org/department/list',-1,'获取部门/结构/网点列表','POST','-','2019-01-16 22:02:28','org','192.168.1.20',0),(78005,'/api/systemSetup/dictionaries/get',-1,'获取字典','GET','id=-2&rnd=0.4832307300855905','2019-01-16 22:02:24','systemSetup','192.168.1.20',0),(78003,'/api/systemSetup/login/list',-1,'获取人员列表','POST','-','2019-01-16 22:02:16','systemSetup','192.168.1.13',0),(78004,'/api/systemSetup/login/list',-1,'获取人员列表','POST','-','2019-01-16 22:02:16','systemSetup','192.168.1.13',0),(78002,'/api/org/department/list',-1,'获取部门/结构/网点列表','POST','-','2019-01-16 22:02:08','org','192.168.1.20',0),(78001,'/api/org/department/add',-1,'添加部门/结构/网点','POST','-','2019-01-16 22:02:07','org','192.168.1.20',0),(78000,'/api/systemSetup/dictionaries/get',-1,'获取字典','GET','id=-2&rnd=0.2801650082387064','2019-01-16 22:02:04','systemSetup','192.168.1.20',0),(77999,'/api/org/department/list',-1,'获取部门/结构/网点列表','POST','-','2019-01-16 22:01:46','org','192.168.1.20',0),(77998,'/api/org/department/add',-1,'添加部门/结构/网点','POST','-','2019-01-16 22:01:46','org','192.168.1.20',0),(77997,'/api/systemSetup/dictionaries/get',-1,'获取字典','GET','id=-2&rnd=0.2045336031839966','2019-01-16 22:01:32','systemSetup','192.168.1.20',0),(77995,'/api/org/department/add',-1,'添加部门/结构/网点','POST','-','2019-01-16 22:01:28','org','192.168.1.20',0),(77996,'/api/org/department/list',-1,'获取部门/结构/网点列表','POST','-','2019-01-16 22:01:28','org','192.168.1.20',0),(77994,'/api/systemSetup/dictionaries/get',-1,'获取字典','GET','id=-2&rnd=0.4470704580499614','2019-01-16 22:01:16','systemSetup','192.168.1.20',0),(77992,'/api/org/department/add',-1,'添加部门/结构/网点','POST','-','2019-01-16 22:01:14','org','192.168.1.20',0),(77993,'/api/org/department/list',-1,'获取部门/结构/网点列表','POST','-','2019-01-16 22:01:14','org','192.168.1.20',0),(77991,'/api/systemSetup/dictionaries/get',-1,'获取字典','GET','id=-2&rnd=0.7881375325904034','2019-01-16 22:01:03','systemSetup','192.168.1.20',0),(77990,'/api/org/department/list',-1,'获取部门/结构/网点列表','POST','-','2019-01-16 22:00:57','org','192.168.1.20',0),(77989,'/api/org/department/add',-1,'添加部门/结构/网点','POST','-','2019-01-16 22:00:57','org','192.168.1.20',0),(77988,'/api/systemSetup/dictionaries/get',-1,'获取字典','GET','id=-2&rnd=0.10203890893800693','2019-01-16 22:00:43','systemSetup','192.168.1.20',0),(77987,'/api/org/department/list',-1,'获取部门/结构/网点列表','POST','-','2019-01-16 22:00:41','org','192.168.1.20',0),(77986,'/api/org/department/add',-1,'添加部门/结构/网点','POST','-','2019-01-16 22:00:41','org','192.168.1.20',0),(77984,'/api/org/department/list',-1,'获取部门/结构/网点列表','POST','-','2019-01-16 22:00:27','org','192.168.1.20',0),(77985,'/api/systemSetup/dictionaries/get',-1,'获取字典','GET','id=-2&rnd=0.7352709016299841','2019-01-16 22:00:29','systemSetup','192.168.1.20',0),(77983,'/api/org/department/add',-1,'添加部门/结构/网点','POST','-','2019-01-16 22:00:26','org','192.168.1.20',0),(77982,'/api/systemSetup/dictionaries/get',-1,'获取字典','GET','id=-2&rnd=0.9924361605907115','2019-01-16 22:00:13','systemSetup','192.168.1.20',0),(77981,'/api/org/department/list',-1,'获取部门/结构/网点列表','POST','-','2019-01-16 22:00:12','org','192.168.1.20',0),(77980,'/api/org/department/add',-1,'添加部门/结构/网点','POST','-','2019-01-16 22:00:11','org','192.168.1.20',0),(77978,'/api/org/department/list',-1,'获取部门/结构/网点列表','POST','-','2019-01-16 21:59:58','org','192.168.1.20',0),(77979,'/api/systemSetup/dictionaries/get',-1,'获取字典','GET','id=-2&rnd=0.5993191252108088','2019-01-16 22:00:09','systemSetup','192.168.1.20',0),(77976,'/api/systemSetup/dictionaries/get',-1,'获取字典','GET','id=-2&rnd=0.1588662926604869','2019-01-16 21:59:55','systemSetup','192.168.1.20',0),(77977,'/api/org/department/add',-1,'添加部门/结构/网点','POST','-','2019-01-16 21:59:57','org','192.168.1.20',0),(77975,'/api/org/department/list',-1,'获取部门/结构/网点列表','POST','-','2019-01-16 21:59:38','org','192.168.1.20',0),(77974,'/api/org/department/add',-1,'添加部门/结构/网点','POST','-','2019-01-16 21:59:37','org','192.168.1.20',0),(77973,'/api/systemSetup/dictionaries/get',-1,'获取字典','GET','id=-2&rnd=0.504514629656341','2019-01-16 21:59:17','systemSetup','192.168.1.20',0),(77972,'/api/org/department/list',-1,'获取部门/结构/网点列表','POST','-','2019-01-16 21:59:08','org','192.168.1.20',0),(77971,'/api/org/department/add',-1,'添加部门/结构/网点','POST','-','2019-01-16 21:59:08','org','192.168.1.20',0),(77969,'/api/org/department/list',-1,'获取部门/结构/网点列表','POST','-','2019-01-16 21:58:42','org','192.168.1.20',0),(77970,'/api/systemSetup/dictionaries/get',-1,'获取字典','GET','id=-2&rnd=0.4873099551497999','2019-01-16 21:59:04','systemSetup','192.168.1.20',0),(77968,'/api/org/department/add',-1,'添加部门/结构/网点','POST','-','2019-01-16 21:58:42','org','192.168.1.20',0),(77967,'/api/systemSetup/dictionaries/get',-1,'获取字典','GET','id=-2&rnd=0.7812924106175907','2019-01-16 21:58:24','systemSetup','192.168.1.20',0),(77966,'/api/org/department/list',-1,'获取部门/结构/网点列表','POST','-','2019-01-16 21:58:22','org','192.168.1.20',0),(77965,'/api/org/department/add',-1,'添加部门/结构/网点','POST','-','2019-01-16 21:58:22','org','192.168.1.20',0),(77963,'/api/org/department/list',-1,'获取部门/结构/网点列表','POST','-','2019-01-16 21:58:04','org','192.168.1.20',0),(77964,'/api/systemSetup/dictionaries/get',-1,'获取字典','GET','id=-2&rnd=0.3762123820646326','2019-01-16 21:58:08','systemSetup','192.168.1.20',0),(77962,'/api/org/department/add',-1,'添加部门/结构/网点','POST','-','2019-01-16 21:58:03','org','192.168.1.20',0),(77961,'/api/systemSetup/dictionaries/get',-1,'获取字典','GET','id=-2&rnd=0.4366077359316658','2019-01-16 21:57:29','systemSetup','192.168.1.20',0),(77960,'/api/org/department/list',-1,'获取部门/结构/网点列表','POST','-','2019-01-16 21:57:24','org','192.168.1.20',0),(77959,'/api/systemSetup/dictionaries/get',-1,'获取字典','GET','id=-2&rnd=0.2445886990371755','2019-01-16 21:57:18','systemSetup','192.168.1.20',0),(77958,'/api/org/department/list',-1,'获取部门/结构/网点列表','POST','-','2019-01-16 21:57:17','org','192.168.1.20',0),(77957,'/api/org/department/tree',-1,'获取部门/结构/网点','GET','parentId=1&rnd=0.14841730321692492','2019-01-16 21:57:16','org','192.168.1.20',0),(77956,'/api/org/department/list',-1,'获取部门/结构/网点列表','POST','-','2019-01-16 21:57:15','org','192.168.1.20',0),(77954,'/api/org/user/list',-1,'获取人员列表','POST','-','2019-01-16 21:57:10','org','192.168.1.20',0),(77955,'/api/org/department/tree',-1,'获取部门/结构/网点','GET','parentId=-1&rnd=0.4087286696235348','2019-01-16 21:57:14','org','192.168.1.20',0),(77953,'/api/org/user/list',-1,'获取人员列表','POST','-','2019-01-16 21:56:58','org','192.168.1.20',0),(77951,'/api/org/user/list',-1,'获取人员列表','POST','-','2019-01-16 21:56:55','org','192.168.1.20',0),(77952,'/api/org/user/list',-1,'获取人员列表','POST','-','2019-01-16 21:56:57','org','192.168.1.20',0),(77950,'/api/org/user/list',-1,'获取人员列表','POST','-','2019-01-16 21:56:54','org','192.168.1.20',0),(77949,'/api/org/user/list',-1,'获取人员列表','POST','-','2019-01-16 21:56:43','org','192.168.1.20',0),(77947,'/api/worker/file/upload',-1,'上传文件','POST','-','2019-01-16 21:56:38','worker','192.168.1.20',0),(77948,'/api/org/user/import',-1,'人员导入数据','GET','fileId=637&departmentId=21&rnd=0.955047901241622','2019-01-16 21:56:43','org','192.168.1.20',0),(77946,'/api/org/user/list',-1,'获取人员列表','POST','-','2019-01-16 21:56:31','org','192.168.1.20',0),(77945,'/api/org/user/list',-1,'获取人员列表','POST','-','2019-01-16 21:56:01','org','192.168.1.20',0),(77944,'/api/org/user/list',-1,'获取人员列表','POST','-','2019-01-16 21:55:55','org','192.168.1.20',0),(77943,'/api/org/department/tree',-1,'获取部门/结构/网点','GET','parentId=1&rnd=0.955921060811098','2019-01-16 21:55:54','org','192.168.1.20',0),(77942,'/api/org/department/list',-1,'获取部门/结构/网点列表','POST','-','2019-01-16 21:55:54','org','192.168.1.20',0),(77941,'/api/org/department/tree',-1,'获取部门/结构/网点','GET','parentId=-1&rnd=0.08692506187081883','2019-01-16 21:55:53','org','192.168.1.20',0),(77939,'/api/org/user/list',-1,'获取人员列表','POST','-','2019-01-16 21:54:32','org','192.168.1.20',0),(77940,'/api/org/user/list',-1,'获取人员列表','POST','-','2019-01-16 21:55:52','org','192.168.1.20',0),(77937,'/api/org/department/tree',-1,'获取部门/结构/网点','GET','parentId=1&rnd=0.01814632775842573','2019-01-16 21:54:31','org','192.168.1.20',0),(77938,'/api/org/user/list',-1,'获取人员列表','POST','-','2019-01-16 21:54:31','org','192.168.1.20',0),(77936,'/api/org/department/list',-1,'获取部门/结构/网点列表','POST','-','2019-01-16 21:54:27','org','192.168.1.20',0),(77935,'/api/org/department/edit',-1,'编辑部门/结构/网点','PUT','-','2019-01-16 21:54:27','org','192.168.1.20',0),(77934,'/api/org/department/get',-1,'获取部门/结构/网点','GET','id=21&rnd=0.30637450519915843','2019-01-16 21:54:21','org','192.168.1.20',0),(77933,'/api/systemSetup/dictionaries/get',-1,'获取字典','GET','id=-2&rnd=0.4810163489065926','2019-01-16 21:54:21','systemSetup','192.168.1.20',0),(77931,'/api/org/department/tree',-1,'获取部门/结构/网点','GET','parentId=-1&rnd=0.3818309599996301','2019-01-16 21:54:18','org','192.168.1.20',0),(77932,'/api/org/department/list',-1,'获取部门/结构/网点列表','POST','-','2019-01-16 21:54:18','org','192.168.1.20',0),(77930,'/api/org/user/list',-1,'获取人员列表','POST','-','2019-01-16 21:54:16','org','192.168.1.20',0),(77928,'/api/org/department/tree',-1,'获取部门/结构/网点','GET','parentId=1&rnd=0.5147512088763','2019-01-16 21:54:14','org','192.168.1.20',0),(77929,'/api/org/user/list',-1,'获取人员列表','POST','-','2019-01-16 21:54:14','org','192.168.1.20',0),(77927,'/api/systemSetup/dictionaries/get',-1,'获取字典','GET','id=-2&rnd=0.8574539319556529','2019-01-16 21:54:10','systemSetup','192.168.1.20',0),(77926,'/api/org/department/tree',-1,'获取部门/结构/网点','GET','parentId=1&rnd=0.3180055165000988','2019-01-16 21:54:08','org','192.168.1.20',0),(77924,'/api/org/department/list',-1,'获取部门/结构/网点列表','POST','-','2019-01-16 21:54:01','org','192.168.1.20',0),(77925,'/api/org/department/list',-1,'获取部门/结构/网点列表','POST','-','2019-01-16 21:54:08','org','192.168.1.20',0),(77923,'/api/org/department/tree',-1,'获取部门/结构/网点','GET','parentId=-1&rnd=0.2552487419043812','2019-01-16 21:54:01','org','192.168.1.20',0),(77922,'/api/org/notice/list',-1,'获取通知公告列表','POST','-','2019-01-16 21:53:58','org','192.168.1.20',0),(77921,'/api/org/department/tree',-1,'获取部门/结构/网点','GET','parentId=1&rnd=0.0816055325656937','2019-01-16 21:53:58','org','192.168.1.20',0),(77920,'/api/org/department/list',-1,'获取部门/结构/网点列表','POST','-','2019-01-16 21:53:54','org','192.168.1.20',0),(77919,'/api/org/department/add',-1,'添加部门/结构/网点','POST','-','2019-01-16 21:53:54','org','192.168.1.20',0),(77917,'/api/org/department/list',-1,'获取部门/结构/网点列表','POST','-','2019-01-16 21:52:52','org','192.168.1.20',0),(77918,'/api/systemSetup/dictionaries/get',-1,'获取字典','GET','id=-2&rnd=0.3374376299671298','2019-01-16 21:52:54','systemSetup','192.168.1.20',0),(77916,'/api/org/department/tree',-1,'获取部门/结构/网点','GET','parentId=1&rnd=0.9729916437349782','2019-01-16 21:52:52','org','192.168.1.20',0),(77914,'/api/org/department/delete',-1,'删除部门/结构/网点','DELETE','id=2&rnd=0.7713583555243324','2019-01-16 21:52:50','org','192.168.1.20',0),(77915,'/api/org/department/list',-1,'获取部门/结构/网点列表','POST','-','2019-01-16 21:52:51','org','192.168.1.20',0),(77913,'/api/org/department/list',-1,'获取部门/结构/网点列表','POST','-','2019-01-16 21:52:48','org','192.168.1.20',0),(77912,'/api/org/department/delete',-1,'删除部门/结构/网点','DELETE','id=3&rnd=0.8484311180881385','2019-01-16 21:52:47','org','192.168.1.20',0),(77911,'/api/org/department/list',-1,'获取部门/结构/网点列表','POST','-','2019-01-16 21:52:45','org','192.168.1.20',0),(77910,'/api/org/department/delete',-1,'删除部门/结构/网点','DELETE','id=4&rnd=0.472105127500952','2019-01-16 21:52:45','org','192.168.1.20',0),(77908,'/api/org/department/delete',-1,'删除部门/结构/网点','DELETE','id=5&rnd=0.39205773294353397','2019-01-16 21:52:42','org','192.168.1.20',0),(77909,'/api/org/department/list',-1,'获取部门/结构/网点列表','POST','-','2019-01-16 21:52:42','org','192.168.1.20',0),(77907,'/api/org/department/list',-1,'获取部门/结构/网点列表','POST','-','2019-01-16 21:52:40','org','192.168.1.20',0),(77906,'/api/org/department/delete',-1,'删除部门/结构/网点','DELETE','id=6&rnd=0.857211060355455','2019-01-16 21:52:40','org','192.168.1.20',0),(77905,'/api/org/department/list',-1,'获取部门/结构/网点列表','POST','-','2019-01-16 21:52:38','org','192.168.1.20',0),(77904,'/api/org/department/delete',-1,'删除部门/结构/网点','DELETE','id=7&rnd=0.7928866053816992','2019-01-16 21:52:37','org','192.168.1.20',0),(77903,'/api/org/department/list',-1,'获取部门/结构/网点列表','POST','-','2019-01-16 21:52:35','org','192.168.1.20',0),(77902,'/api/org/department/delete',-1,'删除部门/结构/网点','DELETE','id=8&rnd=0.8644206680097146','2019-01-16 21:52:35','org','192.168.1.20',0),(77901,'/api/org/department/list',-1,'获取部门/结构/网点列表','POST','-','2019-01-16 21:52:33','org','192.168.1.20',0),(77900,'/api/org/department/delete',-1,'删除部门/结构/网点','DELETE','id=9&rnd=0.40470851690490783','2019-01-16 21:52:32','org','192.168.1.20',0),(77898,'/api/org/department/delete',-1,'删除部门/结构/网点','DELETE','id=10&rnd=0.025360711408784375','2019-01-16 21:52:30','org','192.168.1.20',0),(77899,'/api/org/department/list',-1,'获取部门/结构/网点列表','POST','-','2019-01-16 21:52:30','org','192.168.1.20',0),(77897,'/api/org/department/list',-1,'获取部门/结构/网点列表','POST','-','2019-01-16 21:52:28','org','192.168.1.20',0),(77896,'/api/org/department/delete',-1,'删除部门/结构/网点','DELETE','id=11&rnd=0.80095294365644','2019-01-16 21:52:27','org','192.168.1.20',0),(77895,'/api/org/department/list',-1,'获取部门/结构/网点列表','POST','-','2019-01-16 21:52:26','org','192.168.1.20',0),(77894,'/api/org/department/delete',-1,'删除部门/结构/网点','DELETE','id=12&rnd=0.7834626643462705','2019-01-16 21:52:25','org','192.168.1.20',0),(77893,'/api/org/department/list',-1,'获取部门/结构/网点列表','POST','-','2019-01-16 21:52:22','org','192.168.1.20',0),(77892,'/api/org/department/delete',-1,'删除部门/结构/网点','DELETE','id=13&rnd=0.01917556536716014','2019-01-16 21:52:22','org','192.168.1.20',0),(77891,'/api/org/department/list',-1,'获取部门/结构/网点列表','POST','-','2019-01-16 21:52:19','org','192.168.1.20',0),(77890,'/api/org/department/delete',-1,'删除部门/结构/网点','DELETE','id=14&rnd=0.07695358319955159','2019-01-16 21:52:19','org','192.168.1.20',0),(77888,'/api/org/department/delete',-1,'删除部门/结构/网点','DELETE','id=15&rnd=0.9090398233292856','2019-01-16 21:52:15','org','192.168.1.20',0),(77889,'/api/org/department/list',-1,'获取部门/结构/网点列表','POST','-','2019-01-16 21:52:16','org','192.168.1.20',0),(77887,'/api/org/department/list',-1,'获取部门/结构/网点列表','POST','-','2019-01-16 21:52:14','org','192.168.1.20',0),(77886,'/api/org/department/delete',-1,'删除部门/结构/网点','DELETE','id=16&rnd=0.9925612157324684','2019-01-16 21:52:13','org','192.168.1.20',0),(77885,'/api/org/department/list',-1,'获取部门/结构/网点列表','POST','-','2019-01-16 21:52:10','org','192.168.1.20',0),(77883,'/api/org/department/list',-1,'获取部门/结构/网点列表','POST','-','2019-01-16 21:52:07','org','192.168.1.20',0),(77884,'/api/org/department/delete',-1,'删除部门/结构/网点','DELETE','id=17&rnd=0.8050694298078072','2019-01-16 21:52:09','org','192.168.1.20',0),(77882,'/api/org/department/delete',-1,'删除部门/结构/网点','DELETE','id=18&rnd=0.5798943892389574','2019-01-16 21:52:07','org','192.168.1.20',0),(77880,'/api/org/department/delete',-1,'删除部门/结构/网点','DELETE','id=19&rnd=0.2017539511399442','2019-01-16 21:52:03','org','192.168.1.20',0),(77881,'/api/org/department/list',-1,'获取部门/结构/网点列表','POST','-','2019-01-16 21:52:03','org','192.168.1.20',0),(77879,'/api/org/department/list',-1,'获取部门/结构/网点列表','POST','-','2019-01-16 21:51:59','org','192.168.1.20',0),(77878,'/api/org/department/delete',-1,'删除部门/结构/网点','DELETE','id=20&rnd=0.7664058313026969','2019-01-16 21:51:59','org','192.168.1.20',0),(77877,'/api/org/department/list',-1,'获取部门/结构/网点列表','POST','-','2019-01-16 21:51:44','org','192.168.1.20',0),(77876,'/api/org/department/tree',-1,'获取部门/结构/网点','GET','parentId=-1&rnd=0.2908239702529769','2019-01-16 21:51:44','org','192.168.1.20',0),(77874,'/api/org/user/list',-1,'获取人员列表','POST','-','2019-01-16 21:50:14','org','192.168.1.13',0),(77875,'/api/org/department/tree',-1,'获取部门/结构/网点','GET','parentId=1&rnd=0.12785212598874174','2019-01-16 21:50:17','org','192.168.1.13',0),(77873,'/api/systemSetup/login/list',-1,'获取人员列表','POST','-','2019-01-16 21:50:13','systemSetup','192.168.1.13',0),(77871,'/api/systemSetup/login/list',-1,'获取人员列表','POST','-','2019-01-16 21:50:13','systemSetup','192.168.1.13',0),(77872,'/api/systemSetup/login/list',-1,'获取人员列表','POST','-','2019-01-16 21:50:13','systemSetup','192.168.1.13',0),(77870,'/api/systemSetup/dictionaries/get',-1,'获取字典','GET','id=-1&rnd=0.8713180436272188','2019-01-16 21:50:08','systemSetup','192.168.1.13',0),(77868,'/api/systemSetup/dictionaries/list',-1,'获取字典列表','POST','-','2019-01-16 21:50:07','systemSetup','192.168.1.13',0),(77869,'/api/systemSetup/dictionaries/list',-1,'获取字典列表','POST','-','2019-01-16 21:50:07','systemSetup','192.168.1.13',0),(77867,'/api/systemSetup/dictionaries/get',-1,'获取字典','GET','id=-1&rnd=0.5558476357683857','2019-01-16 21:50:07','systemSetup','192.168.1.13',0),(77866,'/api/systemSetup/dictionaries/list',-1,'获取字典列表','POST','-','2019-01-16 21:50:07','systemSetup','192.168.1.13',0),(77865,'/api/systemSetup/login/list',-1,'获取人员列表','POST','-','2019-01-16 21:50:05','systemSetup','192.168.1.13',0),(77864,'/api/systemSetup/login/list',-1,'获取人员列表','POST','-','2019-01-16 21:50:05','systemSetup','192.168.1.13',0),(77862,'/api/systemSetup/dictionaries/list',-1,'获取字典列表','POST','-','2019-01-16 21:50:03','systemSetup','192.168.1.13',0),(77863,'/api/systemSetup/login/list',-1,'获取人员列表','POST','-','2019-01-16 21:50:05','systemSetup','192.168.1.13',0),(77861,'/api/systemSetup/dictionaries/list',-1,'获取字典列表','POST','-','2019-01-16 21:50:03','systemSetup','192.168.1.13',0),(77860,'/api/systemSetup/dictionaries/get',-1,'获取字典','GET','id=-1&rnd=0.5214291808247444','2019-01-16 21:50:03','systemSetup','192.168.1.13',0),(77859,'/api/systemSetup/dictionaries/list',-1,'获取字典列表','POST','-','2019-01-16 21:50:03','systemSetup','192.168.1.13',0),(77857,'/api/org/user/list',-1,'获取人员列表','POST','-','2019-01-16 21:49:55','org','192.168.1.13',0),(77858,'/api/org/user/list',-1,'获取人员列表','POST','-','2019-01-16 21:49:58','org','192.168.1.13',0),(77856,'/api/org/department/tree',-1,'获取部门/结构/网点','GET','parentId=1&rnd=0.9593541289923495','2019-01-16 21:49:54','org','192.168.1.13',0),(77855,'/api/org/user/list',-1,'获取人员列表','POST','-','2019-01-16 21:49:21','org','192.168.1.13',0),(77854,'/api/org/user/list',-1,'获取人员列表','POST','-','2019-01-16 21:49:08','org','192.168.1.20',0),(77852,'/api/org/department/list',-1,'获取部门/结构/网点列表','POST','-','2019-01-16 21:49:05','org','192.168.1.20',0),(77853,'/api/org/department/tree',-1,'获取部门/结构/网点','GET','parentId=1&rnd=0.7874299786939483','2019-01-16 21:49:07','org','192.168.1.20',0),(77851,'/api/org/department/tree',-1,'获取部门/结构/网点','GET','parentId=1&rnd=0.30356413880236954','2019-01-16 21:48:52','org','192.168.1.20',0),(77850,'/api/org/user/list',-1,'获取人员列表','POST','-','2019-01-16 21:48:51','org','192.168.1.20',0),(77848,'/api/systemSetup/dictionaries/get',-1,'获取字典','GET','id=-2&rnd=0.0687711917549565','2019-01-16 21:48:48','systemSetup','192.168.1.20',0),(77849,'/api/org/department/get',-1,'获取部门/结构/网点','GET','id=1&rnd=0.2039822550393775','2019-01-16 21:48:48','org','192.168.1.20',0),(77847,'/api/org/department/list',-1,'获取部门/结构/网点列表','POST','-','2019-01-16 21:48:46','org','192.168.1.20',0),(77845,'/api/org/department/get',-1,'获取部门/结构/网点','GET','id=1&rnd=0.4402677741465104','2019-01-16 21:48:33','org','192.168.1.20',0),(77846,'/api/org/department/edit',-1,'编辑部门/结构/网点','PUT','-','2019-01-16 21:48:46','org','192.168.1.20',0),(77844,'/api/systemSetup/dictionaries/get',-1,'获取字典','GET','id=-2&rnd=0.28791685721257454','2019-01-16 21:48:33','systemSetup','192.168.1.20',0),(77843,'/api/org/department/list',-1,'获取部门/结构/网点列表','POST','-','2019-01-16 21:48:31','org','192.168.1.20',0),(77842,'/api/org/department/list',-1,'获取部门/结构/网点列表','POST','-','2019-01-16 21:48:28','org','192.168.1.20',0),(77841,'/api/org/department/tree',-1,'获取部门/结构/网点','GET','parentId=1&rnd=0.1651518898306703','2019-01-16 21:48:28','org','192.168.1.20',0),(77839,'/api/org/department/tree',-1,'获取部门/结构/网点','GET','parentId=-1&rnd=0.3740282890349984','2019-01-16 21:48:25','org','192.168.1.20',0),(77840,'/api/org/department/list',-1,'获取部门/结构/网点列表','POST','-','2019-01-16 21:48:25','org','192.168.1.20',0),(77838,'/api/org/user/list',-1,'获取人员列表','POST','-','2019-01-16 21:48:15','org','192.168.1.20',0),(77837,'/api/org/user/get',-1,'获取人员','GET','id=74&rnd=0.7389389546563971','2019-01-16 21:48:08','org','192.168.1.20',0),(77835,'/api/org/user/get',-1,'获取人员','GET','id=76&rnd=0.05756643367382064','2019-01-16 21:48:03','org','192.168.1.20',0),(77836,'/api/org/user/list',-1,'获取人员列表','POST','-','2019-01-16 21:48:06','org','192.168.1.20',0),(77834,'/api/org/user/list',-1,'获取人员列表','POST','-','2019-01-16 21:47:57','org','192.168.1.20',0),(77832,'/api/org/user/list',-1,'获取人员列表','POST','-','2019-01-16 21:47:20','org','192.168.1.13',0),(77833,'/api/org/department/tree',-1,'获取部门/结构/网点','GET','parentId=1&rnd=0.10779880242805251','2019-01-16 21:47:22','org','192.168.1.13',0),(77831,'/api/systemSetup/login/list',-1,'获取人员列表','POST','-','2019-01-16 21:47:18','systemSetup','192.168.1.13',0),(77829,'/api/org/user/list',-1,'获取人员列表','POST','-','2019-01-16 21:47:15','org','192.168.1.13',0),(77830,'/api/systemSetup/login/list',-1,'获取人员列表','POST','-','2019-01-16 21:47:18','systemSetup','192.168.1.13',0),(77828,'/api/systemSetup/login/list',-1,'获取人员列表','POST','-','2019-01-16 21:47:13','systemSetup','192.168.1.13',0),(77827,'/api/systemSetup/login/list',-1,'获取人员列表','POST','-','2019-01-16 21:47:13','systemSetup','192.168.1.13',0),(77826,'/api/org/user/get',-1,'获取人员','GET','id=71&rnd=0.7898952771323353','2019-01-16 21:46:46','org','192.168.1.13',0),(77824,'/api/org/user/list',-1,'获取人员列表','POST','-','2019-01-16 21:46:35','org','192.168.1.13',0),(77825,'/api/org/department/tree',-1,'获取部门/结构/网点','GET','parentId=1&rnd=0.7303604022990222','2019-01-16 21:46:39','org','192.168.1.13',0),(77822,'/api/systemSetup/login/list',-1,'获取人员列表','POST','-','2019-01-16 21:46:29','systemSetup','192.168.1.13',0),(77823,'/api/systemSetup/login/list',-1,'获取人员列表','POST','-','2019-01-16 21:46:29','systemSetup','192.168.1.13',0),(77821,'/api/systemSetup/login/list',-1,'获取人员列表','POST','-','2019-01-16 21:46:29','systemSetup','192.168.1.13',0),(77820,'/api/systemSetup/dictionaries/list',-1,'获取字典列表','POST','-','2019-01-16 21:46:26','systemSetup','192.168.1.13',0),(77819,'/api/systemSetup/dictionaries/list',-1,'获取字典列表','POST','-','2019-01-16 21:46:26','systemSetup','192.168.1.13',0),(77817,'/api/systemSetup/dictionaries/list',-1,'获取字典列表','POST','-','2019-01-16 21:46:25','systemSetup','192.168.1.13',0),(77818,'/api/systemSetup/dictionaries/get',-1,'获取字典','GET','id=-1&rnd=0.363126188266514','2019-01-16 21:46:26','systemSetup','192.168.1.13',0),(77816,'/api/systemSetup/log/list',-1,'获取日志列表','POST','-','2019-01-16 21:46:23','systemSetup','192.168.1.13',0),(77815,'/api/systemSetup/log/list',-1,'获取日志列表','POST','-','2019-01-16 21:46:23','systemSetup','192.168.1.13',0),(77814,'/api/systemSetup/dictionaries/get',-1,'获取字典','GET','id=-2&rnd=0.8824794406512078','2019-01-16 21:46:22','systemSetup','192.168.1.13',0),(77813,'/api/systemSetup/dictionaries/get',-1,'获取字典','GET','id=-2&rnd=0.6040809062005055','2019-01-16 21:46:21','systemSetup','192.168.1.13',0),(77812,'/api/systemSetup/menu/all',-1,'获取全部菜单','POST','-','2019-01-16 21:46:19','systemSetup','192.168.1.13',0),(77811,'/api/systemSetup/dictionaries/get',-1,'获取字典','GET','id=-2&rnd=0.5153384132359708','2019-01-16 21:46:10','systemSetup','192.168.1.13',0),(77810,'/api/systemSetup/rbac/get',-1,'获取权限','GET','key=fgld&rnd=0.6194343862684966','2019-01-16 21:46:08','systemSetup','192.168.1.13',0),(77809,'/api/systemSetup/log/list',-1,'获取日志列表','POST','-','2019-01-16 21:46:04','systemSetup','192.168.1.13',0),(77808,'/api/systemSetup/log/list',-1,'获取日志列表','POST','-','2019-01-16 21:46:04','systemSetup','192.168.1.13',0),(77807,'/api/worker/menu/get',-1,'获取菜单','GET','rnd=0.930347173604426','2019-01-16 21:46:03','worker','192.168.1.13',0),(77806,'/api/systemSetup/dictionaries/get',-1,'获取字典','GET','id=-3&rnd=0.15858742613640398','2019-01-16 21:46:03','systemSetup','192.168.1.13',0),(77805,'/api/systemSetup/dictionaries/get',-1,'获取字典','GET','id=-11&rnd=0.9744268054742842','2019-01-16 21:46:03','systemSetup','192.168.1.13',0),(77804,'/api/systemSetup/dictionaries/get',-1,'获取字典','GET','id=-10&rnd=0.04464850686202371','2019-01-16 21:46:03','systemSetup','192.168.1.13',0),(77803,'/api/systemSetup/dictionaries/get',-1,'获取字典','GET','id=-9&rnd=0.5642520028045137','2019-01-16 21:46:03','systemSetup','192.168.1.13',0),(77802,'/api/systemSetup/dictionaries/get',-1,'获取字典','GET','id=-8&rnd=0.6686275175208127','2019-01-16 21:46:03','systemSetup','192.168.1.13',0),(77801,'/api/systemSetup/dictionaries/get',-1,'获取字典','GET','id=-7&rnd=0.9613372148918133','2019-01-16 21:46:03','systemSetup','192.168.1.13',0),(77800,'/api/systemSetup/dictionaries/get',-1,'获取字典','GET','id=-6&rnd=0.18624198240169232','2019-01-16 21:46:03','systemSetup','192.168.1.13',0),(77799,'/api/systemSetup/dictionaries/get',-1,'获取字典','GET','id=-5&rnd=0.5781770761876746','2019-01-16 21:46:03','systemSetup','192.168.1.13',0),(77798,'/api/systemSetup/dictionaries/get',-1,'获取字典','GET','id=-4&rnd=0.413797853762347','2019-01-16 21:46:03','systemSetup','192.168.1.13',0),(77797,'/api/systemSetup/dictionaries/get',-1,'获取字典','GET','id=-3&rnd=0.6856983789940061','2019-01-16 21:46:03','systemSetup','192.168.1.13',0),(77796,'/api/systemSetup/dictionaries/get',-1,'获取字典','GET','id=-2&rnd=0.2641678099566327','2019-01-16 21:46:03','systemSetup','192.168.1.13',0),(77795,'/api/systemSetup/dictionaries/get',-1,'获取字典','GET','id=-1&rnd=0.7378088929853839','2019-01-16 21:46:03','systemSetup','192.168.1.13',0),(77794,'/api/worker/user/get',-1,'获取登录员工','PUT','-','2019-01-16 21:46:03','worker','192.168.1.13',0),(77793,'/api/systemSetup/dictionaries/get',-1,'获取字典','GET','id=-2&rnd=0.40572632764968053','2019-01-16 21:46:00','systemSetup','192.168.1.13',0),(77792,'/api/systemSetup/dictionaries/get',-1,'获取字典','GET','id=-2&rnd=0.22235266338016468','2019-01-16 21:46:00','systemSetup','192.168.1.13',0),(77791,'/api/systemSetup/menu/all',-1,'获取全部菜单','POST','-','2019-01-16 21:45:58','systemSetup','192.168.1.13',0),(77789,'/api/systemSetup/login/list',-1,'获取人员列表','POST','-','2019-01-16 21:45:53','systemSetup','192.168.1.13',0),(77790,'/api/systemSetup/login/list',-1,'获取人员列表','POST','-','2019-01-16 21:45:53','systemSetup','192.168.1.13',0),(77788,'/api/systemSetup/login/list',-1,'获取人员列表','POST','-','2019-01-16 21:45:53','systemSetup','192.168.1.13',0),(77787,'/api/systemSetup/dictionaries/list',-1,'获取字典列表','POST','-','2019-01-16 21:45:51','systemSetup','192.168.1.13',0),(77786,'/api/systemSetup/dictionaries/list',-1,'获取字典列表','POST','-','2019-01-16 21:45:51','systemSetup','192.168.1.13',0),(77785,'/api/systemSetup/dictionaries/get',-1,'获取字典','GET','id=-1&rnd=0.859607162034717','2019-01-16 21:45:51','systemSetup','192.168.1.13',0),(77784,'/api/systemSetup/dictionaries/list',-1,'获取字典列表','POST','-','2019-01-16 21:45:51','systemSetup','192.168.1.13',0),(77783,'/api/audit/programme/list',-1,'获取审核方案列表','POST','-','2019-01-16 21:45:47','audit','192.168.1.13',0),(77782,'/api/systemSetup/dictionaries/get',-1,'获取字典','GET','id=-2&rnd=0.03884367323037785','2019-01-16 21:45:47','systemSetup','192.168.1.13',0),(77780,'/api/org/user/list',-1,'获取人员列表','POST','-','2019-01-16 21:45:47','org','192.168.1.13',0),(77781,'/api/systemSetup/dictionaries/get',-1,'获取字典','GET','id=-6&rnd=0.0697356401540743','2019-01-16 21:45:47','systemSetup','192.168.1.13',0),(77779,'/api/systemSetup/dictionaries/get',-1,'获取字典','GET','id=-5&rnd=0.8060919246114335','2019-01-16 21:45:47','systemSetup','192.168.1.13',0),(77777,'/api/org/notice/list',-1,'获取通知公告列表','POST','-','2019-01-16 21:45:43','org','192.168.1.13',0),(77778,'/api/audit/programme/list',-1,'获取审核方案列表','POST','-','2019-01-16 21:45:45','audit','192.168.1.13',0),(77776,'/api/org/department/tree',-1,'获取部门/结构/网点','GET','parentId=1&rnd=0.5682320990791447','2019-01-16 21:45:43','org','192.168.1.13',0),(77775,'/api/org/clause/list',-1,'获取管理办法列表','POST','-','2019-01-16 21:45:42','org','192.168.1.13',0),(77774,'/api/systemSetup/dictionaries/get',-1,'获取字典','GET','id=-10&rnd=0.6372184181198182','2019-01-16 21:45:42','systemSetup','192.168.1.13',0),(77773,'/api/org/department/tree',-1,'获取部门/结构/网点','GET','parentId=1&rnd=0.428714067868849','2019-01-16 21:45:42','org','192.168.1.13',0),(77771,'/api/systemSetup/dictionaries/get',-1,'获取字典','GET','id=-2&rnd=0.06671796020602172','2019-01-16 21:45:39','systemSetup','192.168.1.13',0),(77772,'/api/org/department/tree',-1,'获取部门/结构/网点','GET','parentId=1&rnd=0.0224348161367125','2019-01-16 21:45:42','org','192.168.1.13',0),(77770,'/api/org/department/list',-1,'获取部门/结构/网点列表','POST','-','2019-01-16 21:45:36','org','192.168.1.13',0),(77769,'/api/org/department/tree',-1,'获取部门/结构/网点','GET','parentId=-1&rnd=0.581878202890147','2019-01-16 21:45:36','org','192.168.1.13',0),(77768,'/api/org/notice/list',-1,'获取通知公告列表','POST','-','2019-01-16 21:45:35','org','192.168.1.13',0),(77767,'/api/org/notice/list',-1,'获取通知公告列表','POST','-','2019-01-16 21:45:30','org','192.168.1.13',0),(77766,'/api/org/department/tree',-1,'获取部门/结构/网点','GET','parentId=1&rnd=0.33267426348268203','2019-01-16 21:45:30','org','192.168.1.13',0),(77765,'/api/org/user/list',-1,'获取人员列表','POST','-','2019-01-16 21:43:35','org','192.168.1.20',0),(77763,'/api/org/user/list',-1,'获取人员列表','POST','-','2019-01-16 21:43:33','org','192.168.1.13',0),(77764,'/api/org/user/import',-1,'人员导入数据','GET','fileId=636&departmentId=1&rnd=0.3169758905329676','2019-01-16 21:43:35','org','192.168.1.20',0),(77762,'/api/org/user/list',-1,'获取人员列表','POST','-','2019-01-16 21:43:31','org','192.168.1.13',0),(77760,'/api/worker/file/upload',-1,'上传文件','POST','-','2019-01-16 21:43:28','worker','192.168.1.20',0),(77761,'/api/org/department/tree',-1,'获取部门/结构/网点','GET','parentId=1&rnd=0.24436108033350878','2019-01-16 21:43:30','org','192.168.1.13',0),(77759,'/api/org/department/tree',-1,'获取部门/结构/网点','GET','parentId=1&rnd=0.6691563599606214','2019-01-16 21:43:14','org','192.168.1.13',0),(77758,'/api/org/user/list',-1,'获取人员列表','POST','-','2019-01-16 21:43:14','org','192.168.1.13',0),(77757,'/api/systemSetup/dictionaries/get',-1,'获取字典','GET','id=-2&rnd=0.9159014014864026','2019-01-16 21:43:12','systemSetup','192.168.1.13',0),(77756,'/api/org/department/list',-1,'获取部门/结构/网点列表','POST','-','2019-01-16 21:41:33','org','192.168.1.13',0),(77754,'/api/org/user/list',-1,'获取人员列表','POST','-','2019-01-16 21:40:55','org','192.168.1.13',0),(77755,'/api/org/department/tree',-1,'获取部门/结构/网点','GET','parentId=-1&rnd=0.5898057260816936','2019-01-16 21:41:33','org','192.168.1.13',0),(77753,'/api/org/department/tree',-1,'获取部门/结构/网点','GET','parentId=1&rnd=0.49242217680891365','2019-01-16 21:40:55','org','192.168.1.13',0),(77751,'/api/systemSetup/dictionaries/get',-1,'获取字典','GET','id=-10&rnd=0.10610080049504544','2019-01-16 21:40:49','systemSetup','192.168.1.13',0),(77752,'/api/org/clause/list',-1,'获取管理办法列表','POST','-','2019-01-16 21:40:49','org','192.168.1.13',0),(77750,'/api/org/department/tree',-1,'获取部门/结构/网点','GET','parentId=1&rnd=0.688170725106158','2019-01-16 21:40:48','org','192.168.1.13',0),(77749,'/api/org/user/list',-1,'获取人员列表','POST','-','2019-01-16 21:40:45','org','192.168.1.13',0),(77748,'/api/org/user/get',-1,'获取人员','GET','id=-1&rnd=0.5513277395317888','2019-01-16 21:40:27','org','192.168.1.13',0),(77747,'/api/org/user/list',-1,'获取人员列表','POST','-','2019-01-16 21:40:26','org','192.168.1.13',0),(77746,'/api/org/user/get',-1,'获取人员','GET','id=-1&rnd=0.5257614938234991','2019-01-16 21:40:24','org','192.168.1.13',0),(77745,'/api/org/user/list',-1,'获取人员列表','POST','-','2019-01-16 21:40:24','org','192.168.1.13',0),(77743,'/api/org/user/list',-1,'获取人员列表','POST','-','2019-01-16 21:40:19','org','192.168.1.13',0),(77744,'/api/org/user/get',-1,'获取人员','GET','id=-1&rnd=0.29312995634296857','2019-01-16 21:40:22','org','192.168.1.13',0),(77742,'/api/org/user/list',-1,'获取人员列表','POST','-','2019-01-16 21:40:05','org','192.168.1.13',0),(77740,'/api/worker/user/get',-1,'获取登录员工','PUT','-','2019-01-16 21:40:01','worker','192.168.1.13',0),(77741,'/api/org/department/tree',-1,'获取部门/结构/网点','GET','parentId=1&rnd=0.48226651459518544','2019-01-16 21:40:05','org','192.168.1.13',0),(77739,'/api/worker/user/get',-1,'获取登录员工','PUT','-','2019-01-16 21:40:01','worker','192.168.1.13',0),(77737,'/api/org/user/list',-1,'获取人员列表','POST','-','2019-01-16 21:39:13','org','192.168.1.20',0),(77738,'/api/org/user/list',-1,'获取人员列表','POST','-','2019-01-16 21:39:14','org','192.168.1.20',0),(77735,'/api/audit/statistical/get_my_behavior_by_year',-1,'统计分析-我的年度违规行为','GET','rnd=0.42114259546216415','2019-01-16 21:33:06','audit','192.168.1.13',0),(77736,'/api/audit/statistical/get_my_confirmation_by_year',-1,'统计分析-我的年度事实确认书','GET','rnd=0.12892389229608292','2019-01-16 21:33:06','audit','192.168.1.13',0),(77734,'/api/audit/statistical/get_my_score_by_year',-1,'统计分析-我的年度积分','GET','rnd=0.2831779428278698','2019-01-16 21:33:06','audit','192.168.1.13',0),(77733,'/api/audit/rectify/list',-1,'获取整改通知列表','POST','-','2019-01-16 21:33:06','audit','192.168.1.13',0),(77732,'/api/audit/confirmation/list',-1,'获取事实确认书列表','POST','-','2019-01-16 21:33:06','audit','192.168.1.13',0),(77731,'/api/audit/statistical/get_my_punish_notice_by_year',-1,'统计分析-我的年度惩罚通知书','POST','-','2019-01-16 21:33:06','audit','192.168.1.13',0),(77730,'/api/audit/statistical/get_top_department',-1,'统计分析-年度排行部门及扣分情况','GET','rnd=0.6167383038617522','2019-01-16 21:33:06','audit','192.168.1.13',0),(77729,'/api/worker/menu/get',-1,'获取菜单','GET','rnd=0.759595778254794','2019-01-16 21:33:05','worker','192.168.1.13',0),(77728,'/api/systemSetup/dictionaries/get',-1,'获取字典','GET','id=-3&rnd=0.9016228613470578','2019-01-16 21:33:05','systemSetup','192.168.1.13',0),(77727,'/api/systemSetup/dictionaries/get',-1,'获取字典','GET','id=-11&rnd=0.8694872007957852','2019-01-16 21:33:05','systemSetup','192.168.1.13',0),(77726,'/api/systemSetup/dictionaries/get',-1,'获取字典','GET','id=-10&rnd=0.21219858156848836','2019-01-16 21:33:05','systemSetup','192.168.1.13',0),(77725,'/api/systemSetup/dictionaries/get',-1,'获取字典','GET','id=-9&rnd=0.6067232956525426','2019-01-16 21:33:05','systemSetup','192.168.1.13',0),(77724,'/api/systemSetup/dictionaries/get',-1,'获取字典','GET','id=-8&rnd=0.43586062608425613','2019-01-16 21:33:05','systemSetup','192.168.1.13',0),(77723,'/api/systemSetup/dictionaries/get',-1,'获取字典','GET','id=-7&rnd=0.9182828124545275','2019-01-16 21:33:05','systemSetup','192.168.1.13',0),(77722,'/api/systemSetup/dictionaries/get',-1,'获取字典','GET','id=-6&rnd=0.3989165051715977','2019-01-16 21:33:05','systemSetup','192.168.1.13',0),(77721,'/api/systemSetup/dictionaries/get',-1,'获取字典','GET','id=-4&rnd=0.10514792667705564','2019-01-16 21:33:05','systemSetup','192.168.1.13',0),(77720,'/api/systemSetup/dictionaries/get',-1,'获取字典','GET','id=-5&rnd=0.8087637445309264','2019-01-16 21:33:05','systemSetup','192.168.1.13',0),(77719,'/api/systemSetup/dictionaries/get',-1,'获取字典','GET','id=-3&rnd=0.29487184046696724','2019-01-16 21:33:05','systemSetup','192.168.1.13',0),(77718,'/api/systemSetup/dictionaries/get',-1,'获取字典','GET','id=-2&rnd=0.5258536540953342','2019-01-16 21:33:05','systemSetup','192.168.1.13',0),(77717,'/api/systemSetup/dictionaries/get',-1,'获取字典','GET','id=-1&rnd=0.9887849958608412','2019-01-16 21:33:05','systemSetup','192.168.1.13',0),(77716,'/api/worker/user/get',-1,'获取登录员工','PUT','-','2019-01-16 21:33:04','worker','192.168.1.13',0),(77715,'/api/worker/user/get',2,'获取登录员工','PUT','-','2019-01-16 21:30:41','worker','192.168.1.13',0),(77714,'/api/worker/user/get',2,'获取登录员工','PUT','-','2019-01-16 21:30:18','worker','192.168.1.13',0),(77713,'/api/org/user/list',-1,'获取人员列表','POST','-','2019-01-16 21:29:47','org','192.168.1.20',0),(77712,'/api/org/department/tree',-1,'获取部门/结构/网点','GET','parentId=1&rnd=0.9001812547926613','2019-01-16 21:29:47','org','192.168.1.20',0),(77711,'/api/audit/punishNotice/list',-1,'获取惩罚通知书列表','POST','-','2019-01-16 21:29:42','audit','192.168.1.20',0),(77710,'/api/audit/punishNotice/list',-1,'获取惩罚通知书列表','POST','-','2019-01-16 21:29:40','audit','192.168.1.20',0),(77709,'/api/audit/programme/list',-1,'获取审核方案列表','POST','-','2019-01-16 21:26:08','audit','192.168.1.13',0),(77708,'/api/audit/draft/list',-1,'获取工作底稿列表','POST','-','2019-01-16 21:26:02','audit','192.168.1.13',0),(77707,'/api/audit/programme/select',-1,'获取审核方案选择列表','POST','-','2019-01-16 21:26:02','audit','192.168.1.13',0),(77705,'/api/audit/programme/select',-1,'获取审核方案选择列表','POST','-','2019-01-16 21:26:02','audit','192.168.1.13',0),(77706,'/api/audit/programme/select',-1,'获取审核方案选择列表','POST','-','2019-01-16 21:26:02','audit','192.168.1.13',0),(77704,'/api/org/department/tree',-1,'获取部门/结构/网点','GET','parentId=1&rnd=0.8324066492980344','2019-01-16 21:26:02','org','192.168.1.13',0),(77703,'/api/audit/programme/list',-1,'获取审核方案列表','POST','-','2019-01-16 21:25:58','audit','192.168.1.13',0),(77702,'/api/audit/programme/edit',-1,'编辑审核方案','PUT','-','2019-01-16 21:25:58','audit','192.168.1.13',0),(77701,'/api/org/user/list',-1,'获取人员列表','POST','-','2019-01-16 21:25:55','org','192.168.1.13',0),(77700,'/api/audit/programme/get',-1,'获取审核方案','GET','id=125&rnd=0.9660241700945287','2019-01-16 21:25:55','audit','192.168.1.13',0),(77699,'/api/systemSetup/dictionaries/get',-1,'获取字典','GET','id=-2&rnd=0.09886797840134887','2019-01-16 21:25:55','systemSetup','192.168.1.13',0),(77697,'/api/systemSetup/dictionaries/get',-1,'获取字典','GET','id=-5&rnd=0.3469130851023827','2019-01-16 21:25:55','systemSetup','192.168.1.13',0),(77698,'/api/systemSetup/dictionaries/get',-1,'获取字典','GET','id=-6&rnd=0.7268151269658996','2019-01-16 21:25:55','systemSetup','192.168.1.13',0),(77696,'/api/audit/programme/list',-1,'获取审核方案列表','POST','-','2019-01-16 21:25:52','audit','192.168.1.13',0),(77694,'/api/org/user/list',-1,'获取人员列表','POST','-','2019-01-16 21:25:48','org','192.168.1.13',0),(77695,'/api/audit/programme/edit',-1,'编辑审核方案','PUT','-','2019-01-16 21:25:52','audit','192.168.1.13',0),(77693,'/api/audit/programme/get',-1,'获取审核方案','GET','id=126&rnd=0.38459510830651444','2019-01-16 21:25:48','audit','192.168.1.13',0),(77692,'/api/systemSetup/dictionaries/get',-1,'获取字典','GET','id=-2&rnd=0.2568633238710274','2019-01-16 21:25:48','systemSetup','192.168.1.13',0),(77691,'/api/systemSetup/dictionaries/get',-1,'获取字典','GET','id=-6&rnd=0.7486066501330073','2019-01-16 21:25:48','systemSetup','192.168.1.13',0),(77689,'/api/audit/programme/list',-1,'获取审核方案列表','POST','-','2019-01-16 21:25:47','audit','192.168.1.13',0),(77690,'/api/systemSetup/dictionaries/get',-1,'获取字典','GET','id=-5&rnd=0.23128969913920416','2019-01-16 21:25:48','systemSetup','192.168.1.13',0),(77688,'/api/audit/draft/list',-1,'获取工作底稿列表','POST','-','2019-01-16 21:25:42','audit','192.168.1.13',0),(77687,'/api/audit/programme/select',-1,'获取审核方案选择列表','POST','-','2019-01-16 21:25:42','audit','192.168.1.13',0),(77686,'/api/audit/programme/select',-1,'获取审核方案选择列表','POST','-','2019-01-16 21:25:42','audit','192.168.1.13',0),(77685,'/api/audit/programme/select',-1,'获取审核方案选择列表','POST','-','2019-01-16 21:25:42','audit','192.168.1.13',0),(77684,'/api/org/department/tree',-1,'获取部门/结构/网点','GET','parentId=1&rnd=0.49784437842086793','2019-01-16 21:25:42','org','192.168.1.13',0),(77683,'/api/audit/programme/list',-1,'获取审核方案列表','POST','-','2019-01-16 21:25:40','audit','192.168.1.13',0),(77681,'/api/systemSetup/dictionaries/get',-1,'获取字典','GET','id=-2&rnd=0.2250456171448738','2019-01-16 21:25:37','systemSetup','192.168.1.13',0),(77682,'/api/audit/programme/add',-1,'添加审核方案','POST','-','2019-01-16 21:25:40','audit','192.168.1.13',0),(77680,'/api/org/user/list',-1,'获取人员列表','POST','-','2019-01-16 21:25:37','org','192.168.1.13',0),(77679,'/api/audit/programme/get',-1,'获取审核方案','GET','id=122&rnd=0.22014642485461655','2019-01-16 21:25:37','audit','192.168.1.13',0),(77678,'/api/systemSetup/dictionaries/get',-1,'获取字典','GET','id=-6&rnd=0.9282453007188269','2019-01-16 21:25:37','systemSetup','192.168.1.13',0),(77677,'/api/systemSetup/dictionaries/get',-1,'获取字典','GET','id=-5&rnd=0.36932264322547836','2019-01-16 21:25:37','systemSetup','192.168.1.13',0),(77676,'/api/audit/programme/list',-1,'获取审核方案列表','POST','-','2019-01-16 21:25:15','audit','192.168.1.13',0),(77674,'/api/org/user/list',-1,'获取人员列表','POST','-','2019-01-16 21:25:13','org','192.168.1.13',0),(77675,'/api/audit/programme/add',-1,'添加审核方案','POST','-','2019-01-16 21:25:15','audit','192.168.1.13',0),(77673,'/api/audit/programme/get',-1,'获取审核方案','GET','id=122&rnd=0.37794132673930747','2019-01-16 21:25:13','audit','192.168.1.13',0),(77672,'/api/systemSetup/dictionaries/get',-1,'获取字典','GET','id=-2&rnd=0.1510626281864449','2019-01-16 21:25:13','systemSetup','192.168.1.13',0),(77671,'/api/systemSetup/dictionaries/get',-1,'获取字典','GET','id=-6&rnd=0.7019548568678384','2019-01-16 21:25:13','systemSetup','192.168.1.13',0),(77670,'/api/systemSetup/dictionaries/get',-1,'获取字典','GET','id=-5&rnd=0.7120252464859604','2019-01-16 21:25:13','systemSetup','192.168.1.13',0),(77669,'/api/audit/programme/list',-1,'获取审核方案列表','POST','-','2019-01-16 21:25:11','audit','192.168.1.13',0),(77668,'/api/audit/programme/add',-1,'添加审核方案','POST','-','2019-01-16 21:25:11','audit','192.168.1.13',0),(77667,'/api/org/user/list',-1,'获取人员列表','POST','-','2019-01-16 21:25:07','org','192.168.1.13',0),(77666,'/api/systemSetup/dictionaries/get',-1,'获取字典','GET','id=-2&rnd=0.029748046861374666','2019-01-16 21:25:07','systemSetup','192.168.1.13',0),(77665,'/api/audit/programme/get',-1,'获取审核方案','GET','id=122&rnd=0.1316107305721026','2019-01-16 21:25:07','audit','192.168.1.13',0),(77664,'/api/systemSetup/dictionaries/get',-1,'获取字典','GET','id=-6&rnd=0.08193375078094522','2019-01-16 21:25:07','systemSetup','192.168.1.13',0),(77663,'/api/systemSetup/dictionaries/get',-1,'获取字典','GET','id=-5&rnd=0.24758367804998538','2019-01-16 21:25:07','systemSetup','192.168.1.13',0),(77662,'/api/audit/programme/list',-1,'获取审核方案列表','POST','-','2019-01-16 21:25:05','audit','192.168.1.13',0),(77660,'/api/org/user/list',-1,'获取人员列表','POST','-','2019-01-16 21:25:01','org','192.168.1.13',0),(77661,'/api/audit/programme/add',-1,'添加审核方案','POST','-','2019-01-16 21:25:05','audit','192.168.1.13',0),(77659,'/api/audit/programme/get',-1,'获取审核方案','GET','id=122&rnd=0.3744922962545332','2019-01-16 21:25:01','audit','192.168.1.13',0),(77658,'/api/systemSetup/dictionaries/get',-1,'获取字典','GET','id=-2&rnd=0.01850342383844983','2019-01-16 21:25:01','systemSetup','192.168.1.13',0),(77657,'/api/systemSetup/dictionaries/get',-1,'获取字典','GET','id=-6&rnd=0.5546901545669722','2019-01-16 21:25:01','systemSetup','192.168.1.13',0),(77656,'/api/systemSetup/dictionaries/get',-1,'获取字典','GET','id=-5&rnd=0.5784638660770967','2019-01-16 21:25:01','systemSetup','192.168.1.13',0),(77655,'/api/audit/programme/list',-1,'获取审核方案列表','POST','-','2019-01-16 21:24:59','audit','192.168.1.13',0),(77654,'/api/org/user/list',-1,'获取人员列表','POST','-','2019-01-16 21:23:32','org','192.168.1.13',0),(77653,'/api/systemSetup/dictionaries/get',-1,'获取字典','GET','id=-2&rnd=0.23992329559508008','2019-01-16 21:23:32','systemSetup','192.168.1.13',0),(77652,'/api/systemSetup/dictionaries/get',-1,'获取字典','GET','id=-6&rnd=0.5705182173446657','2019-01-16 21:23:32','systemSetup','192.168.1.13',0),(77651,'/api/systemSetup/dictionaries/get',-1,'获取字典','GET','id=-5&rnd=0.7140693379791827','2019-01-16 21:23:32','systemSetup','192.168.1.13',0),(77650,'/api/audit/programme/list',-1,'获取审核方案列表','POST','-','2019-01-16 21:23:31','audit','192.168.1.13',0),(77649,'/api/org/user/list',-1,'获取人员列表','POST','-','2019-01-16 21:23:26','org','192.168.1.13',0),(77647,'/api/systemSetup/dictionaries/get',-1,'获取字典','GET','id=-2&rnd=0.4791691500754476','2019-01-16 21:23:26','systemSetup','192.168.1.13',0),(77648,'/api/audit/programme/get',-1,'获取审核方案','GET','id=122&rnd=0.2766647861788103','2019-01-16 21:23:26','audit','192.168.1.13',0),(77646,'/api/systemSetup/dictionaries/get',-1,'获取字典','GET','id=-6&rnd=0.7442882699246225','2019-01-16 21:23:26','systemSetup','192.168.1.13',0),(77645,'/api/systemSetup/dictionaries/get',-1,'获取字典','GET','id=-5&rnd=0.1268358320255507','2019-01-16 21:23:26','systemSetup','192.168.1.13',0),(77643,'/api/audit/programme/get',-1,'获取审核方案','GET','id=122&rnd=0.532756884855258','2019-01-16 21:23:18','audit','192.168.1.13',0),(77644,'/api/audit/programme/list',-1,'获取审核方案列表','POST','-','2019-01-16 21:23:23','audit','192.168.1.13',0),(77642,'/api/audit/programme/list',-1,'获取审核方案列表','POST','-','2019-01-16 21:23:14','audit','192.168.1.13',0),(77641,'/api/audit/programme/add',-1,'添加审核方案','POST','-','2019-01-16 21:23:14','audit','192.168.1.13',0),(77640,'/api/org/department/tree',-1,'获取部门/结构/网点','GET','parentId=1&rnd=0.9297977647676543','2019-01-16 21:22:49','org','192.168.1.13',0),(77639,'/api/org/clause/title',-1,'管理办法搜索','GET','title=%E9%93%B6%E8%A1%8C&rnd=0.8361850618020119','2019-01-16 21:22:33','org','192.168.1.13',0),(77638,'/api/org/clause/title',-1,'管理办法搜索','GET','title=%E4%B8%AD%E5%9B%BD&rnd=0.3017768836853614','2019-01-16 21:22:18','org','192.168.1.13',0),(77636,'/api/org/user/list',-1,'获取人员列表','POST','-','2019-01-16 21:21:44','org','192.168.1.13',0),(77637,'/api/org/clause/title',-1,'管理办法搜索','GET','title=%E4%B8%AD%E5%9B%BD&rnd=0.8358291916442511','2019-01-16 21:22:14','org','192.168.1.13',0),(77635,'/api/systemSetup/dictionaries/get',-1,'获取字典','GET','id=-2&rnd=0.7124816403194436','2019-01-16 21:21:44','systemSetup','192.168.1.13',0),(77633,'/api/systemSetup/dictionaries/get',-1,'获取字典','GET','id=-5&rnd=0.23992962649673344','2019-01-16 21:21:44','systemSetup','192.168.1.13',0),(77634,'/api/systemSetup/dictionaries/get',-1,'获取字典','GET','id=-6&rnd=0.14186475113370034','2019-01-16 21:21:44','systemSetup','192.168.1.13',0),(77632,'/api/audit/programme/list',-1,'获取审核方案列表','POST','-','2019-01-16 21:21:37','audit','192.168.1.13',0),(77631,'/api/systemSetup/dictionaries/list',-1,'获取字典列表','POST','-','2019-01-16 21:21:30','systemSetup','192.168.1.13',0),(77629,'/api/systemSetup/dictionaries/get',-1,'获取字典','GET','id=-1&rnd=0.05786921025425906','2019-01-16 21:21:30','systemSetup','192.168.1.13',0),(77630,'/api/systemSetup/dictionaries/list',-1,'获取字典列表','POST','-','2019-01-16 21:21:30','systemSetup','192.168.1.13',0),(77627,'/api/systemSetup/log/list',-1,'获取日志列表','POST','-','2019-01-16 21:21:28','systemSetup','192.168.1.13',0),(77628,'/api/systemSetup/dictionaries/list',-1,'获取字典列表','POST','-','2019-01-16 21:21:29','systemSetup','192.168.1.13',0),(77626,'/api/systemSetup/log/list',-1,'获取日志列表','POST','-','2019-01-16 21:21:28','systemSetup','192.168.1.13',0),(77625,'/api/systemSetup/dictionaries/get',-1,'获取字典','GET','id=-2&rnd=0.3785186504069489','2019-01-16 21:21:27','systemSetup','192.168.1.13',0),(77624,'/api/systemSetup/dictionaries/get',-1,'获取字典','GET','id=-2&rnd=0.16024912888452647','2019-01-16 21:21:26','systemSetup','192.168.1.13',0),(77623,'/api/systemSetup/menu/all',-1,'获取全部菜单','POST','-','2019-01-16 21:21:24','systemSetup','192.168.1.13',0),(77622,'/api/systemSetup/login/list',-1,'获取人员列表','POST','-','2019-01-16 21:21:23','systemSetup','192.168.1.13',0),(77621,'/api/systemSetup/login/list',-1,'获取人员列表','POST','-','2019-01-16 21:21:23','systemSetup','192.168.1.13',0),(77620,'/api/systemSetup/login/list',-1,'获取人员列表','POST','-','2019-01-16 21:21:22','systemSetup','192.168.1.13',0),(77619,'/api/systemSetup/dictionaries/list',-1,'获取字典列表','POST','-','2019-01-16 21:21:20','systemSetup','192.168.1.13',0),(77618,'/api/systemSetup/dictionaries/list',-1,'获取字典列表','POST','-','2019-01-16 21:21:20','systemSetup','192.168.1.13',0),(77617,'/api/systemSetup/dictionaries/get',-1,'获取字典','GET','id=-1&rnd=0.4236890195394942','2019-01-16 21:21:20','systemSetup','192.168.1.13',0),(77616,'/api/systemSetup/dictionaries/list',-1,'获取字典列表','POST','-','2019-01-16 21:21:20','systemSetup','192.168.1.13',0),(77615,'/api/audit/rectify/list',-1,'获取整改通知列表','POST','-','2019-01-16 21:17:59','audit','192.168.1.13',0),(77614,'/api/audit/confirmation/list',-1,'获取事实确认书列表','POST','-','2019-01-16 21:17:59','audit','192.168.1.13',0),(77613,'/api/audit/statistical/get_my_punish_notice_by_year',-1,'统计分析-我的年度惩罚通知书','POST','-','2019-01-16 21:17:59','audit','192.168.1.13',0),(77612,'/api/audit/statistical/get_my_confirmation_by_year',-1,'统计分析-我的年度事实确认书','GET','rnd=0.9606926306030952','2019-01-16 21:17:59','audit','192.168.1.13',0),(77610,'/api/audit/statistical/get_my_score_by_year',-1,'统计分析-我的年度积分','GET','rnd=0.14827913617438337','2019-01-16 21:17:59','audit','192.168.1.13',0),(77611,'/api/audit/statistical/get_my_behavior_by_year',-1,'统计分析-我的年度违规行为','GET','rnd=0.0001984469276214984','2019-01-16 21:17:59','audit','192.168.1.13',0),(77609,'/api/audit/statistical/get_top_department',-1,'统计分析-年度排行部门及扣分情况','GET','rnd=0.7044268559098141','2019-01-16 21:17:59','audit','192.168.1.13',0),(77608,'/api/worker/menu/get',-1,'获取菜单','GET','rnd=0.39266670682454285','2019-01-16 21:17:58','worker','192.168.1.13',0),(77607,'/api/systemSetup/dictionaries/get',-1,'获取字典','GET','id=-3&rnd=0.9636674368808973','2019-01-16 21:17:58','systemSetup','192.168.1.13',0),(77606,'/api/systemSetup/dictionaries/get',-1,'获取字典','GET','id=-11&rnd=0.39224913883315815','2019-01-16 21:17:58','systemSetup','192.168.1.13',0),(77605,'/api/systemSetup/dictionaries/get',-1,'获取字典','GET','id=-10&rnd=0.03425831479519248','2019-01-16 21:17:58','systemSetup','192.168.1.13',0),(77604,'/api/systemSetup/dictionaries/get',-1,'获取字典','GET','id=-9&rnd=0.381068068160094','2019-01-16 21:17:58','systemSetup','192.168.1.13',0),(77603,'/api/systemSetup/dictionaries/get',-1,'获取字典','GET','id=-8&rnd=0.7722263614437255','2019-01-16 21:17:58','systemSetup','192.168.1.13',0),(77602,'/api/systemSetup/dictionaries/get',-1,'获取字典','GET','id=-7&rnd=0.29653238760477585','2019-01-16 21:17:58','systemSetup','192.168.1.13',0),(77601,'/api/systemSetup/dictionaries/get',-1,'获取字典','GET','id=-6&rnd=0.7549670177115408','2019-01-16 21:17:58','systemSetup','192.168.1.13',0),(77600,'/api/systemSetup/dictionaries/get',-1,'获取字典','GET','id=-5&rnd=0.5056163349596339','2019-01-16 21:17:58','systemSetup','192.168.1.13',0),(77599,'/api/systemSetup/dictionaries/get',-1,'获取字典','GET','id=-4&rnd=0.3808171757021639','2019-01-16 21:17:58','systemSetup','192.168.1.13',0),(77598,'/api/systemSetup/dictionaries/get',-1,'获取字典','GET','id=-3&rnd=0.1169058462134096','2019-01-16 21:17:58','systemSetup','192.168.1.13',0),(77597,'/api/systemSetup/dictionaries/get',-1,'获取字典','GET','id=-2&rnd=0.9690702861768632','2019-01-16 21:17:58','systemSetup','192.168.1.13',0),(77596,'/api/systemSetup/dictionaries/get',-1,'获取字典','GET','id=-1&rnd=0.1966878291799985','2019-01-16 21:17:58','systemSetup','192.168.1.13',0),(77595,'/api/worker/user/get',-1,'获取登录员工','PUT','-','2019-01-16 21:17:57','worker','192.168.1.13',0),(77594,'/api/audit/programme/list',-1,'获取审核方案列表','POST','-','2019-01-16 16:13:12','audit','192.168.1.13',0),(77593,'/api/audit/draft/list',-1,'获取工作底稿列表','POST','-','2019-01-16 16:13:11','audit','192.168.1.13',0),(77591,'/api/audit/programme/select',-1,'获取审核方案选择列表','POST','-','2019-01-16 16:13:11','audit','192.168.1.13',0),(77592,'/api/org/department/tree',-1,'获取部门/结构/网点','GET','parentId=1&rnd=0.10643809206077726','2019-01-16 16:13:11','org','192.168.1.13',0),(77590,'/api/audit/programme/select',-1,'获取审核方案选择列表','POST','-','2019-01-16 16:13:11','audit','192.168.1.13',0),(77589,'/api/audit/programme/select',-1,'获取审核方案选择列表','POST','-','2019-01-16 16:13:11','audit','192.168.1.13',0),(77588,'/api/audit/rectify/list',-1,'获取整改通知列表','POST','-','2019-01-16 16:13:08','audit','192.168.1.13',0),(77587,'/api/audit/confirmation/list',-1,'获取事实确认书列表','POST','-','2019-01-16 16:13:08','audit','192.168.1.13',0),(77586,'/api/audit/statistical/get_my_punish_notice_by_year',-1,'统计分析-我的年度惩罚通知书','POST','-','2019-01-16 16:13:08','audit','192.168.1.13',0),(77585,'/api/audit/statistical/get_my_confirmation_by_year',-1,'统计分析-我的年度事实确认书','GET','rnd=0.36236680209996863','2019-01-16 16:13:08','audit','192.168.1.13',0),(77540,'/api/systemSetup/dictionaries/get',-1,'获取字典','GET','id=-2&rnd=0.5821282060676176','2019-01-16 15:27:46','systemSetup','192.168.1.13',0),(77538,'/api/worker/user/get',-1,'获取登录员工','PUT','-','2019-01-16 15:27:46','worker','192.168.1.13',0),(77539,'/api/systemSetup/dictionaries/get',-1,'获取字典','GET','id=-1&rnd=0.8407717895192903','2019-01-16 15:27:46','systemSetup','192.168.1.13',0),(77541,'/api/systemSetup/dictionaries/get',-1,'获取字典','GET','id=-3&rnd=0.4141232533107513','2019-01-16 15:27:46','systemSetup','192.168.1.13',0),(77542,'/api/systemSetup/dictionaries/get',-1,'获取字典','GET','id=-4&rnd=0.806484233944305','2019-01-16 15:27:46','systemSetup','192.168.1.13',0),(77543,'/api/systemSetup/dictionaries/get',-1,'获取字典','GET','id=-5&rnd=0.9284911814717485','2019-01-16 15:27:46','systemSetup','192.168.1.13',0),(77544,'/api/systemSetup/dictionaries/get',-1,'获取字典','GET','id=-6&rnd=0.06966630556880138','2019-01-16 15:27:46','systemSetup','192.168.1.13',0),(77545,'/api/systemSetup/dictionaries/get',-1,'获取字典','GET','id=-7&rnd=0.6835345580109549','2019-01-16 15:27:46','systemSetup','192.168.1.13',0),(77546,'/api/systemSetup/dictionaries/get',-1,'获取字典','GET','id=-8&rnd=0.6997294478045533','2019-01-16 15:27:46','systemSetup','192.168.1.13',0),(77547,'/api/systemSetup/dictionaries/get',-1,'获取字典','GET','id=-9&rnd=0.06591273212399895','2019-01-16 15:27:46','systemSetup','192.168.1.13',0),(77548,'/api/systemSetup/dictionaries/get',-1,'获取字典','GET','id=-10&rnd=0.6575513742852106','2019-01-16 15:27:46','systemSetup','192.168.1.13',0),(77549,'/api/systemSetup/dictionaries/get',-1,'获取字典','GET','id=-11&rnd=0.6902827132945908','2019-01-16 15:27:46','systemSetup','192.168.1.13',0),(77550,'/api/systemSetup/dictionaries/get',-1,'获取字典','GET','id=-3&rnd=0.7792303407802217','2019-01-16 15:27:46','systemSetup','192.168.1.13',0),(77551,'/api/worker/menu/get',-1,'获取菜单','GET','rnd=0.881960546280049','2019-01-16 15:27:46','worker','192.168.1.13',0),(77552,'/api/audit/statistical/get_top_department',-1,'统计分析-年度排行部门及扣分情况','GET','rnd=0.19317307918067939','2019-01-16 15:27:47','audit','192.168.1.13',0),(77553,'/api/audit/statistical/get_my_score_by_year',-1,'统计分析-我的年度积分','GET','rnd=0.5941860093106404','2019-01-16 15:27:47','audit','192.168.1.13',0),(77554,'/api/audit/statistical/get_my_behavior_by_year',-1,'统计分析-我的年度违规行为','GET','rnd=0.5269363946980818','2019-01-16 15:27:47','audit','192.168.1.13',0),(77555,'/api/audit/statistical/get_my_confirmation_by_year',-1,'统计分析-我的年度事实确认书','GET','rnd=0.2639947805310101','2019-01-16 15:27:47','audit','192.168.1.13',0),(77556,'/api/audit/statistical/get_my_punish_notice_by_year',-1,'统计分析-我的年度惩罚通知书','POST','-','2019-01-16 15:27:47','audit','192.168.1.13',0),(77557,'/api/audit/confirmation/list',-1,'获取事实确认书列表','POST','-','2019-01-16 15:27:47','audit','192.168.1.13',0),(77558,'/api/audit/rectify/list',-1,'获取整改通知列表','POST','-','2019-01-16 15:27:47','audit','192.168.1.13',0),(77559,'/api/worker/user/get',-1,'获取登录员工','PUT','-','2019-01-16 15:32:47','worker','192.168.1.13',0),(77560,'/api/systemSetup/dictionaries/get',-1,'获取字典','GET','id=-1&rnd=0.1855961593661306','2019-01-16 15:32:47','systemSetup','192.168.1.13',0),(77561,'/api/systemSetup/dictionaries/get',-1,'获取字典','GET','id=-2&rnd=0.05060727187337544','2019-01-16 15:32:47','systemSetup','192.168.1.13',0),(77562,'/api/systemSetup/dictionaries/get',-1,'获取字典','GET','id=-4&rnd=0.8533374116519599','2019-01-16 15:32:47','systemSetup','192.168.1.13',0),(77563,'/api/systemSetup/dictionaries/get',-1,'获取字典','GET','id=-3&rnd=0.9363436774869864','2019-01-16 15:32:47','systemSetup','192.168.1.13',0),(77564,'/api/systemSetup/dictionaries/get',-1,'获取字典','GET','id=-5&rnd=0.2379896001559214','2019-01-16 15:32:47','systemSetup','192.168.1.13',0),(77565,'/api/systemSetup/dictionaries/get',-1,'获取字典','GET','id=-6&rnd=0.2821554688732142','2019-01-16 15:32:47','systemSetup','192.168.1.13',0),(77566,'/api/systemSetup/dictionaries/get',-1,'获取字典','GET','id=-7&rnd=0.6857502911331856','2019-01-16 15:32:47','systemSetup','192.168.1.13',0),(77567,'/api/systemSetup/dictionaries/get',-1,'获取字典','GET','id=-8&rnd=0.30072330150072957','2019-01-16 15:32:47','systemSetup','192.168.1.13',0),(77568,'/api/systemSetup/dictionaries/get',-1,'获取字典','GET','id=-9&rnd=0.8685921711291307','2019-01-16 15:32:47','systemSetup','192.168.1.13',0),(77569,'/api/systemSetup/dictionaries/get',-1,'获取字典','GET','id=-10&rnd=0.31005087721096825','2019-01-16 15:32:47','systemSetup','192.168.1.13',0),(77570,'/api/systemSetup/dictionaries/get',-1,'获取字典','GET','id=-11&rnd=0.23333123017535562','2019-01-16 15:32:47','systemSetup','192.168.1.13',0),(77571,'/api/systemSetup/dictionaries/get',-1,'获取字典','GET','id=-3&rnd=0.7102489539969545','2019-01-16 15:32:47','systemSetup','192.168.1.13',0),(77572,'/api/worker/menu/get',-1,'获取菜单','GET','rnd=0.9391010363285288','2019-01-16 15:32:47','worker','192.168.1.13',0),(77573,'/api/audit/statistical/get_top_department',-1,'统计分析-年度排行部门及扣分情况','GET','rnd=0.5742182943848586','2019-01-16 15:32:48','audit','192.168.1.13',0),(77574,'/api/audit/statistical/get_my_score_by_year',-1,'统计分析-我的年度积分','GET','rnd=0.1467679810489675','2019-01-16 15:32:48','audit','192.168.1.13',0),(77575,'/api/audit/statistical/get_my_behavior_by_year',-1,'统计分析-我的年度违规行为','GET','rnd=0.13847729086258442','2019-01-16 15:32:48','audit','192.168.1.13',0),(77576,'/api/audit/statistical/get_my_confirmation_by_year',-1,'统计分析-我的年度事实确认书','GET','rnd=0.4164250582430047','2019-01-16 15:32:48','audit','192.168.1.13',0),(77577,'/api/audit/confirmation/list',-1,'获取事实确认书列表','POST','-','2019-01-16 15:32:48','audit','192.168.1.13',0),(77578,'/api/audit/statistical/get_my_punish_notice_by_year',-1,'统计分析-我的年度惩罚通知书','POST','-','2019-01-16 15:32:48','audit','192.168.1.13',0),(77579,'/api/audit/rectify/list',-1,'获取整改通知列表','POST','-','2019-01-16 15:32:48','audit','192.168.1.13',0),(77580,'/api/worker/user/get',-1,'获取登录员工','PUT','-','2019-01-16 16:13:04','worker','192.168.1.13',0),(77581,'/api/worker/user/get',-1,'获取登录员工','PUT','-','2019-01-16 16:13:04','worker','192.168.1.13',0),(77582,'/api/audit/statistical/get_top_department',-1,'统计分析-年度排行部门及扣分情况','GET','rnd=0.8785689039660964','2019-01-16 16:13:08','audit','192.168.1.13',0),(77583,'/api/audit/statistical/get_my_score_by_year',-1,'统计分析-我的年度积分','GET','rnd=0.6751265556229684','2019-01-16 16:13:08','audit','192.168.1.13',0),(77584,'/api/audit/statistical/get_my_behavior_by_year',-1,'统计分析-我的年度违规行为','GET','rnd=0.9606391218784565','2019-01-16 16:13:08','audit','192.168.1.13',0);

/*Table structure for table `menu` */

DROP TABLE IF EXISTS `menu`;

CREATE TABLE `menu` (
  `id` int(11) NOT NULL AUTO_INCREMENT COMMENT '主键ID',
  `path` char(250) DEFAULT NULL COMMENT '路径',
  `name` char(250) DEFAULT NULL COMMENT '路由名称',
  `title` char(250) DEFAULT NULL COMMENT '名称',
  `icon` char(50) DEFAULT NULL COMMENT '图标',
  `no_cache` tinyint(1) NOT NULL DEFAULT '1' COMMENT '是否缓存',
  `parent_id` int(11) NOT NULL DEFAULT '-1' COMMENT '父级菜单',
  `has_child` tinyint(1) NOT NULL DEFAULT '0' COMMENT '是否有子菜单',
  `order` int(2) NOT NULL DEFAULT '0' COMMENT '排序',
  `is_use` tinyint(1) NOT NULL DEFAULT '0' COMMENT '是否启用（0禁用1启用）',
  `time` timestamp NOT NULL DEFAULT '0000-00-00 00:00:00' ON UPDATE CURRENT_TIMESTAMP COMMENT '更新日期',
  `delete` tinyint(1) NOT NULL DEFAULT '0' COMMENT '删除（0未删|1删除）',
  PRIMARY KEY (`id`)
) ENGINE=MyISAM AUTO_INCREMENT=31 DEFAULT CHARSET=utf8;

/*Data for the table `menu` */

insert  into `menu`(`id`,`path`,`name`,`title`,`icon`,`no_cache`,`parent_id`,`has_child`,`order`,`is_use`,`time`,`delete`) values (1,'','','','',1,-1,1,1,1,'2018-12-06 09:15:55',0),(2,'dashboard','Dashboard','dashboard','dashboard',1,1,0,1,1,'2019-01-06 16:37:51',0),(3,'/guide','','','',1,-1,1,2,1,'2018-12-06 09:17:06',0),(4,'index','Guide','guide','guide',1,3,0,1,1,'2019-01-06 16:54:08',0),(5,'/personal','','','',1,-1,1,3,1,'2018-12-06 09:18:09',0),(6,'index','Personal','personal','user',1,5,0,0,1,'2019-01-04 15:34:18',0),(7,'/organization','organization','organization','component',1,-1,1,4,1,'2018-12-06 09:20:43',0),(8,'notice','notice','notice','',1,7,0,1,1,'2019-01-06 16:41:06',0),(9,'departmentManagement','departmentManagement','departmentManagement','',1,7,0,2,1,'2018-12-06 09:21:31',0),(10,'personnelManagement','personnelManagement','personnelManagement','',1,7,0,3,1,'2019-01-05 10:26:15',0),(11,'managementMethods','managementMethods','managementMethods','',1,7,0,4,1,'2018-12-06 09:21:47',0),(12,'/audit','audit','audit','international',1,-1,1,5,1,'2018-12-06 09:22:10',0),(13,'workManuscript','workManuscript','workManuscript','',1,12,0,2,1,'2019-01-04 15:30:54',0),(14,'confirmation','confirmation','confirmation','',1,12,0,6,1,'2019-01-14 15:05:49',0),(15,'punishNotice','punishNotice','punishNotice','',1,12,0,7,1,'2019-01-14 15:05:50',0),(16,'integralTable','integralTable','integralTable','',1,12,0,8,1,'2019-01-14 15:05:51',0),(17,'statisticalAnalysis','statisticalAnalysis','statisticalAnalysis','',1,12,0,13,1,'2019-01-14 15:05:59',0),(18,'/system','system','system','example',1,-1,1,6,1,'2018-12-06 09:23:47',0),(19,'dictionaryManagement','dictionaryManagement','dictionaryManagement','',1,18,0,1,1,'2018-12-06 09:25:58',0),(20,'loginManagement','loginManagement','loginManagement','',1,18,0,2,1,'2018-12-06 09:26:06',0),(21,'menusManagement','menusManagement','menusManagement','',1,18,0,3,1,'2018-12-06 09:26:19',0),(22,'powerManagement','powerManagement','powerManagement','',1,18,0,4,1,'2018-12-06 09:26:27',0),(23,'systemLog','systemLog','systemLog','',1,18,0,5,1,'2018-12-06 09:26:33',0),(24,'auditPlan','auditPlan','auditPlan','',1,12,0,1,1,'2019-01-04 15:34:12',0),(25,'rectifyNotice','rectifyNotice','rectifyNotice','',1,12,0,9,1,'2019-01-14 15:05:52',0),(26,'rectifyReport','rectifyReport','rectifyReport','',1,12,0,10,1,'2019-01-14 15:05:54',0),(27,'auditReport','auditReport','auditReport','',1,12,0,11,1,'2019-01-14 15:05:57',0),(28,'introduction','introduction','introduction','',1,12,0,3,1,'2019-01-14 15:05:30',0),(29,'track','track','track','',1,12,0,12,1,'2019-01-14 15:05:58',0),(30,'auditNotice','auditNotice','auditNotice','',1,12,0,4,1,'2019-01-14 15:07:01',0);

/*Table structure for table `notice` */

DROP TABLE IF EXISTS `notice`;

CREATE TABLE `notice` (
  `id` int(11) NOT NULL AUTO_INCREMENT COMMENT '公告ID',
  `department_id` int(11) NOT NULL COMMENT '机构ID',
  `title` char(200) DEFAULT NULL COMMENT '标题',
  `content` longtext COMMENT '公告内容',
  `time` timestamp NULL DEFAULT '0000-00-00 00:00:00' ON UPDATE CURRENT_TIMESTAMP COMMENT '发布时间',
  `range` enum('1','2') DEFAULT '1' COMMENT '通知范围（1所有部门，2指定部门）',
  `author_id` int(11) NOT NULL DEFAULT '0' COMMENT '作者ID',
  `state` enum('draft','publish') DEFAULT 'draft' COMMENT '状态（draft草稿publish发布）',
  `delete` int(11) DEFAULT '0' COMMENT '删除（0未删1已删）',
  PRIMARY KEY (`id`,`department_id`)
) ENGINE=MyISAM AUTO_INCREMENT=222 DEFAULT CHARSET=utf8;

/*Data for the table `notice` */

/*Table structure for table `notice_file` */

DROP TABLE IF EXISTS `notice_file`;

CREATE TABLE `notice_file` (
  `id` int(11) NOT NULL AUTO_INCREMENT COMMENT '主键ID',
  `file_id` int(11) DEFAULT NULL COMMENT '通知附件ID',
  `notice_id` int(11) NOT NULL COMMENT '通知ID',
  `delete` tinyint(1) NOT NULL DEFAULT '0' COMMENT '删除（0未删|1已删）',
  PRIMARY KEY (`id`,`notice_id`)
) ENGINE=MyISAM AUTO_INCREMENT=56 DEFAULT CHARSET=utf8;

/*Data for the table `notice_file` */

/*Table structure for table `notice_inform` */

DROP TABLE IF EXISTS `notice_inform`;

CREATE TABLE `notice_inform` (
  `id` int(11) NOT NULL AUTO_INCREMENT COMMENT '主键ID',
  `department_id` int(11) NOT NULL COMMENT '机构ID',
  `notice_id` int(11) NOT NULL COMMENT '公告ID',
  `delete` tinyint(1) NOT NULL DEFAULT '0' COMMENT '删除（0未删|1已删）',
  PRIMARY KEY (`id`,`notice_id`)
) ENGINE=MyISAM AUTO_INCREMENT=527 DEFAULT CHARSET=utf8;

/*Data for the table `notice_inform` */

/*Table structure for table `programme` */

DROP TABLE IF EXISTS `programme`;

CREATE TABLE `programme` (
  `id` int(11) NOT NULL AUTO_INCREMENT COMMENT '方案ID',
  `title` char(200) DEFAULT NULL COMMENT '方案名称',
  `key` char(80) DEFAULT NULL COMMENT '方案分类',
  `query_department_id` int(11) NOT NULL DEFAULT '0' COMMENT '被稽核审计机构ID',
  `user_id` int(11) DEFAULT '0' COMMENT '创建方案的人员ID',
  `query_point_id` int(11) NOT NULL DEFAULT '0' COMMENT '被稽核审计网点ID',
  `purpose` varchar(500) DEFAULT NULL COMMENT '稽核目的',
  `type` char(80) DEFAULT NULL COMMENT '稽核审计方式',
  `start_time` date NOT NULL COMMENT '稽核审计开始时间',
  `end_time` date NOT NULL COMMENT '稽核审计结束时间',
  `plan_start_time` date DEFAULT NULL COMMENT '稽核业务开始时间',
  `plan_end_time` date DEFAULT NULL COMMENT '稽核业务结束时间',
  `update_time` timestamp NULL DEFAULT NULL COMMENT '更新时间',
  `number` int(11) DEFAULT NULL COMMENT '编号',
  `year` year(4) DEFAULT NULL COMMENT '年份',
  `state` enum('draft','report','dep_reject','dep_adopt','admin_reject','publish') NOT NULL DEFAULT 'draft' COMMENT '状态（draft草稿|report上报|publish发布|adopt通过|reject驳回【dep_部门负责人前缀|admin_分管领导前缀】）',
  `author_id` int(11) NOT NULL DEFAULT '0' COMMENT '创建人id',
  `delete` tinyint(1) NOT NULL DEFAULT '0' COMMENT '删除（0未删|1已删）',
  PRIMARY KEY (`id`)
) ENGINE=InnoDB AUTO_INCREMENT=139 DEFAULT CHARSET=utf8;

/*Data for the table `programme` */

insert  into `programme`(`id`,`title`,`key`,`query_department_id`,`user_id`,`query_point_id`,`purpose`,`type`,`start_time`,`end_time`,`plan_start_time`,`plan_end_time`,`update_time`,`number`,`year`,`state`,`author_id`,`delete`) values (122,'测试方案一','auditKey2',0,0,0,'目的一','auditType2','2019-01-09','2019-01-14','2019-01-24','2019-01-29','2019-01-16 21:23:14',1,2019,'draft',-1,0),(123,'测试方案一','auditKey2',0,0,0,'目的一','auditType2','2019-01-09','2019-01-14','2019-01-24','2019-01-29','2019-01-16 21:25:05',2,2019,'draft',-1,0),(124,'测试方案一','auditKey2',0,0,0,'目的一','auditType2','2019-01-09','2019-01-14','2019-01-24','2019-01-29','2019-01-16 21:25:11',3,2019,'draft',-1,0),(125,'测试方案一','auditKey2',0,0,0,'目的一','auditType2','2019-01-09','2019-01-14','2019-01-24','2019-01-29','2019-01-16 21:25:58',4,2019,'report',-1,0),(126,'测试方案一','auditKey2',0,0,0,'目的一','auditType2','2019-01-09','2019-01-14','2019-01-24','2019-01-29','2019-01-16 21:25:52',5,2019,'report',-1,0),(127,'关于对商业银行内部审计调查工作','auditKey3',0,0,0,'根据中支内审科的统一安排，今年主要参加了对xxx支行的行政执法检查、对xx支行行长履职审计、对xxx中心支局外汇依法行政审计，对参与的每一个项目检查都能认真尽职地对待，保质保量完成任务。','auditType3','2019-01-02','2019-01-28','2019-01-17','2019-01-29','2019-01-16 23:42:13',6,2019,'draft',111,0),(128,'关于对商业银行内部审计调查工作','auditKey2',0,0,0,'根据中支内审科的统一安排，今年主要参加了对xxx支行的行政执法检查、对xx支行行长履职审计、对xxx中心支局外汇依法行政审计，对参与的每一个项目检查都能认真尽职地对待，保质保量完成任务。','auditType2','2019-01-02','2019-01-28','2019-01-17','2019-01-29','2019-01-16 23:41:40',7,2019,'draft',111,0),(129,'关于对商业银行内部审计调查工作','auditKey1',0,0,0,'根据中支内审科的统一安排，今年主要参加了对xxx支行的行政执法检查、对xx支行行长履职审计、对xxx中心支局外汇依法行政审计，对参与的每一个项目检查都能认真尽职地对待，保质保量完成任务。','auditType1','2019-01-02','2019-01-28','2019-01-17','2019-01-29','2019-01-16 23:41:44',8,2019,'draft',111,0),(130,'关于对商业银行内部审计调查工作','auditKey3',0,0,0,'根据中支内审科的统一安排，今年主要参加了对xxx支行的行政执法检查、对xx支行行长履职审计、对xxx中心支局外汇依法行政审计，对参与的每一个项目检查都能认真尽职地对待，保质保量完成任务。','auditType2','2019-01-02','2019-01-28','2019-01-17','2019-01-29','2019-01-16 23:41:52',9,2019,'draft',111,0),(131,'关于对商业银行内部审计调查工作','auditKey3',0,0,0,'根据中支内审科的统一安排，今年主要参加了对xxx支行的行政执法检查、对xx支行行长履职审计、对xxx中心支局外汇依法行政审计，对参与的每一个项目检查都能认真尽职地对待，保质保量完成任务。','auditType2','2019-01-02','2019-01-28','2019-01-17','2019-01-29','2019-01-16 23:42:18',10,2019,'draft',111,0),(132,'关于对商业银行内部审计调查工作','auditKey3',0,0,0,'根据中支内审科的统一安排，今年主要参加了对xxx支行的行政执法检查、对xx支行行长履职审计、对xxx中心支局外汇依法行政审计，对参与的每一个项目检查都能认真尽职地对待，保质保量完成任务。','auditType2','2019-01-02','2019-01-28','2019-01-17','2019-01-29','2019-01-16 23:42:23',11,2019,'draft',111,0),(133,'关于对商业银行内部审计调查工作','auditKey3',0,0,0,'根据中支内审科的统一安排，今年主要参加了对xxx支行的行政执法检查、对xx支行行长履职审计、对xxx中心支局外汇依法行政审计，对参与的每一个项目检查都能认真尽职地对待，保质保量完成任务。','auditType3','2019-01-02','2019-01-28','2019-01-17','2019-01-29','2019-01-16 23:42:31',12,2019,'draft',111,0),(134,'关于对商业银行内部审计调查工作','auditKey3',0,0,0,'根据中支内审科的统一安排，今年主要参加了对xxx支行的行政执法检查、对xx支行行长履职审计、对xxx中心支局外汇依法行政审计，对参与的每一个项目检查都能认真尽职地对待，保质保量完成任务。','auditType3','2019-01-02','2019-01-28','2019-01-17','2019-01-29','2019-01-16 23:42:50',13,2019,'draft',111,0),(135,'关于对商业银行内部审计调查工作','auditKey3',0,0,0,'根据中支内审科的统一安排，今年主要参加了对xxx支行的行政执法检查、对xx支行行长履职审计、对xxx中心支局外汇依法行政审计，对参与的每一个项目检查都能认真尽职地对待，保质保量完成任务。','auditType3','2019-01-02','2019-01-28','2019-01-17','2019-01-29','2019-01-16 23:42:59',14,2019,'draft',111,0),(136,'关于对商业银行内部审计调查工作','auditKey3',0,0,0,'根据中支内审科的统一安排，今年主要参加了对xxx支行的行政执法检查、对xx支行行长履职审计、对xxx中心支局外汇依法行政审计，对参与的每一个项目检查都能认真尽职地对待，保质保量完成任务。','auditType3','2019-01-02','2019-01-28','2019-01-17','2019-01-29','2019-01-16 23:43:05',15,2019,'draft',111,0),(137,'关于对商业银行内部审计调查工作','auditKey3',0,0,0,'根据中支内审科的统一安排，今年主要参加了对xxx支行的行政执法检查、对xx支行行长履职审计、对xxx中心支局外汇依法行政审计，对参与的每一个项目检查都能认真尽职地对待，保质保量完成任务。','auditType3','2019-01-02','2019-01-28','2019-01-17','2019-01-29','2019-01-16 23:43:35',16,2019,'publish',111,0),(138,'关于对商业银行内部审计调查工作','auditKey3',0,0,0,'根据中支内审科的统一安排，今年主要参加了对xxx支行的行政执法检查、对xx支行行长履职审计、对xxx中心支局外汇依法行政审计，对参与的每一个项目检查都能认真尽职地对待，保质保量完成任务。','auditType3','2019-01-02','2019-01-28','2019-01-17','2019-01-29','2019-01-16 23:43:26',17,2019,'publish',111,0);

/*Table structure for table `programme_basis` */

DROP TABLE IF EXISTS `programme_basis`;

CREATE TABLE `programme_basis` (
  `id` int(11) NOT NULL AUTO_INCREMENT COMMENT '实施稽核的依据ID',
  `programme_id` int(11) NOT NULL DEFAULT '0' COMMENT '稽核方案ID',
  `clause_id` int(11) NOT NULL DEFAULT '0' COMMENT '管理办法ID',
  `content` char(250) DEFAULT NULL COMMENT '依据内容',
  `order` int(11) NOT NULL DEFAULT '0' COMMENT '排序序号',
  `delete` tinyint(1) NOT NULL DEFAULT '0' COMMENT '删除（0未删|1删除）',
  PRIMARY KEY (`id`)
) ENGINE=InnoDB AUTO_INCREMENT=209 DEFAULT CHARSET=utf8;

/*Data for the table `programme_basis` */

insert  into `programme_basis`(`id`,`programme_id`,`clause_id`,`content`,`order`,`delete`) values (192,122,0,'银行',1,0),(193,123,0,'银行',1,0),(194,124,0,'银行',1,0),(195,125,0,'银行',1,0),(196,126,0,'银行',1,0),(197,127,0,'我们根据本行的重点工作、簿弱环节及风险点确定审计调查项目二项。分别是《对xxx支行集中采购管理情况的调查》、《对xx支行外汇法规、内控制度和业务操作规程执行情况的调查》。',1,0),(198,128,0,'我们根据本行的重点工作、簿弱环节及风险点确定审计调查项目二项。分别是《对xxx支行集中采购管理情况的调查》、《对xx支行外汇法规、内控制度和业务操作规程执行情况的调查》。',1,0),(199,129,0,'我们根据本行的重点工作、簿弱环节及风险点确定审计调查项目二项。分别是《对xxx支行集中采购管理情况的调查》、《对xx支行外汇法规、内控制度和业务操作规程执行情况的调查》。',1,0),(200,130,0,'我们根据本行的重点工作、簿弱环节及风险点确定审计调查项目二项。分别是《对xxx支行集中采购管理情况的调查》、《对xx支行外汇法规、内控制度和业务操作规程执行情况的调查》。',1,0),(201,131,0,'我们根据本行的重点工作、簿弱环节及风险点确定审计调查项目二项。分别是《对xxx支行集中采购管理情况的调查》、《对xx支行外汇法规、内控制度和业务操作规程执行情况的调查》。',1,0),(202,132,0,'我们根据本行的重点工作、簿弱环节及风险点确定审计调查项目二项。分别是《对xxx支行集中采购管理情况的调查》、《对xx支行外汇法规、内控制度和业务操作规程执行情况的调查》。',1,0),(203,133,0,'我们根据本行的重点工作、簿弱环节及风险点确定审计调查项目二项。分别是《对xxx支行集中采购管理情况的调查》、《对xx支行外汇法规、内控制度和业务操作规程执行情况的调查》。',1,0),(204,134,0,'我们根据本行的重点工作、簿弱环节及风险点确定审计调查项目二项。分别是《对xxx支行集中采购管理情况的调查》、《对xx支行外汇法规、内控制度和业务操作规程执行情况的调查》。',1,0),(205,135,0,'我们根据本行的重点工作、簿弱环节及风险点确定审计调查项目二项。分别是《对xxx支行集中采购管理情况的调查》、《对xx支行外汇法规、内控制度和业务操作规程执行情况的调查》。',1,0),(206,136,0,'我们根据本行的重点工作、簿弱环节及风险点确定审计调查项目二项。分别是《对xxx支行集中采购管理情况的调查》、《对xx支行外汇法规、内控制度和业务操作规程执行情况的调查》。',1,0),(207,137,0,'我们根据本行的重点工作、簿弱环节及风险点确定审计调查项目二项。分别是《对xxx支行集中采购管理情况的调查》、《对xx支行外汇法规、内控制度和业务操作规程执行情况的调查》。',1,0),(208,138,0,'我们根据本行的重点工作、簿弱环节及风险点确定审计调查项目二项。分别是《对xxx支行集中采购管理情况的调查》、《对xx支行外汇法规、内控制度和业务操作规程执行情况的调查》。',1,0);

/*Table structure for table `programme_business` */

DROP TABLE IF EXISTS `programme_business`;

CREATE TABLE `programme_business` (
  `id` int(11) NOT NULL AUTO_INCREMENT COMMENT '工作方案业务范围ID',
  `programme_id` int(11) NOT NULL DEFAULT '0' COMMENT '稽核方案ID',
  `content` char(250) DEFAULT NULL COMMENT '内容',
  `order` int(11) NOT NULL DEFAULT '0' COMMENT '排序序号',
  `delete` tinyint(1) NOT NULL DEFAULT '0' COMMENT '删除（0未删|1删除）',
  PRIMARY KEY (`id`)
) ENGINE=InnoDB AUTO_INCREMENT=173 DEFAULT CHARSET=utf8;

/*Data for the table `programme_business` */

insert  into `programme_business`(`id`,`programme_id`,`content`,`order`,`delete`) values (156,122,'测试',1,0),(157,123,'测试',1,0),(158,124,'测试',1,0),(159,125,'测试',1,0),(160,126,'测试',1,0),(161,127,'支行外汇法规、内控制度和业务操作规程执行情况进行了调查，通过现场询问、调阅部分档案资料和观察临柜操作情况，基本了解和掌握了xx支局外汇管理工作情况；从调查情况来看，xx支局能够较好地执行外汇法规，及时贯彻落实外汇政策，建立了比较健全的内控管理制度，业务授权分责明确。并能根据上级局的内控要求，结合自身特点，对各项内控制度予以细化补充，及时修订完善了各项外汇业务操作流程、外管股各岗位工作职责、外管股人员考核办法，建立了《内控督导检查办法》。但也发现了不少一问题，根据问题的不同性质提出整改建议，基本得',1,0),(162,128,'支行外汇法规、内控制度和业务操作规程执行情况进行了调查，通过现场询问、调阅部分档案资料和观察临柜操作情况，基本了解和掌握了xx支局外汇管理工作情况；从调查情况来看，xx支局能够较好地执行外汇法规，及时贯彻落实外汇政策，建立了比较健全的内控管理制度，业务授权分责明确。并能根据上级局的内控要求，结合自身特点，对各项内控制度予以细化补充，及时修订完善了各项外汇业务操作流程、外管股各岗位工作职责、外管股人员考核办法，建立了《内控督导检查办法》。但也发现了不少一问题，根据问题的不同性质提出整改建议，基本得',1,0),(163,129,'支行外汇法规、内控制度和业务操作规程执行情况进行了调查，通过现场询问、调阅部分档案资料和观察临柜操作情况，基本了解和掌握了xx支局外汇管理工作情况；从调查情况来看，xx支局能够较好地执行外汇法规，及时贯彻落实外汇政策，建立了比较健全的内控管理制度，业务授权分责明确。并能根据上级局的内控要求，结合自身特点，对各项内控制度予以细化补充，及时修订完善了各项外汇业务操作流程、外管股各岗位工作职责、外管股人员考核办法，建立了《内控督导检查办法》。但也发现了不少一问题，根据问题的不同性质提出整改建议，基本得',1,0),(164,130,'支行外汇法规、内控制度和业务操作规程执行情况进行了调查，通过现场询问、调阅部分档案资料和观察临柜操作情况，基本了解和掌握了xx支局外汇管理工作情况；从调查情况来看，xx支局能够较好地执行外汇法规，及时贯彻落实外汇政策，建立了比较健全的内控管理制度，业务授权分责明确。并能根据上级局的内控要求，结合自身特点，对各项内控制度予以细化补充，及时修订完善了各项外汇业务操作流程、外管股各岗位工作职责、外管股人员考核办法，建立了《内控督导检查办法》。但也发现了不少一问题，根据问题的不同性质提出整改建议，基本得',1,0),(165,131,'支行外汇法规、内控制度和业务操作规程执行情况进行了调查，通过现场询问、调阅部分档案资料和观察临柜操作情况，基本了解和掌握了xx支局外汇管理工作情况；从调查情况来看，xx支局能够较好地执行外汇法规，及时贯彻落实外汇政策，建立了比较健全的内控管理制度，业务授权分责明确。并能根据上级局的内控要求，结合自身特点，对各项内控制度予以细化补充，及时修订完善了各项外汇业务操作流程、外管股各岗位工作职责、外管股人员考核办法，建立了《内控督导检查办法》。但也发现了不少一问题，根据问题的不同性质提出整改建议，基本得',1,0),(166,132,'支行外汇法规、内控制度和业务操作规程执行情况进行了调查，通过现场询问、调阅部分档案资料和观察临柜操作情况，基本了解和掌握了xx支局外汇管理工作情况；从调查情况来看，xx支局能够较好地执行外汇法规，及时贯彻落实外汇政策，建立了比较健全的内控管理制度，业务授权分责明确。并能根据上级局的内控要求，结合自身特点，对各项内控制度予以细化补充，及时修订完善了各项外汇业务操作流程、外管股各岗位工作职责、外管股人员考核办法，建立了《内控督导检查办法》。但也发现了不少一问题，根据问题的不同性质提出整改建议，基本得',1,0),(167,133,'支行外汇法规、内控制度和业务操作规程执行情况进行了调查，通过现场询问、调阅部分档案资料和观察临柜操作情况，基本了解和掌握了xx支局外汇管理工作情况；从调查情况来看，xx支局能够较好地执行外汇法规，及时贯彻落实外汇政策，建立了比较健全的内控管理制度，业务授权分责明确。并能根据上级局的内控要求，结合自身特点，对各项内控制度予以细化补充，及时修订完善了各项外汇业务操作流程、外管股各岗位工作职责、外管股人员考核办法，建立了《内控督导检查办法》。但也发现了不少一问题，根据问题的不同性质提出整改建议，基本得',1,0),(168,134,'支行外汇法规、内控制度和业务操作规程执行情况进行了调查，通过现场询问、调阅部分档案资料和观察临柜操作情况，基本了解和掌握了xx支局外汇管理工作情况；从调查情况来看，xx支局能够较好地执行外汇法规，及时贯彻落实外汇政策，建立了比较健全的内控管理制度，业务授权分责明确。并能根据上级局的内控要求，结合自身特点，对各项内控制度予以细化补充，及时修订完善了各项外汇业务操作流程、外管股各岗位工作职责、外管股人员考核办法，建立了《内控督导检查办法》。但也发现了不少一问题，根据问题的不同性质提出整改建议，基本得',1,0),(169,135,'支行外汇法规、内控制度和业务操作规程执行情况进行了调查，通过现场询问、调阅部分档案资料和观察临柜操作情况，基本了解和掌握了xx支局外汇管理工作情况；从调查情况来看，xx支局能够较好地执行外汇法规，及时贯彻落实外汇政策，建立了比较健全的内控管理制度，业务授权分责明确。并能根据上级局的内控要求，结合自身特点，对各项内控制度予以细化补充，及时修订完善了各项外汇业务操作流程、外管股各岗位工作职责、外管股人员考核办法，建立了《内控督导检查办法》。但也发现了不少一问题，根据问题的不同性质提出整改建议，基本得',1,0),(170,136,'支行外汇法规、内控制度和业务操作规程执行情况进行了调查，通过现场询问、调阅部分档案资料和观察临柜操作情况，基本了解和掌握了xx支局外汇管理工作情况；从调查情况来看，xx支局能够较好地执行外汇法规，及时贯彻落实外汇政策，建立了比较健全的内控管理制度，业务授权分责明确。并能根据上级局的内控要求，结合自身特点，对各项内控制度予以细化补充，及时修订完善了各项外汇业务操作流程、外管股各岗位工作职责、外管股人员考核办法，建立了《内控督导检查办法》。但也发现了不少一问题，根据问题的不同性质提出整改建议，基本得',1,0),(171,137,'支行外汇法规、内控制度和业务操作规程执行情况进行了调查，通过现场询问、调阅部分档案资料和观察临柜操作情况，基本了解和掌握了xx支局外汇管理工作情况；从调查情况来看，xx支局能够较好地执行外汇法规，及时贯彻落实外汇政策，建立了比较健全的内控管理制度，业务授权分责明确。并能根据上级局的内控要求，结合自身特点，对各项内控制度予以细化补充，及时修订完善了各项外汇业务操作流程、外管股各岗位工作职责、外管股人员考核办法，建立了《内控督导检查办法》。但也发现了不少一问题，根据问题的不同性质提出整改建议，基本得',1,0),(172,138,'支行外汇法规、内控制度和业务操作规程执行情况进行了调查，通过现场询问、调阅部分档案资料和观察临柜操作情况，基本了解和掌握了xx支局外汇管理工作情况；从调查情况来看，xx支局能够较好地执行外汇法规，及时贯彻落实外汇政策，建立了比较健全的内控管理制度，业务授权分责明确。并能根据上级局的内控要求，结合自身特点，对各项内控制度予以细化补充，及时修订完善了各项外汇业务操作流程、外管股各岗位工作职责、外管股人员考核办法，建立了《内控督导检查办法》。但也发现了不少一问题，根据问题的不同性质提出整改建议，基本得',1,0);

/*Table structure for table `programme_content` */

DROP TABLE IF EXISTS `programme_content`;

CREATE TABLE `programme_content` (
  `id` int(11) NOT NULL AUTO_INCREMENT COMMENT '工作方案主要内容ID',
  `programme_id` int(11) NOT NULL DEFAULT '0' COMMENT '稽核方案ID',
  `content` varchar(500) DEFAULT NULL COMMENT '主要内容',
  `order` int(11) NOT NULL DEFAULT '0' COMMENT '排序序号',
  `delete` tinyint(1) NOT NULL DEFAULT '0' COMMENT '删除（0未除|1已删）',
  PRIMARY KEY (`id`)
) ENGINE=InnoDB AUTO_INCREMENT=185 DEFAULT CHARSET=utf8;

/*Data for the table `programme_content` */

insert  into `programme_content`(`id`,`programme_id`,`content`,`order`,`delete`) values (129,81,'这是方案主要内容1',1,0),(130,81,'这是方案主要内容2',2,0),(131,82,'这是方案主要内容1',1,0),(132,82,'这是方案主要内容2',2,0),(134,88,'即本次审计重要性标准为：人民币9000万元。采用就地审计的各分支行重要性标准根据准则，要求以上述重要性标准1/3-1/6把握，采用抽查与送达审计相结合的分支行重要性标准不得高于1500万元，全部调整事项应予汇总后编制未调整不符事项汇总表。对于采用抽查与送达审计相结合的分支行最终误差超过1500万元的要开展进一步审计程度，进行详细审计。',1,0),(135,90,'即本次审计重要性标准为：人民币9000万元。采用就地审计的各分支行重要性标准根据准则，要求以上述重要性标准1/3-1/6把握，采用抽查与送达审计相结合的分支行重要性标准不得高于1500万元，全部调整事项应予汇总后编制未调整不符事项汇总表。对于采用抽查与送达审计相结合的分支行最终误差超过1500万元的要开展进一步审计程度，进行详细审计。',1,0),(136,91,'即本次审计重要性标准为：人民币9000万元。采用就地审计的各分支行重要性标准根据准则，要求以上述重要性标准1/3-1/6把握，采用抽查与送达审计相结合的分支行重要性标准不得高于1500万元，全部调整事项应予汇总后编制未调整不符事项汇总表。对于采用抽查与送达审计相结合的分支行最终误差超过1500万元的要开展进一步审计程度，进行详细审计。',1,0),(137,92,'即本次审计重要性标准为：人民币9000万元。采用就地审计的各分支行重要性标准根据准则，要求以上述重要性标准1/3-1/6把握，采用抽查与送达审计相结合的分支行重要性标准不得高于1500万元，全部调整事项应予汇总后编制未调整不符事项汇总表。对于采用抽查与送达审计相结合的分支行最终误差超过1500万元的要开展进一步审计程度，进行详细审计。',1,0),(138,93,'即本次审计重要性标准为：人民币9000万元。采用就地审计的各分支行重要性标准根据准则，要求以上述重要性标准1/3-1/6把握，采用抽查与送达审计相结合的分支行重要性标准不得高于1500万元，全部调整事项应予汇总后编制未调整不符事项汇总表。对于采用抽查与送达审计相结合的分支行最终误差超过1500万元的要开展进一步审计程度，进行详细审计。 ',1,0),(139,94,'即本次审计重要性标准为：人民币9000万元。采用就地审计的各分支行重要性标准根据准则，要求以上述重要性标准1/3-1/6把握，采用抽查与送达审计相结合的分支行重要性标准不得高于1500万元，全部调整事项应予汇总后编制未调整不符事项汇总表。对于采用抽查与送达审计相结合的分支行最终误差超过1500万元的要开展进一步审计程度，进行详细审计。',1,0),(140,95,'即本次审计重要性标准为：人民币9000万元。采用就地审计的各分支行重要性标准根据准则，要求以上述重要性标准1/3-1/6把握，采用抽查与送达审计相结合的分支行重要性标准不得高于1500万元，全部调整事项应予汇总后编制未调整不符事项汇总表。对于采用抽查与送达审计相结合的分支行最终误差超过1500万元的要开展进一步审计程度，进行详细审计。',1,0),(141,96,'即本次审计重要性标准为：人民币9000万元。采用就地审计的各分支行重要性标准根据准则，要求以上述重要性标准1/3-1/6把握，采用抽查与送达审计相结合的分支行重要性标准不得高于1500万元，全部调整事项应予汇总后编制未调整不符事项汇总表。对于采用抽查与送达审计相结合的分支行最终误差超过1500万元的要开展进一步审计程度，进行详细审计。',1,0),(142,99,'qwe',1,0),(143,100,'达到',1,0),(144,101,'胜多负少的GV',1,1),(145,102,'大师as',1,1),(146,103,'大师as',1,1),(147,104,'胜多负少的GV',1,1),(148,105,'达到',1,0),(149,106,'达到',1,0),(150,107,'达到',1,1),(151,108,'达到',1,1),(152,109,'达到',1,1),(153,110,'达到',1,1),(154,111,'qwe',1,1),(155,112,'qwe',1,1),(156,113,'qwe',1,1),(157,114,'qwe',1,1),(158,115,'qwe',1,1),(159,116,'qwe',1,1),(160,117,'qwe',1,1),(161,118,'即本次审计重要性标准为：人民币9000万元。采用就地审计的各分支行重要性标准根据准则，要求以上述重要性标准1/3-1/6把握，采用抽查与送达审计相结合的分支行重要性标准不得高于1500万元，全部调整事项应予汇总后编制未调整不符事项汇总表。对于采用抽查与送达审计相结合的分支行最终误差超过1500万元的要开展进一步审计程度，进行详细审计。',1,0),(162,119,'即本次审计重要性标准为：人民币9000万元。采用就地审计的各分支行重要性标准根据准则，要求以上述重要性标准1/3-1/6把握，采用抽查与送达审计相结合的分支行重要性标准不得高于1500万元，全部调整事项应予汇总后编制未调整不符事项汇总表。对于采用抽查与送达审计相结合的分支行最终误差超过1500万元的要开展进一步审计程度，进行详细审计。1',1,0),(163,119,'即本次审计重要性标准为：人民币9000万元。采用就地审计的各分支行重要性标准根据准则，要求以上述重要性标准1/3-1/6把握，采用抽查与送达审计相结合的分支行重要性标准不得高于1500万元，全部调整事项应予汇总后编制未调整不符事项汇总表。对于采用抽查与送达审计相结合的分支行最终误差超过1500万元的要开展进一步审计程度，进行详细审计。2',2,0),(164,120,'即本次审计重要性标准为：人民币9000万元。采用就地审计的各分支行重要性标准根据准则，要求以上述重要性标准1/3-1/6把握，采用抽查与送达审计相结合的分支行重要性标准不得高于1500万元，全部调整事项应予汇总后编制未调整不符事项汇总表。对于采用抽查与送达审计相结合的分支行最终误差超过1500万元的要开展进一步审计程度，进行详细审计。1',1,0),(165,120,'即本次审计重要性标准为：人民币9000万元。采用就地审计的各分支行重要性标准根据准则，要求以上述重要性标准1/3-1/6把握，采用抽查与送达审计相结合的分支行重要性标准不得高于1500万元，全部调整事项应予汇总后编制未调整不符事项汇总表。对于采用抽查与送达审计相结合的分支行最终误差超过1500万元的要开展进一步审计程度，进行详细审计。2',2,0),(166,121,'即本次审计重要性标准为：人民币9000万元。采用就地审计的各分支行重要性标准根据准则，要求以上述重要性标准1/3-1/6把握，采用抽查与送达审计相结合的分支行重要性标准不得高于1500万元，全部调整事项应予汇总后编制未调整不符事项汇总表。对于采用抽查与送达审计相结合的分支行最终误差超过1500万元的要开展进一步审计程度，进行详细审计。1',1,0),(167,121,'即本次审计重要性标准为：人民币9000万元。采用就地审计的各分支行重要性标准根据准则，要求以上述重要性标准1/3-1/6把握，采用抽查与送达审计相结合的分支行重要性标准不得高于1500万元，全部调整事项应予汇总后编制未调整不符事项汇总表。对于采用抽查与送达审计相结合的分支行最终误差超过1500万元的要开展进一步审计程度，进行详细审计。2',2,0),(168,122,'测试',1,0),(169,123,'测试',1,0),(170,124,'测试',1,0),(171,125,'测试',1,0),(172,126,'测试',1,0),(173,127,'说说抓对，每月打算本钱法核算下的料单要抓对，推销部的那联与大库考核回来的那联要抓队（一式几联是复写来的，所以号码肯定是不合的抓对），若是推销部的联次有，而大库的联次沒有就是說明大库沒有验收，或资料沒到，就挂在途。若是推销部的联次沒有，而大库的联次有，那肯定是暂估的联次，发票未到，而资料到了，要暂估入库，次月冲暂估，发票来时普通入。抓队能够按号码分，如票据号码为658320，就看百位和十位數字，即32，把32的票据放到一路，异样33的或34的85的，说的是百位和十位數字不合的都放在一路，摆一桌面，最后一堆一堆的抓，如许抓对是最快的，当然了，我说的这种是营业量较大的情況下，若是营业量小的话如何抓都有理。',1,0),(174,128,'说说抓对，每月打算本钱法核算下的料单要抓对，推销部的那联与大库考核回来的那联要抓队（一式几联是复写来的，所以号码肯定是不合的抓对），若是推销部的联次有，而大库的联次沒有就是說明大库沒有验收，或资料沒到，就挂在途。若是推销部的联次沒有，而大库的联次有，那肯定是暂估的联次，发票未到，而资料到了，要暂估入库，次月冲暂估，发票来时普通入。抓队能够按号码分，如票据号码为658320，就看百位和十位數字，即32，把32的票据放到一路，异样33的或34的85的，说的是百位和十位數字不合的都放在一路，摆一桌面，最后一堆一堆的抓，如许抓对是最快的，当然了，我说的这种是营业量较大的情況下，若是营业量小的话如何抓都有理。',1,0),(175,129,'说说抓对，每月打算本钱法核算下的料单要抓对，推销部的那联与大库考核回来的那联要抓队（一式几联是复写来的，所以号码肯定是不合的抓对），若是推销部的联次有，而大库的联次沒有就是說明大库沒有验收，或资料沒到，就挂在途。若是推销部的联次沒有，而大库的联次有，那肯定是暂估的联次，发票未到，而资料到了，要暂估入库，次月冲暂估，发票来时普通入。抓队能够按号码分，如票据号码为658320，就看百位和十位數字，即32，把32的票据放到一路，异样33的或34的85的，说的是百位和十位數字不合的都放在一路，摆一桌面，最后一堆一堆的抓，如许抓对是最快的，当然了，我说的这种是营业量较大的情況下，若是营业量小的话如何抓都有理。',1,0),(176,130,'说说抓对，每月打算本钱法核算下的料单要抓对，推销部的那联与大库考核回来的那联要抓队（一式几联是复写来的，所以号码肯定是不合的抓对），若是推销部的联次有，而大库的联次沒有就是說明大库沒有验收，或资料沒到，就挂在途。若是推销部的联次沒有，而大库的联次有，那肯定是暂估的联次，发票未到，而资料到了，要暂估入库，次月冲暂估，发票来时普通入。抓队能够按号码分，如票据号码为658320，就看百位和十位數字，即32，把32的票据放到一路，异样33的或34的85的，说的是百位和十位數字不合的都放在一路，摆一桌面，最后一堆一堆的抓，如许抓对是最快的，当然了，我说的这种是营业量较大的情況下，若是营业量小的话如何抓都有理。',1,0),(177,131,'说说抓对，每月打算本钱法核算下的料单要抓对，推销部的那联与大库考核回来的那联要抓队（一式几联是复写来的，所以号码肯定是不合的抓对），若是推销部的联次有，而大库的联次沒有就是說明大库沒有验收，或资料沒到，就挂在途。若是推销部的联次沒有，而大库的联次有，那肯定是暂估的联次，发票未到，而资料到了，要暂估入库，次月冲暂估，发票来时普通入。抓队能够按号码分，如票据号码为658320，就看百位和十位數字，即32，把32的票据放到一路，异样33的或34的85的，说的是百位和十位數字不合的都放在一路，摆一桌面，最后一堆一堆的抓，如许抓对是最快的，当然了，我说的这种是营业量较大的情況下，若是营业量小的话如何抓都有理。',1,0),(178,132,'说说抓对，每月打算本钱法核算下的料单要抓对，推销部的那联与大库考核回来的那联要抓队（一式几联是复写来的，所以号码肯定是不合的抓对），若是推销部的联次有，而大库的联次沒有就是說明大库沒有验收，或资料沒到，就挂在途。若是推销部的联次沒有，而大库的联次有，那肯定是暂估的联次，发票未到，而资料到了，要暂估入库，次月冲暂估，发票来时普通入。抓队能够按号码分，如票据号码为658320，就看百位和十位數字，即32，把32的票据放到一路，异样33的或34的85的，说的是百位和十位數字不合的都放在一路，摆一桌面，最后一堆一堆的抓，如许抓对是最快的，当然了，我说的这种是营业量较大的情況下，若是营业量小的话如何抓都有理。',1,0),(179,133,'说说抓对，每月打算本钱法核算下的料单要抓对，推销部的那联与大库考核回来的那联要抓队（一式几联是复写来的，所以号码肯定是不合的抓对），若是推销部的联次有，而大库的联次沒有就是說明大库沒有验收，或资料沒到，就挂在途。若是推销部的联次沒有，而大库的联次有，那肯定是暂估的联次，发票未到，而资料到了，要暂估入库，次月冲暂估，发票来时普通入。抓队能够按号码分，如票据号码为658320，就看百位和十位數字，即32，把32的票据放到一路，异样33的或34的85的，说的是百位和十位數字不合的都放在一路，摆一桌面，最后一堆一堆的抓，如许抓对是最快的，当然了，我说的这种是营业量较大的情況下，若是营业量小的话如何抓都有理。',1,0),(180,134,'说说抓对，每月打算本钱法核算下的料单要抓对，推销部的那联与大库考核回来的那联要抓队（一式几联是复写来的，所以号码肯定是不合的抓对），若是推销部的联次有，而大库的联次沒有就是說明大库沒有验收，或资料沒到，就挂在途。若是推销部的联次沒有，而大库的联次有，那肯定是暂估的联次，发票未到，而资料到了，要暂估入库，次月冲暂估，发票来时普通入。抓队能够按号码分，如票据号码为658320，就看百位和十位數字，即32，把32的票据放到一路，异样33的或34的85的，说的是百位和十位數字不合的都放在一路，摆一桌面，最后一堆一堆的抓，如许抓对是最快的，当然了，我说的这种是营业量较大的情況下，若是营业量小的话如何抓都有理。',1,0),(181,135,'说说抓对，每月打算本钱法核算下的料单要抓对，推销部的那联与大库考核回来的那联要抓队（一式几联是复写来的，所以号码肯定是不合的抓对），若是推销部的联次有，而大库的联次沒有就是說明大库沒有验收，或资料沒到，就挂在途。若是推销部的联次沒有，而大库的联次有，那肯定是暂估的联次，发票未到，而资料到了，要暂估入库，次月冲暂估，发票来时普通入。抓队能够按号码分，如票据号码为658320，就看百位和十位數字，即32，把32的票据放到一路，异样33的或34的85的，说的是百位和十位數字不合的都放在一路，摆一桌面，最后一堆一堆的抓，如许抓对是最快的，当然了，我说的这种是营业量较大的情況下，若是营业量小的话如何抓都有理。',1,0),(182,136,'说说抓对，每月打算本钱法核算下的料单要抓对，推销部的那联与大库考核回来的那联要抓队（一式几联是复写来的，所以号码肯定是不合的抓对），若是推销部的联次有，而大库的联次沒有就是說明大库沒有验收，或资料沒到，就挂在途。若是推销部的联次沒有，而大库的联次有，那肯定是暂估的联次，发票未到，而资料到了，要暂估入库，次月冲暂估，发票来时普通入。抓队能够按号码分，如票据号码为658320，就看百位和十位數字，即32，把32的票据放到一路，异样33的或34的85的，说的是百位和十位數字不合的都放在一路，摆一桌面，最后一堆一堆的抓，如许抓对是最快的，当然了，我说的这种是营业量较大的情況下，若是营业量小的话如何抓都有理。',1,0),(183,137,'说说抓对，每月打算本钱法核算下的料单要抓对，推销部的那联与大库考核回来的那联要抓队（一式几联是复写来的，所以号码肯定是不合的抓对），若是推销部的联次有，而大库的联次沒有就是說明大库沒有验收，或资料沒到，就挂在途。若是推销部的联次沒有，而大库的联次有，那肯定是暂估的联次，发票未到，而资料到了，要暂估入库，次月冲暂估，发票来时普通入。抓队能够按号码分，如票据号码为658320，就看百位和十位數字，即32，把32的票据放到一路，异样33的或34的85的，说的是百位和十位數字不合的都放在一路，摆一桌面，最后一堆一堆的抓，如许抓对是最快的，当然了，我说的这种是营业量较大的情況下，若是营业量小的话如何抓都有理。',1,0),(184,138,'说说抓对，每月打算本钱法核算下的料单要抓对，推销部的那联与大库考核回来的那联要抓队（一式几联是复写来的，所以号码肯定是不合的抓对），若是推销部的联次有，而大库的联次沒有就是說明大库沒有验收，或资料沒到，就挂在途。若是推销部的联次沒有，而大库的联次有，那肯定是暂估的联次，发票未到，而资料到了，要暂估入库，次月冲暂估，发票来时普通入。抓队能够按号码分，如票据号码为658320，就看百位和十位數字，即32，把32的票据放到一路，异样33的或34的85的，说的是百位和十位數字不合的都放在一路，摆一桌面，最后一堆一堆的抓，如许抓对是最快的，当然了，我说的这种是营业量较大的情況下，若是营业量小的话如何抓都有理。',1,0);

/*Table structure for table `programme_emphases` */

DROP TABLE IF EXISTS `programme_emphases`;

CREATE TABLE `programme_emphases` (
  `id` int(11) NOT NULL AUTO_INCREMENT COMMENT '工作方案重点ID',
  `programme_id` int(11) NOT NULL DEFAULT '0' COMMENT '稽核方案ID',
  `content` char(250) DEFAULT NULL COMMENT '内容',
  `order` int(11) NOT NULL DEFAULT '0' COMMENT '排序序号',
  `delete` tinyint(1) NOT NULL DEFAULT '0' COMMENT '删除（0未删|1删除）',
  PRIMARY KEY (`id`)
) ENGINE=InnoDB AUTO_INCREMENT=143 DEFAULT CHARSET=utf8;

/*Data for the table `programme_emphases` */

insert  into `programme_emphases`(`id`,`programme_id`,`content`,`order`,`delete`) values (87,81,'方案重点1',1,0),(88,81,'方案重点2',2,0),(89,82,'方案重点1',1,0),(90,82,'方案重点2',2,0),(91,88,'即本次审计重要性标准为：人民币9000万元。采用就地审计的各分支行重要性标准根据准则，要求以上述重要性标准1/3-1/6把握，采用抽查与送达审计相结合的分支行重要性标准不得高于1500万元，全部调整事项应予汇总后编制未调整不符事项汇总表。对于采用抽查与送达审计相结合的分支行最终误差超过1500万元的要开展进一步审计程度，进行详细审计。',1,0),(93,90,'本次审计根据以往我们对次级信贷业务内部控制了解及其对次级信贷业务的初步审阅，我们认为本次审计相对于上一年而言,信贷余额没有发生重大变化。因此，本次审计的重要性标准依据次级信贷的0.5%计算约为0.9亿元（即9000万元）作为本次审计的重要性标准,本次所有单独或汇总起来后对本行信贷业务产生重大影响的调整或重分类不超过上述标准。',1,0),(94,91,' 本次审计根据以往我们对次级信贷业务内部控制了解及其对次级信贷业务的初步审阅，我们认为本次审计相对于上一年而言,信贷余额没有发生重大变化。因此，本次审计的重要性标准依据次级信贷的0.5%计算约为0.9亿元（即9000万元）作为本次审计的重要性标准,本次所有单独或汇总起来后对本行信贷业务产生重大影响的调整或重分类不超过上述标准。',1,0),(95,92,'本次审计根据以往我们对次级信贷业务内部控制了解及其对次级信贷业务的初步审阅，我们认为本次审计相对于上一年而言,信贷余额没有发生重大变化。因此，本次审计的重要性标准依据次级信贷的0.5%计算约为0.9亿元（即9000万元）作为本次审计的重要性标准,本次所有单独或汇总起来后对本行信贷业务产生重大影响的调整或重分类不超过上述标准。',1,0),(96,93,'本次审计根据以往我们对次级信贷业务内部控制了解及其对次级信贷业务的初步审阅，我们认为本次审计相对于上一年而言,信贷余额没有发生重大变化。因此，本次审计的重要性标准依据次级信贷的0.5%计算约为0.9亿元（即9000万元）作为本次审计的重要性标准,本次所有单独或汇总起来后对本行信贷业务产生重大影响的调整或重分类不超过上述标准。',1,0),(97,94,'\n本次审计根据以往我们对次级信贷业务内部控制了解及其对次级信贷业务的初步审阅，我们认为本次审计相对于上一年而言,信贷余额没有发生重大变化。因此，本次审计的重要性标准依据次级信贷的0.5%计算约为0.9亿元（即9000万元）作为本次审计的重要性标准,本次所有单独或汇总起来后对本行信贷业务产生重大影响的调整或重分类不超过上述标准。',1,0),(98,95,'本次审计根据以往我们对次级信贷业务内部控制了解及其对次级信贷业务的初步审阅，我们认为本次审计相对于上一年而言,信贷余额没有发生重大变化。因此，本次审计的重要性标准依据次级信贷的0.5%计算约为0.9亿元（即9000万元）作为本次审计的重要性标准,本次所有单独或汇总起来后对本行信贷业务产生重大影响的调整或重分类不超过上述标准。',1,0),(99,96,'本次审计根据以往我们对次级信贷业务内部控制了解及其对次级信贷业务的初步审阅，我们认为本次审计相对于上一年而言,信贷余额没有发生重大变化。因此，本次审计的重要性标准依据次级信贷的0.5%计算约为0.9亿元（即9000万元）作为本次审计的重要性标准,本次所有单独或汇总起来后对本行信贷业务产生重大影响的调整或重分类不超过上述标准。',1,0),(100,99,'qwe',1,0),(101,100,'设定',1,0),(102,101,'防守打法好吧',1,1),(103,102,'阿萨斯的a',1,1),(104,103,'阿萨斯的a',1,1),(105,104,'防守打法好吧',1,1),(106,105,'设定',1,0),(107,106,'设定',1,0),(108,107,'设定',1,1),(109,108,'设定',1,1),(110,109,'设定',1,1),(111,110,'设定',1,1),(112,111,'qwe',1,1),(113,112,'qwe',1,1),(114,113,'qwe',1,1),(115,114,'qwe',1,1),(116,115,'qwe',1,1),(117,116,'qwe',1,1),(118,117,'qwe',1,1),(119,118,'本次审计根据以往我们对次级信贷业务内部控制了解及其对次级信贷业务的初步审阅，我们认为本次审计相对于上一年而言,信贷余额没有发生重大变化。因此，本次审计的重要性标准依据次级信贷的0.5%计算约为0.9亿元（即9000万元）作为本次审计的重要性标准,本次所有单独或汇总起来后对本行信贷业务产生重大影响的调整或重分类不超过上述标准。',1,0),(120,119,'本次审计根据以往我们对次级信贷业务内部控制了解及其对次级信贷业务的初步审阅，我们认为本次审计相对于上一年而言,信贷余额没有发生重大变化。因此，本次审计的重要性标准依据次级信贷的0.5%计算约为0.9亿元（即9000万元）作为本次审计的重要性标准,本次所有单独或汇总起来后对本行信贷业务产生重大影响的调整或重分类不超过上述标准。1',1,0),(121,119,'本次审计根据以往我们对次级信贷业务内部控制了解及其对次级信贷业务的初步审阅，我们认为本次审计相对于上一年而言,信贷余额没有发生重大变化。因此，本次审计的重要性标准依据次级信贷的0.5%计算约为0.9亿元（即9000万元）作为本次审计的重要性标准,本次所有单独或汇总起来后对本行信贷业务产生重大影响的调整或重分类不超过上述标准。2',2,0),(122,120,'本次审计根据以往我们对次级信贷业务内部控制了解及其对次级信贷业务的初步审阅，我们认为本次审计相对于上一年而言,信贷余额没有发生重大变化。因此，本次审计的重要性标准依据次级信贷的0.5%计算约为0.9亿元（即9000万元）作为本次审计的重要性标准,本次所有单独或汇总起来后对本行信贷业务产生重大影响的调整或重分类不超过上述标准。1',1,0),(123,120,'本次审计根据以往我们对次级信贷业务内部控制了解及其对次级信贷业务的初步审阅，我们认为本次审计相对于上一年而言,信贷余额没有发生重大变化。因此，本次审计的重要性标准依据次级信贷的0.5%计算约为0.9亿元（即9000万元）作为本次审计的重要性标准,本次所有单独或汇总起来后对本行信贷业务产生重大影响的调整或重分类不超过上述标准。2',2,0),(124,121,'本次审计根据以往我们对次级信贷业务内部控制了解及其对次级信贷业务的初步审阅，我们认为本次审计相对于上一年而言,信贷余额没有发生重大变化。因此，本次审计的重要性标准依据次级信贷的0.5%计算约为0.9亿元（即9000万元）作为本次审计的重要性标准,本次所有单独或汇总起来后对本行信贷业务产生重大影响的调整或重分类不超过上述标准。1',1,0),(125,121,'本次审计根据以往我们对次级信贷业务内部控制了解及其对次级信贷业务的初步审阅，我们认为本次审计相对于上一年而言,信贷余额没有发生重大变化。因此，本次审计的重要性标准依据次级信贷的0.5%计算约为0.9亿元（即9000万元）作为本次审计的重要性标准,本次所有单独或汇总起来后对本行信贷业务产生重大影响的调整或重分类不超过上述标准。2',2,0),(126,122,'测试',1,0),(127,123,'测试',1,0),(128,124,'测试',1,0),(129,125,'测试',1,0),(130,126,'测试',1,0),(131,127,'根据中支内审科的统一安排，今年主要参加了对xxxx支行的行政执法检查、对xxx支行行长履职审计、对xxxx中心支局外汇依法行政审计，对参与的每一个项目检查都能认真尽职地对待，保质保量完成任务。',1,0),(132,128,'根据中支内审科的统一安排，今年主要参加了对xxxx支行的行政执法检查、对xxx支行行长履职审计、对xxxx中心支局外汇依法行政审计，对参与的每一个项目检查都能认真尽职地对待，保质保量完成任务。',1,0),(133,129,'根据中支内审科的统一安排，今年主要参加了对xxxx支行的行政执法检查、对xxx支行行长履职审计、对xxxx中心支局外汇依法行政审计，对参与的每一个项目检查都能认真尽职地对待，保质保量完成任务。',1,0),(134,130,'根据中支内审科的统一安排，今年主要参加了对xxxx支行的行政执法检查、对xxx支行行长履职审计、对xxxx中心支局外汇依法行政审计，对参与的每一个项目检查都能认真尽职地对待，保质保量完成任务。',1,0),(135,131,'根据中支内审科的统一安排，今年主要参加了对xxxx支行的行政执法检查、对xxx支行行长履职审计、对xxxx中心支局外汇依法行政审计，对参与的每一个项目检查都能认真尽职地对待，保质保量完成任务。',1,0),(136,132,'根据中支内审科的统一安排，今年主要参加了对xxxx支行的行政执法检查、对xxx支行行长履职审计、对xxxx中心支局外汇依法行政审计，对参与的每一个项目检查都能认真尽职地对待，保质保量完成任务。',1,0),(137,133,'根据中支内审科的统一安排，今年主要参加了对xxxx支行的行政执法检查、对xxx支行行长履职审计、对xxxx中心支局外汇依法行政审计，对参与的每一个项目检查都能认真尽职地对待，保质保量完成任务。',1,0),(138,134,'根据中支内审科的统一安排，今年主要参加了对xxxx支行的行政执法检查、对xxx支行行长履职审计、对xxxx中心支局外汇依法行政审计，对参与的每一个项目检查都能认真尽职地对待，保质保量完成任务。',1,0),(139,135,'根据中支内审科的统一安排，今年主要参加了对xxxx支行的行政执法检查、对xxx支行行长履职审计、对xxxx中心支局外汇依法行政审计，对参与的每一个项目检查都能认真尽职地对待，保质保量完成任务。',1,0),(140,136,'根据中支内审科的统一安排，今年主要参加了对xxxx支行的行政执法检查、对xxx支行行长履职审计、对xxxx中心支局外汇依法行政审计，对参与的每一个项目检查都能认真尽职地对待，保质保量完成任务。',1,0),(141,137,'根据中支内审科的统一安排，今年主要参加了对xxxx支行的行政执法检查、对xxx支行行长履职审计、对xxxx中心支局外汇依法行政审计，对参与的每一个项目检查都能认真尽职地对待，保质保量完成任务。',1,0),(142,138,'根据中支内审科的统一安排，今年主要参加了对xxxx支行的行政执法检查、对xxx支行行长履职审计、对xxxx中心支局外汇依法行政审计，对参与的每一个项目检查都能认真尽职地对待，保质保量完成任务。',1,0);

/*Table structure for table `programme_examine_admin` */

DROP TABLE IF EXISTS `programme_examine_admin`;

CREATE TABLE `programme_examine_admin` (
  `id` int(11) NOT NULL AUTO_INCREMENT COMMENT '部门负责人审核ID',
  `programme_id` int(11) DEFAULT NULL COMMENT '方案ID',
  `user_id` int(11) DEFAULT NULL COMMENT '审核人ID',
  `content` varchar(500) DEFAULT NULL COMMENT '审核意见内容',
  `time` timestamp NOT NULL DEFAULT CURRENT_TIMESTAMP ON UPDATE CURRENT_TIMESTAMP COMMENT '审核时间',
  `state` char(20) NOT NULL DEFAULT 'reject' COMMENT '审核状态（reject驳回|adopt通过）',
  `file_id` int(11) DEFAULT NULL COMMENT '签名附件ID(未启用)',
  `delete` tinyint(1) NOT NULL DEFAULT '0' COMMENT '删除（0未删|1已删）',
  PRIMARY KEY (`id`)
) ENGINE=InnoDB AUTO_INCREMENT=12 DEFAULT CHARSET=utf8;

/*Data for the table `programme_examine_admin` */

insert  into `programme_examine_admin`(`id`,`programme_id`,`user_id`,`content`,`time`,`state`,`file_id`,`delete`) values (10,138,176,'通过！','2019-01-17 00:26:05','adopt',NULL,0),(11,137,176,'通过！','2019-01-17 00:26:12','adopt',NULL,0);

/*Table structure for table `programme_examine_dep` */

DROP TABLE IF EXISTS `programme_examine_dep`;

CREATE TABLE `programme_examine_dep` (
  `id` int(11) NOT NULL AUTO_INCREMENT COMMENT '部门负责人审核ID',
  `programme_id` int(11) DEFAULT NULL COMMENT '方案ID',
  `user_id` int(11) DEFAULT NULL COMMENT '审核人ID',
  `content` varchar(500) DEFAULT NULL COMMENT '审核意见内容',
  `time` timestamp NOT NULL DEFAULT CURRENT_TIMESTAMP ON UPDATE CURRENT_TIMESTAMP COMMENT '审核时间',
  `state` char(20) NOT NULL DEFAULT 'reject' COMMENT '审核状态（reject驳回|adopt通过）',
  `file_id` int(11) DEFAULT NULL COMMENT '签名附件ID(未启用)',
  `delete` tinyint(1) NOT NULL DEFAULT '0' COMMENT '删除（0未删|1已删）',
  PRIMARY KEY (`id`)
) ENGINE=InnoDB AUTO_INCREMENT=13 DEFAULT CHARSET=utf8;

/*Data for the table `programme_examine_dep` */

insert  into `programme_examine_dep`(`id`,`programme_id`,`user_id`,`content`,`time`,`state`,`file_id`,`delete`) values (11,138,177,'通过。','2019-01-17 00:20:05','adopt',NULL,0),(12,137,177,'通过！','2019-01-17 00:20:23','adopt',NULL,0);

/*Table structure for table `programme_step` */

DROP TABLE IF EXISTS `programme_step`;

CREATE TABLE `programme_step` (
  `id` int(11) NOT NULL AUTO_INCREMENT COMMENT '审查方案实施步骤ID',
  `programme_id` int(11) NOT NULL DEFAULT '0' COMMENT '稽核方案ID',
  `type` enum('step','title','content') NOT NULL DEFAULT 'content' COMMENT '类型（step步骤|title标题|content内容）',
  `content` varchar(500) DEFAULT NULL COMMENT '内容',
  `order` int(11) NOT NULL DEFAULT '0' COMMENT '排序序号',
  `delete` tinyint(1) NOT NULL DEFAULT '0' COMMENT '删除（0未删|1删除）',
  PRIMARY KEY (`id`)
) ENGINE=InnoDB AUTO_INCREMENT=523 DEFAULT CHARSET=utf8;

/*Data for the table `programme_step` */

insert  into `programme_step`(`id`,`programme_id`,`type`,`content`,`order`,`delete`) values (393,122,'title','测试',1,0),(394,122,'content','测试',2,0),(395,122,'step','测试',3,0),(396,123,'title','测试',1,0),(397,123,'content','测试',2,0),(398,123,'step','测试',3,0),(399,124,'title','测试',1,0),(400,124,'content','测试',2,0),(401,124,'step','测试',3,0),(402,125,'title','测试',1,1),(403,125,'content','测试',2,1),(404,125,'step','测试',3,0),(405,126,'title','测试',1,1),(406,126,'content','测试',2,1),(407,126,'step','测试',3,0),(408,126,'title','测试',1,0),(409,126,'content','测试',2,0),(410,125,'title','测试',1,0),(411,125,'content','测试',2,0),(412,127,'title','领导重视，强化整改意识。布置安排对2010年度以来审计发现问题和整改情况进行检查事宜。要求有关部门进一步落实责任，制定切实可行的措施；强化整改意识，主动查找风险隐患，坚决杜绝同类问题的再次发生。',1,1),(413,127,'content','精心组织，确保整改实效。安排专人对所有审计项目进行逐一梳理，认真排查问题整改情况；并要求各部门将自查情况、未整改原因及下一步具体整改措施报内审部门。内审在各部门自查的基础上，组织人员进行了再检查',2,1),(414,127,'step','强化责任，落实整改措施。制定了瑞安支行内审整改责任追究制度，对检查发现的问题经过直接责任人、部门负责人认定后，根据问题的原因、性质和情节等采取相应的责任追究措施,并给予经济处罚。',3,0),(415,127,'title','严格督促，实现整改目标。针对个别未整改到位的问题，督促,制定下一步具体整改措施。通过开展审计发现问题整改情况的“回头看”活动，真正实现了“整改促完善、整改促提高、整改促进步”的目标。',4,1),(416,127,'content','审有无合同，没有推销合同肯定不予付款。',5,1),(417,127,'step','厚度不能跨越4厘米。',6,0),(418,127,'step','借债单上有无相关部门及财政部带领签字，签字不全，或借债单填写有误者不予付款。',7,0),(419,127,'content','审以前有无往来联系，以前付款后，销货或供给劳务的收款方的收款收条能否开具，前款未清、后款不付，前款应收回的收条未清，后款不予支付。',8,1),(420,128,'title','领导重视，强化整改意识。布置安排对2010年度以来审计发现问题和整改情况进行检查事宜。要求有关部门进一步落实责任，制定切实可行的措施；强化整改意识，主动查找风险隐患，坚决杜绝同类问题的再次发生。',1,0),(421,128,'content','精心组织，确保整改实效。安排专人对所有审计项目进行逐一梳理，认真排查问题整改情况；并要求各部门将自查情况、未整改原因及下一步具体整改措施报内审部门。内审在各部门自查的基础上，组织人员进行了再检查',2,0),(422,128,'step','强化责任，落实整改措施。制定了瑞安支行内审整改责任追究制度，对检查发现的问题经过直接责任人、部门负责人认定后，根据问题的原因、性质和情节等采取相应的责任追究措施,并给予经济处罚。',3,0),(423,128,'title','严格督促，实现整改目标。针对个别未整改到位的问题，督促,制定下一步具体整改措施。通过开展审计发现问题整改情况的“回头看”活动，真正实现了“整改促完善、整改促提高、整改促进步”的目标。',4,0),(424,128,'content','审有无合同，没有推销合同肯定不予付款。',5,0),(425,128,'step','厚度不能跨越4厘米。',6,0),(426,128,'step','借债单上有无相关部门及财政部带领签字，签字不全，或借债单填写有误者不予付款。',7,0),(427,128,'content','审以前有无往来联系，以前付款后，销货或供给劳务的收款方的收款收条能否开具，前款未清、后款不付，前款应收回的收条未清，后款不予支付。',8,0),(428,129,'title','领导重视，强化整改意识。布置安排对2010年度以来审计发现问题和整改情况进行检查事宜。要求有关部门进一步落实责任，制定切实可行的措施；强化整改意识，主动查找风险隐患，坚决杜绝同类问题的再次发生。',1,0),(429,129,'content','精心组织，确保整改实效。安排专人对所有审计项目进行逐一梳理，认真排查问题整改情况；并要求各部门将自查情况、未整改原因及下一步具体整改措施报内审部门。内审在各部门自查的基础上，组织人员进行了再检查',2,0),(430,129,'step','强化责任，落实整改措施。制定了瑞安支行内审整改责任追究制度，对检查发现的问题经过直接责任人、部门负责人认定后，根据问题的原因、性质和情节等采取相应的责任追究措施,并给予经济处罚。',3,0),(431,129,'title','严格督促，实现整改目标。针对个别未整改到位的问题，督促,制定下一步具体整改措施。通过开展审计发现问题整改情况的“回头看”活动，真正实现了“整改促完善、整改促提高、整改促进步”的目标。',4,0),(432,129,'content','审有无合同，没有推销合同肯定不予付款。',5,0),(433,129,'step','厚度不能跨越4厘米。',6,0),(434,129,'step','借债单上有无相关部门及财政部带领签字，签字不全，或借债单填写有误者不予付款。',7,0),(435,129,'content','审以前有无往来联系，以前付款后，销货或供给劳务的收款方的收款收条能否开具，前款未清、后款不付，前款应收回的收条未清，后款不予支付。',8,0),(436,130,'title','领导重视，强化整改意识。布置安排对2010年度以来审计发现问题和整改情况进行检查事宜。要求有关部门进一步落实责任，制定切实可行的措施；强化整改意识，主动查找风险隐患，坚决杜绝同类问题的再次发生。',1,0),(437,130,'content','精心组织，确保整改实效。安排专人对所有审计项目进行逐一梳理，认真排查问题整改情况；并要求各部门将自查情况、未整改原因及下一步具体整改措施报内审部门。内审在各部门自查的基础上，组织人员进行了再检查',2,0),(438,130,'step','强化责任，落实整改措施。制定了瑞安支行内审整改责任追究制度，对检查发现的问题经过直接责任人、部门负责人认定后，根据问题的原因、性质和情节等采取相应的责任追究措施,并给予经济处罚。',3,0),(439,130,'title','严格督促，实现整改目标。针对个别未整改到位的问题，督促,制定下一步具体整改措施。通过开展审计发现问题整改情况的“回头看”活动，真正实现了“整改促完善、整改促提高、整改促进步”的目标。',4,0),(440,130,'content','审有无合同，没有推销合同肯定不予付款。',5,0),(441,130,'step','厚度不能跨越4厘米。',6,0),(442,130,'step','借债单上有无相关部门及财政部带领签字，签字不全，或借债单填写有误者不予付款。',7,0),(443,130,'content','审以前有无往来联系，以前付款后，销货或供给劳务的收款方的收款收条能否开具，前款未清、后款不付，前款应收回的收条未清，后款不予支付。',8,0),(444,127,'title','领导重视，强化整改意识。布置安排对2010年度以来审计发现问题和整改情况进行检查事宜。要求有关部门进一步落实责任，制定切实可行的措施；强化整改意识，主动查找风险隐患，坚决杜绝同类问题的再次发生。',1,0),(445,127,'content','精心组织，确保整改实效。安排专人对所有审计项目进行逐一梳理，认真排查问题整改情况；并要求各部门将自查情况、未整改原因及下一步具体整改措施报内审部门。内审在各部门自查的基础上，组织人员进行了再检查',2,0),(446,127,'title','严格督促，实现整改目标。针对个别未整改到位的问题，督促,制定下一步具体整改措施。通过开展审计发现问题整改情况的“回头看”活动，真正实现了“整改促完善、整改促提高、整改促进步”的目标。',4,0),(447,127,'content','审有无合同，没有推销合同肯定不予付款。',5,0),(448,127,'content','审以前有无往来联系，以前付款后，销货或供给劳务的收款方的收款收条能否开具，前款未清、后款不付，前款应收回的收条未清，后款不予支付。',8,0),(449,131,'title','领导重视，强化整改意识。布置安排对2010年度以来审计发现问题和整改情况进行检查事宜。要求有关部门进一步落实责任，制定切实可行的措施；强化整改意识，主动查找风险隐患，坚决杜绝同类问题的再次发生。',1,0),(450,131,'content','精心组织，确保整改实效。安排专人对所有审计项目进行逐一梳理，认真排查问题整改情况；并要求各部门将自查情况、未整改原因及下一步具体整改措施报内审部门。内审在各部门自查的基础上，组织人员进行了再检查',2,0),(451,131,'step','强化责任，落实整改措施。制定了瑞安支行内审整改责任追究制度，对检查发现的问题经过直接责任人、部门负责人认定后，根据问题的原因、性质和情节等采取相应的责任追究措施,并给予经济处罚。',3,0),(452,131,'title','严格督促，实现整改目标。针对个别未整改到位的问题，督促,制定下一步具体整改措施。通过开展审计发现问题整改情况的“回头看”活动，真正实现了“整改促完善、整改促提高、整改促进步”的目标。',4,0),(453,131,'content','审有无合同，没有推销合同肯定不予付款。',5,0),(454,131,'step','厚度不能跨越4厘米。',6,0),(455,131,'step','借债单上有无相关部门及财政部带领签字，签字不全，或借债单填写有误者不予付款。',7,0),(456,131,'content','审以前有无往来联系，以前付款后，销货或供给劳务的收款方的收款收条能否开具，前款未清、后款不付，前款应收回的收条未清，后款不予支付。',8,0),(457,132,'title','领导重视，强化整改意识。布置安排对2010年度以来审计发现问题和整改情况进行检查事宜。要求有关部门进一步落实责任，制定切实可行的措施；强化整改意识，主动查找风险隐患，坚决杜绝同类问题的再次发生。',1,0),(458,132,'content','精心组织，确保整改实效。安排专人对所有审计项目进行逐一梳理，认真排查问题整改情况；并要求各部门将自查情况、未整改原因及下一步具体整改措施报内审部门。内审在各部门自查的基础上，组织人员进行了再检查',2,0),(459,132,'step','强化责任，落实整改措施。制定了瑞安支行内审整改责任追究制度，对检查发现的问题经过直接责任人、部门负责人认定后，根据问题的原因、性质和情节等采取相应的责任追究措施,并给予经济处罚。',3,0),(460,132,'title','严格督促，实现整改目标。针对个别未整改到位的问题，督促,制定下一步具体整改措施。通过开展审计发现问题整改情况的“回头看”活动，真正实现了“整改促完善、整改促提高、整改促进步”的目标。',4,0),(461,132,'content','审有无合同，没有推销合同肯定不予付款。',5,0),(462,132,'step','厚度不能跨越4厘米。',6,0),(463,132,'step','借债单上有无相关部门及财政部带领签字，签字不全，或借债单填写有误者不予付款。',7,0),(464,132,'content','审以前有无往来联系，以前付款后，销货或供给劳务的收款方的收款收条能否开具，前款未清、后款不付，前款应收回的收条未清，后款不予支付。',8,0),(465,133,'title','领导重视，强化整改意识。布置安排对2010年度以来审计发现问题和整改情况进行检查事宜。要求有关部门进一步落实责任，制定切实可行的措施；强化整改意识，主动查找风险隐患，坚决杜绝同类问题的再次发生。',1,0),(466,133,'content','精心组织，确保整改实效。安排专人对所有审计项目进行逐一梳理，认真排查问题整改情况；并要求各部门将自查情况、未整改原因及下一步具体整改措施报内审部门。内审在各部门自查的基础上，组织人员进行了再检查',2,0),(467,133,'step','强化责任，落实整改措施。制定了瑞安支行内审整改责任追究制度，对检查发现的问题经过直接责任人、部门负责人认定后，根据问题的原因、性质和情节等采取相应的责任追究措施,并给予经济处罚。',3,0),(468,133,'title','严格督促，实现整改目标。针对个别未整改到位的问题，督促,制定下一步具体整改措施。通过开展审计发现问题整改情况的“回头看”活动，真正实现了“整改促完善、整改促提高、整改促进步”的目标。',4,0),(469,133,'content','审有无合同，没有推销合同肯定不予付款。',5,0),(470,133,'step','厚度不能跨越4厘米。',6,0),(471,133,'step','借债单上有无相关部门及财政部带领签字，签字不全，或借债单填写有误者不予付款。',7,0),(472,133,'content','审以前有无往来联系，以前付款后，销货或供给劳务的收款方的收款收条能否开具，前款未清、后款不付，前款应收回的收条未清，后款不予支付。',8,0),(473,134,'title','领导重视，强化整改意识。布置安排对2010年度以来审计发现问题和整改情况进行检查事宜。要求有关部门进一步落实责任，制定切实可行的措施；强化整改意识，主动查找风险隐患，坚决杜绝同类问题的再次发生。',1,0),(474,134,'content','精心组织，确保整改实效。安排专人对所有审计项目进行逐一梳理，认真排查问题整改情况；并要求各部门将自查情况、未整改原因及下一步具体整改措施报内审部门。内审在各部门自查的基础上，组织人员进行了再检查',2,0),(475,134,'step','强化责任，落实整改措施。制定了瑞安支行内审整改责任追究制度，对检查发现的问题经过直接责任人、部门负责人认定后，根据问题的原因、性质和情节等采取相应的责任追究措施,并给予经济处罚。',3,0),(476,134,'title','严格督促，实现整改目标。针对个别未整改到位的问题，督促,制定下一步具体整改措施。通过开展审计发现问题整改情况的“回头看”活动，真正实现了“整改促完善、整改促提高、整改促进步”的目标。',4,0),(477,134,'content','审有无合同，没有推销合同肯定不予付款。',5,0),(478,134,'step','厚度不能跨越4厘米。',6,0),(479,134,'step','借债单上有无相关部门及财政部带领签字，签字不全，或借债单填写有误者不予付款。',7,0),(480,134,'content','审以前有无往来联系，以前付款后，销货或供给劳务的收款方的收款收条能否开具，前款未清、后款不付，前款应收回的收条未清，后款不予支付。',8,0),(481,135,'title','领导重视，强化整改意识。布置安排对2010年度以来审计发现问题和整改情况进行检查事宜。要求有关部门进一步落实责任，制定切实可行的措施；强化整改意识，主动查找风险隐患，坚决杜绝同类问题的再次发生。',1,0),(482,135,'content','精心组织，确保整改实效。安排专人对所有审计项目进行逐一梳理，认真排查问题整改情况；并要求各部门将自查情况、未整改原因及下一步具体整改措施报内审部门。内审在各部门自查的基础上，组织人员进行了再检查',2,0),(483,135,'step','强化责任，落实整改措施。制定了瑞安支行内审整改责任追究制度，对检查发现的问题经过直接责任人、部门负责人认定后，根据问题的原因、性质和情节等采取相应的责任追究措施,并给予经济处罚。',3,0),(484,135,'title','严格督促，实现整改目标。针对个别未整改到位的问题，督促,制定下一步具体整改措施。通过开展审计发现问题整改情况的“回头看”活动，真正实现了“整改促完善、整改促提高、整改促进步”的目标。',4,0),(485,135,'content','审有无合同，没有推销合同肯定不予付款。',5,0),(486,135,'step','厚度不能跨越4厘米。',6,0),(487,135,'step','借债单上有无相关部门及财政部带领签字，签字不全，或借债单填写有误者不予付款。',7,0),(488,135,'content','审以前有无往来联系，以前付款后，销货或供给劳务的收款方的收款收条能否开具，前款未清、后款不付，前款应收回的收条未清，后款不予支付。',8,0),(489,136,'title','领导重视，强化整改意识。布置安排对2010年度以来审计发现问题和整改情况进行检查事宜。要求有关部门进一步落实责任，制定切实可行的措施；强化整改意识，主动查找风险隐患，坚决杜绝同类问题的再次发生。',1,0),(490,136,'content','精心组织，确保整改实效。安排专人对所有审计项目进行逐一梳理，认真排查问题整改情况；并要求各部门将自查情况、未整改原因及下一步具体整改措施报内审部门。内审在各部门自查的基础上，组织人员进行了再检查',2,0),(491,136,'step','强化责任，落实整改措施。制定了瑞安支行内审整改责任追究制度，对检查发现的问题经过直接责任人、部门负责人认定后，根据问题的原因、性质和情节等采取相应的责任追究措施,并给予经济处罚。',3,0),(492,136,'title','严格督促，实现整改目标。针对个别未整改到位的问题，督促,制定下一步具体整改措施。通过开展审计发现问题整改情况的“回头看”活动，真正实现了“整改促完善、整改促提高、整改促进步”的目标。',4,0),(493,136,'content','审有无合同，没有推销合同肯定不予付款。',5,0),(494,136,'step','厚度不能跨越4厘米。',6,0),(495,136,'step','借债单上有无相关部门及财政部带领签字，签字不全，或借债单填写有误者不予付款。',7,0),(496,136,'content','审以前有无往来联系，以前付款后，销货或供给劳务的收款方的收款收条能否开具，前款未清、后款不付，前款应收回的收条未清，后款不予支付。',8,0),(497,137,'title','领导重视，强化整改意识。布置安排对2010年度以来审计发现问题和整改情况进行检查事宜。要求有关部门进一步落实责任，制定切实可行的措施；强化整改意识，主动查找风险隐患，坚决杜绝同类问题的再次发生。',1,1),(498,137,'content','精心组织，确保整改实效。安排专人对所有审计项目进行逐一梳理，认真排查问题整改情况；并要求各部门将自查情况、未整改原因及下一步具体整改措施报内审部门。内审在各部门自查的基础上，组织人员进行了再检查',2,1),(499,137,'step','强化责任，落实整改措施。制定了瑞安支行内审整改责任追究制度，对检查发现的问题经过直接责任人、部门负责人认定后，根据问题的原因、性质和情节等采取相应的责任追究措施,并给予经济处罚。',3,0),(500,137,'title','严格督促，实现整改目标。针对个别未整改到位的问题，督促,制定下一步具体整改措施。通过开展审计发现问题整改情况的“回头看”活动，真正实现了“整改促完善、整改促提高、整改促进步”的目标。',4,1),(501,137,'content','审有无合同，没有推销合同肯定不予付款。',5,1),(502,137,'step','厚度不能跨越4厘米。',6,0),(503,137,'step','借债单上有无相关部门及财政部带领签字，签字不全，或借债单填写有误者不予付款。',7,0),(504,137,'content','审以前有无往来联系，以前付款后，销货或供给劳务的收款方的收款收条能否开具，前款未清、后款不付，前款应收回的收条未清，后款不予支付。',8,1),(505,138,'title','领导重视，强化整改意识。布置安排对2010年度以来审计发现问题和整改情况进行检查事宜。要求有关部门进一步落实责任，制定切实可行的措施；强化整改意识，主动查找风险隐患，坚决杜绝同类问题的再次发生。',1,1),(506,138,'content','精心组织，确保整改实效。安排专人对所有审计项目进行逐一梳理，认真排查问题整改情况；并要求各部门将自查情况、未整改原因及下一步具体整改措施报内审部门。内审在各部门自查的基础上，组织人员进行了再检查',2,1),(507,138,'step','强化责任，落实整改措施。制定了瑞安支行内审整改责任追究制度，对检查发现的问题经过直接责任人、部门负责人认定后，根据问题的原因、性质和情节等采取相应的责任追究措施,并给予经济处罚。',3,0),(508,138,'title','严格督促，实现整改目标。针对个别未整改到位的问题，督促,制定下一步具体整改措施。通过开展审计发现问题整改情况的“回头看”活动，真正实现了“整改促完善、整改促提高、整改促进步”的目标。',4,1),(509,138,'content','审有无合同，没有推销合同肯定不予付款。',5,1),(510,138,'step','厚度不能跨越4厘米。',6,0),(511,138,'step','借债单上有无相关部门及财政部带领签字，签字不全，或借债单填写有误者不予付款。',7,0),(512,138,'content','审以前有无往来联系，以前付款后，销货或供给劳务的收款方的收款收条能否开具，前款未清、后款不付，前款应收回的收条未清，后款不予支付。',8,1),(513,138,'title','领导重视，强化整改意识。布置安排对2010年度以来审计发现问题和整改情况进行检查事宜。要求有关部门进一步落实责任，制定切实可行的措施；强化整改意识，主动查找风险隐患，坚决杜绝同类问题的再次发生。',1,0),(514,138,'content','精心组织，确保整改实效。安排专人对所有审计项目进行逐一梳理，认真排查问题整改情况；并要求各部门将自查情况、未整改原因及下一步具体整改措施报内审部门。内审在各部门自查的基础上，组织人员进行了再检查',2,0),(515,138,'title','严格督促，实现整改目标。针对个别未整改到位的问题，督促,制定下一步具体整改措施。通过开展审计发现问题整改情况的“回头看”活动，真正实现了“整改促完善、整改促提高、整改促进步”的目标。',4,0),(516,138,'content','审有无合同，没有推销合同肯定不予付款。',5,0),(517,138,'content','审以前有无往来联系，以前付款后，销货或供给劳务的收款方的收款收条能否开具，前款未清、后款不付，前款应收回的收条未清，后款不予支付。',8,0),(518,137,'title','领导重视，强化整改意识。布置安排对2010年度以来审计发现问题和整改情况进行检查事宜。要求有关部门进一步落实责任，制定切实可行的措施；强化整改意识，主动查找风险隐患，坚决杜绝同类问题的再次发生。',1,0),(519,137,'content','精心组织，确保整改实效。安排专人对所有审计项目进行逐一梳理，认真排查问题整改情况；并要求各部门将自查情况、未整改原因及下一步具体整改措施报内审部门。内审在各部门自查的基础上，组织人员进行了再检查',2,0),(520,137,'title','严格督促，实现整改目标。针对个别未整改到位的问题，督促,制定下一步具体整改措施。通过开展审计发现问题整改情况的“回头看”活动，真正实现了“整改促完善、整改促提高、整改促进步”的目标。',4,0),(521,137,'content','审有无合同，没有推销合同肯定不予付款。',5,0),(522,137,'content','审以前有无往来联系，以前付款后，销货或供给劳务的收款方的收款收条能否开具，前款未清、后款不付，前款应收回的收条未清，后款不予支付。',8,0);

/*Table structure for table `programme_user` */

DROP TABLE IF EXISTS `programme_user`;

CREATE TABLE `programme_user` (
  `id` int(11) NOT NULL AUTO_INCREMENT COMMENT '工作方案主要内容ID',
  `programme_id` int(11) NOT NULL DEFAULT '0' COMMENT '稽核方案ID',
  `user_id` int(11) NOT NULL DEFAULT '0' COMMENT '员工ID',
  `job` char(100) NOT NULL DEFAULT '-' COMMENT '员工行政职务',
  `title` char(100) NOT NULL DEFAULT '-' COMMENT '员工技术职称',
  `task` varchar(500) DEFAULT NULL COMMENT '员工分工',
  `order` int(11) NOT NULL DEFAULT '0' COMMENT '排序序号',
  `delete` tinyint(1) NOT NULL DEFAULT '0' COMMENT '删除（0未除|1已删）',
  PRIMARY KEY (`id`)
) ENGINE=InnoDB AUTO_INCREMENT=194 DEFAULT CHARSET=utf8;

/*Data for the table `programme_user` */

insert  into `programme_user`(`id`,`programme_id`,`user_id`,`job`,`title`,`task`,`order`,`delete`) values (177,122,-1,'jsz','测试','测试',1,0),(178,123,-1,'jsz','测试','测试',1,0),(179,124,-1,'jsz','测试','测试',1,0),(180,125,-1,'jsz','测试','测试',1,0),(181,126,-1,'jsz','测试','测试',1,0),(182,127,84,'staff','高级','审计',1,0),(183,128,84,'staff','高级','审计',1,0),(184,129,84,'staff','高级','审计',1,0),(185,130,84,'staff','高级','审计',1,0),(186,131,84,'staff','高级','审计',1,0),(187,132,84,'staff','高级','审计',1,0),(188,133,71,'staff','高级','审计',1,0),(189,134,71,'staff','高级','审计',1,0),(190,135,-1,'staff','高级','审计',1,0),(191,136,74,'staff','高级','审计',1,0),(192,137,71,'staff','高级','审计',1,0),(193,138,-1,'staff','高级','审计',1,0);

/*Table structure for table `punish_notice` */

DROP TABLE IF EXISTS `punish_notice`;

CREATE TABLE `punish_notice` (
  `id` int(11) NOT NULL AUTO_INCREMENT COMMENT '处罚通知ID',
  `confirmation_id` int(11) NOT NULL DEFAULT '0' COMMENT '确认书ID',
  `draft_id` int(11) NOT NULL DEFAULT '0' COMMENT '工作底稿ID',
  `user_id` int(11) NOT NULL DEFAULT '0' COMMENT '被惩罚人ID',
  `number` char(50) DEFAULT NULL COMMENT '文件号',
  `time` timestamp NULL DEFAULT NULL COMMENT '生成时间',
  `basis_clause_id` int(11) DEFAULT NULL COMMENT '依据文件id',
  `state` enum('draft','jh_draft','jh_publish','ld_draft','ld_publish','bgs_draft','publish') NOT NULL DEFAULT 'draft' COMMENT '状态（draft草稿|publish发布）',
  `update_time` timestamp NULL DEFAULT NULL COMMENT '更新时间',
  `delete` tinyint(1) NOT NULL DEFAULT '0' COMMENT '删除（0未删|1删除）',
  PRIMARY KEY (`id`)
) ENGINE=InnoDB AUTO_INCREMENT=29 DEFAULT CHARSET=utf8;

/*Data for the table `punish_notice` */

/*Table structure for table `punish_notice_behavior` */

DROP TABLE IF EXISTS `punish_notice_behavior`;

CREATE TABLE `punish_notice_behavior` (
  `id` int(11) NOT NULL AUTO_INCREMENT COMMENT '违规行为ID',
  `punish_notice_id` int(11) NOT NULL DEFAULT '0' COMMENT '惩罚通知ID',
  `user_id` int(11) NOT NULL DEFAULT '0' COMMENT '记录人ID',
  `behavior_id` int(11) DEFAULT NULL COMMENT '违规行为ID',
  `content` char(250) DEFAULT NULL COMMENT '违规行为内容',
  `update_time` timestamp NULL DEFAULT NULL COMMENT '填写时间',
  `delete` tinyint(1) NOT NULL DEFAULT '0' COMMENT '删除（0未删|1删除）',
  PRIMARY KEY (`id`)
) ENGINE=InnoDB AUTO_INCREMENT=21 DEFAULT CHARSET=utf8;

/*Data for the table `punish_notice_behavior` */

/*Table structure for table `punish_notice_score` */

DROP TABLE IF EXISTS `punish_notice_score`;

CREATE TABLE `punish_notice_score` (
  `id` int(11) NOT NULL AUTO_INCREMENT COMMENT '处罚分数ID',
  `cognizance_user_id` int(11) NOT NULL DEFAULT '0' COMMENT '处罚人员ID',
  `punish_notice_id` int(11) NOT NULL DEFAULT '0' COMMENT '处罚通知ID',
  `score` int(5) NOT NULL DEFAULT '0' COMMENT '处罚分数(填写的数*1000保存)',
  `money` int(11) DEFAULT NULL COMMENT '处罚金额(填写的数*1000保存)',
  `update_time` timestamp NULL DEFAULT NULL COMMENT '处罚时间',
  `delete` tinyint(1) NOT NULL DEFAULT '0' COMMENT '删除（0未删|1删除）',
  PRIMARY KEY (`id`)
) ENGINE=InnoDB AUTO_INCREMENT=25 DEFAULT CHARSET=utf8;

/*Data for the table `punish_notice_score` */

/*Table structure for table `rbac` */

DROP TABLE IF EXISTS `rbac`;

CREATE TABLE `rbac` (
  `rid` int(11) NOT NULL AUTO_INCREMENT COMMENT '权限主键ID',
  `key` char(80) NOT NULL DEFAULT '-' COMMENT '角色key（字典）',
  `menu_id` int(11) NOT NULL DEFAULT '0' COMMENT '菜单ID',
  `is_read` tinyint(1) NOT NULL DEFAULT '0' COMMENT '是否可读',
  `is_write` tinyint(1) NOT NULL DEFAULT '0' COMMENT '是否可写',
  `delete` tinyint(1) NOT NULL DEFAULT '0' COMMENT '删除（0未删|1已删）',
  PRIMARY KEY (`rid`)
) ENGINE=MyISAM AUTO_INCREMENT=1668 DEFAULT CHARSET=utf8;

/*Data for the table `rbac` */

insert  into `rbac`(`rid`,`key`,`menu_id`,`is_read`,`is_write`,`delete`) values (763,'staff',23,0,0,0),(762,'staff',22,0,0,0),(761,'staff',21,0,0,0),(760,'staff',20,0,0,0),(759,'staff',19,0,0,0),(758,'staff',18,0,0,0),(757,'staff',27,1,1,0),(756,'staff',26,1,1,0),(755,'staff',25,1,1,0),(754,'staff',24,1,1,0),(753,'staff',17,1,1,0),(752,'staff',16,1,1,0),(751,'staff',15,1,1,0),(750,'staff',14,1,1,0),(1370,'management',23,1,1,0),(1369,'management',22,1,1,0),(1368,'management',21,1,1,0),(1367,'management',20,1,1,0),(1366,'management',19,1,1,0),(1365,'management',18,1,1,0),(1364,'management',17,1,1,0),(1363,'management',29,1,1,0),(1362,'management',27,1,1,0),(1361,'management',26,1,1,0),(1360,'management',25,1,1,0),(1359,'management',16,1,1,0),(1358,'management',15,1,1,0),(1357,'management',14,1,1,0),(1356,'management',30,0,0,0),(1355,'management',28,1,1,0),(1354,'management',13,1,1,0),(1353,'management',24,1,1,0),(1352,'management',12,1,1,0),(1351,'management',11,1,0,0),(1350,'management',10,1,0,0),(1349,'management',9,1,0,0),(1348,'management',8,1,0,0),(1667,'admin',23,1,1,0),(1666,'admin',22,1,1,0),(1665,'admin',21,1,1,0),(1664,'admin',20,1,1,0),(1663,'admin',19,1,1,0),(1662,'admin',18,1,1,0),(1661,'admin',17,1,1,0),(1660,'admin',29,1,1,0),(1659,'admin',27,1,1,0),(1658,'admin',26,1,1,0),(1657,'admin',25,1,1,0),(1656,'admin',16,1,1,0),(1655,'admin',15,1,1,0),(1654,'admin',14,1,1,0),(1653,'admin',30,1,1,0),(1652,'admin',28,1,1,0),(1651,'admin',13,1,1,0),(1650,'admin',24,1,1,0),(1649,'admin',12,1,1,0),(1648,'admin',11,1,1,0),(1647,'admin',10,1,1,0),(1646,'admin',9,1,1,0),(1645,'admin',8,1,1,0),(749,'staff',13,1,1,0),(748,'staff',12,1,1,0),(747,'staff',11,0,0,0),(746,'staff',10,0,0,0),(745,'staff',9,0,0,0),(744,'staff',8,0,0,0),(743,'staff',7,0,0,0),(742,'staff',5,1,0,0),(741,'staff',3,1,0,0),(1644,'admin',7,1,1,0),(1347,'management',7,1,0,0),(740,'staff',1,1,0,0),(1124,'zr',20,0,0,0),(1123,'zr',19,0,0,0),(1122,'zr',18,0,0,0),(1121,'zr',17,1,1,0),(1120,'zr',0,0,0,0),(1119,'zr',27,1,1,0),(1118,'zr',26,1,1,0),(1117,'zr',25,1,1,0),(1116,'zr',16,1,1,0),(1115,'zr',15,1,1,0),(1114,'zr',14,1,1,0),(1113,'zr',0,1,1,0),(1112,'zr',0,0,0,0),(1111,'zr',13,1,1,0),(1110,'zr',24,1,1,0),(1109,'zr',12,1,1,0),(1108,'zr',11,1,0,0),(1107,'zr',10,1,0,0),(1106,'zr',9,1,0,0),(1105,'zr',8,1,0,0),(1104,'zr',7,1,0,0),(1103,'zr',5,1,1,0),(1102,'zr',3,0,0,0),(1101,'zr',1,1,1,0),(1097,'fzr',20,0,0,0),(1096,'fzr',19,0,0,0),(1095,'fzr',18,0,0,0),(1094,'fzr',17,1,1,0),(1093,'fzr',0,0,0,0),(1092,'fzr',27,1,1,0),(1091,'fzr',26,1,1,0),(1090,'fzr',25,1,1,0),(1089,'fzr',16,1,1,0),(1088,'fzr',15,1,1,0),(1087,'fzr',14,1,1,0),(1086,'fzr',0,0,0,0),(1085,'fzr',0,0,0,0),(1084,'fzr',13,1,1,0),(1083,'fzr',24,1,1,0),(1082,'fzr',12,1,1,0),(1081,'fzr',11,1,1,0),(1080,'fzr',10,1,1,0),(1079,'fzr',9,1,1,0),(1078,'fzr',8,1,1,0),(1077,'fzr',7,1,1,0),(1076,'fzr',5,1,0,0),(1075,'fzr',3,0,0,0),(1074,'fzr',1,1,0,0),(1643,'admin',5,1,0,0),(1642,'admin',3,1,0,0),(1346,'management',6,1,1,0),(1345,'management',4,1,1,0),(1641,'admin',1,1,1,0),(1262,'fgld',23,1,1,0),(1261,'fgld',22,1,1,0),(1260,'fgld',21,1,1,0),(1259,'fgld',20,1,1,0),(1258,'fgld',19,1,1,0),(1257,'fgld',18,1,1,0),(1256,'fgld',17,1,1,0),(1255,'fgld',29,1,1,0),(1254,'fgld',27,1,1,0),(1253,'fgld',26,1,1,0),(1252,'fgld',25,1,1,0),(1251,'fgld',16,1,1,0),(1250,'fgld',15,1,1,0),(1249,'fgld',14,1,1,0),(1248,'fgld',30,1,1,0),(1247,'fgld',28,1,1,0),(1246,'fgld',13,1,1,0),(1245,'fgld',24,1,1,0),(1244,'fgld',12,1,1,0),(1243,'fgld',11,1,1,0),(1242,'fgld',10,1,1,0),(1241,'fgld',9,1,1,0),(1240,'fgld',8,1,1,0),(1239,'fgld',7,1,1,0),(1238,'fgld',6,1,1,0),(1237,'fgld',4,1,1,0),(1236,'fgld',2,1,1,0),(1098,'fzr',21,0,0,0),(1099,'fzr',22,0,0,0),(1100,'fzr',23,0,0,0),(1125,'zr',21,0,0,0),(1126,'zr',22,0,0,0),(1127,'zr',23,0,0,0),(1344,'management',2,0,0,0),(1235,'jsz',23,0,0,0),(1234,'jsz',22,0,0,0),(1233,'jsz',21,0,0,0),(1232,'jsz',20,0,0,0),(1231,'jsz',19,0,0,0),(1230,'jsz',18,0,0,0),(1229,'jsz',17,1,1,0),(1228,'jsz',29,1,1,0),(1227,'jsz',27,1,1,0),(1226,'jsz',26,1,1,0),(1225,'jsz',25,1,1,0),(1224,'jsz',16,1,1,0),(1223,'jsz',15,1,1,0),(1222,'jsz',14,1,1,0),(1221,'jsz',30,1,1,0),(1220,'jsz',28,1,1,0),(1219,'jsz',13,1,1,0),(1218,'jsz',24,1,1,0),(1217,'jsz',12,1,1,0),(1216,'jsz',11,1,0,0),(1215,'jsz',10,1,0,0),(1214,'jsz',9,1,0,0),(1213,'jsz',8,1,0,0),(1212,'jsz',7,1,0,0),(1211,'jsz',6,0,0,0),(1210,'jsz',4,0,0,0),(1209,'jsz',2,0,0,0),(1182,'xdnq',0,0,0,0),(1183,'xdnq',0,1,0,0),(1184,'xdnq',0,0,0,0),(1185,'xdnq',0,1,0,0),(1186,'xdnq',0,1,0,0),(1187,'xdnq',0,1,0,0),(1188,'xdnq',0,1,0,0),(1189,'xdnq',0,1,0,0),(1190,'xdnq',0,1,1,0),(1191,'xdnq',0,1,1,0),(1192,'xdnq',0,1,1,0),(1193,'xdnq',0,1,1,0),(1194,'xdnq',0,1,1,0),(1195,'xdnq',0,1,1,0),(1196,'xdnq',0,1,1,0),(1197,'xdnq',0,1,1,0),(1198,'xdnq',0,1,1,0),(1199,'xdnq',0,1,1,0),(1200,'xdnq',0,1,1,0),(1201,'xdnq',0,1,1,0),(1202,'xdnq',0,1,1,0),(1203,'xdnq',0,0,0,0),(1204,'xdnq',0,0,0,0),(1205,'xdnq',0,0,0,0),(1206,'xdnq',0,0,0,0),(1207,'xdnq',0,0,0,0),(1208,'xdnq',0,0,0,0),(1559,'gzy',23,1,1,0),(1558,'gzy',22,1,1,0),(1557,'gzy',21,1,1,0),(1556,'gzy',20,1,1,0),(1555,'gzy',19,1,1,0),(1554,'gzy',18,1,1,0),(1553,'gzy',17,1,1,0),(1552,'gzy',29,1,1,0),(1551,'gzy',27,1,1,0),(1550,'gzy',26,1,1,0),(1549,'gzy',25,1,1,0),(1548,'gzy',16,1,1,0),(1547,'gzy',15,1,1,0),(1546,'gzy',14,1,1,0),(1545,'gzy',30,1,1,0),(1544,'gzy',28,1,1,0),(1543,'gzy',13,1,1,0),(1542,'gzy',24,1,1,0),(1541,'gzy',12,1,1,0),(1540,'gzy',11,1,0,0),(1539,'gzy',10,1,0,0),(1538,'gzy',9,1,0,0),(1537,'gzy',8,1,0,0),(1536,'gzy',7,1,0,0),(1535,'gzy',6,0,0,0),(1534,'gzy',4,0,0,0),(1533,'gzy',2,1,1,0);

/*Table structure for table `rectify` */

DROP TABLE IF EXISTS `rectify`;

CREATE TABLE `rectify` (
  `id` int(11) NOT NULL AUTO_INCREMENT COMMENT '整改通知主键ID',
  `draft_id` int(11) NOT NULL DEFAULT '0' COMMENT '工作底稿ID',
  `confirmation_id` int(11) NOT NULL DEFAULT '0' COMMENT '事实确认书ID',
  `user_id` int(11) NOT NULL DEFAULT '0' COMMENT '签署人ID',
  `last_time` date DEFAULT NULL COMMENT '整改报告提交时间',
  `update_time` timestamp NULL DEFAULT NULL COMMENT '更新日期',
  `year` year(4) DEFAULT NULL COMMENT '年份',
  `number` int(11) DEFAULT '0' COMMENT '编号',
  `state` enum('draft','publish') NOT NULL DEFAULT 'draft' COMMENT '状态（draft草稿|publish发布）',
  `delete` tinyint(1) NOT NULL DEFAULT '0' COMMENT '删除（0未删|1删除）',
  PRIMARY KEY (`id`)
) ENGINE=InnoDB AUTO_INCREMENT=29 DEFAULT CHARSET=utf8;

/*Data for the table `rectify` */

/*Table structure for table `rectify_demand` */

DROP TABLE IF EXISTS `rectify_demand`;

CREATE TABLE `rectify_demand` (
  `id` int(11) NOT NULL AUTO_INCREMENT COMMENT '整改要求ID',
  `rectify_id` int(11) DEFAULT NULL COMMENT '整改通知书id',
  `content` varchar(10000) DEFAULT NULL COMMENT '整改要求',
  `delete` tinyint(1) NOT NULL DEFAULT '0' COMMENT '删除（0未删|1删除）',
  PRIMARY KEY (`id`)
) ENGINE=InnoDB AUTO_INCREMENT=11 DEFAULT CHARSET=utf8;

/*Data for the table `rectify_demand` */

/*Table structure for table `rectify_report` */

DROP TABLE IF EXISTS `rectify_report`;

CREATE TABLE `rectify_report` (
  `id` int(11) NOT NULL AUTO_INCREMENT COMMENT '整改报告ID',
  `rectify_id` int(11) NOT NULL DEFAULT '0' COMMENT '整改通知ID',
  `state` enum('draft','publish') NOT NULL DEFAULT 'draft' COMMENT '状态（draft草稿|publish发布）',
  `update_time` datetime DEFAULT NULL COMMENT '更新时间',
  `delete` tinyint(1) NOT NULL DEFAULT '0' COMMENT '删除（0未删|1已删）',
  PRIMARY KEY (`id`)
) ENGINE=InnoDB AUTO_INCREMENT=68 DEFAULT CHARSET=utf8;

/*Data for the table `rectify_report` */

/*Table structure for table `rectify_report_content` */

DROP TABLE IF EXISTS `rectify_report_content`;

CREATE TABLE `rectify_report_content` (
  `id` int(11) NOT NULL AUTO_INCREMENT COMMENT '整改详情ID',
  `rectify_report_id` int(11) NOT NULL DEFAULT '0' COMMENT '整改报告ID',
  `draft_content_id` int(11) NOT NULL DEFAULT '0' COMMENT '工作底稿违规内容ID',
  `content` varchar(500) DEFAULT NULL COMMENT '整改详情',
  `time` date DEFAULT NULL COMMENT '整改时间',
  `delete` tinyint(1) NOT NULL DEFAULT '0' COMMENT '删除（0未删|1已删）',
  PRIMARY KEY (`id`)
) ENGINE=InnoDB AUTO_INCREMENT=140 DEFAULT CHARSET=utf8;

/*Data for the table `rectify_report_content` */

/*Table structure for table `rectify_report_content_user` */

DROP TABLE IF EXISTS `rectify_report_content_user`;

CREATE TABLE `rectify_report_content_user` (
  `id` int(11) NOT NULL AUTO_INCREMENT COMMENT '整改人信息ID',
  `rectify_report_id` int(11) DEFAULT NULL COMMENT '整改报告ID',
  `rectify_report_content_id` int(11) NOT NULL DEFAULT '0' COMMENT '整改报告内容ID',
  `user_id` int(11) NOT NULL DEFAULT '0' COMMENT '整改人ID',
  `delete` tinyint(1) NOT NULL DEFAULT '0' COMMENT '删除（0未删|1已删）',
  PRIMARY KEY (`id`)
) ENGINE=InnoDB AUTO_INCREMENT=96 DEFAULT CHARSET=utf8;

/*Data for the table `rectify_report_content_user` */

/*Table structure for table `rectify_report_file` */

DROP TABLE IF EXISTS `rectify_report_file`;

CREATE TABLE `rectify_report_file` (
  `id` int(11) NOT NULL AUTO_INCREMENT COMMENT '整改附件ID',
  `file_id` int(11) NOT NULL DEFAULT '0' COMMENT '附件ID',
  `rectify_report_id` int(11) NOT NULL DEFAULT '0' COMMENT '整改报告ID',
  `delete` tinyint(1) NOT NULL DEFAULT '0' COMMENT '删除（0未删|1已删）',
  PRIMARY KEY (`id`)
) ENGINE=InnoDB AUTO_INCREMENT=59 DEFAULT CHARSET=utf8;

/*Data for the table `rectify_report_file` */

/*Table structure for table `rectify_suggest` */

DROP TABLE IF EXISTS `rectify_suggest`;

CREATE TABLE `rectify_suggest` (
  `id` int(11) NOT NULL AUTO_INCREMENT COMMENT '整改要求ID',
  `rectify_id` int(11) DEFAULT NULL COMMENT '整改通知书id',
  `content` varchar(10000) DEFAULT NULL COMMENT '整改建议',
  `delete` tinyint(1) NOT NULL DEFAULT '0' COMMENT '删除（0未删|1删除）',
  PRIMARY KEY (`id`)
) ENGINE=InnoDB AUTO_INCREMENT=11 DEFAULT CHARSET=utf8;

/*Data for the table `rectify_suggest` */

/*Table structure for table `user_job` */

DROP TABLE IF EXISTS `user_job`;

CREATE TABLE `user_job` (
  `id` int(11) NOT NULL AUTO_INCREMENT COMMENT '主键ID',
  `user_id` int(11) DEFAULT NULL COMMENT '人员ID',
  `job` char(20) DEFAULT NULL COMMENT '岗位',
  `delete` tinyint(1) NOT NULL DEFAULT '0' COMMENT '删除（0未删|1已删）',
  PRIMARY KEY (`id`)
) ENGINE=MyISAM DEFAULT CHARSET=utf8;

/*Data for the table `user_job` */

/*Table structure for table `users` */

DROP TABLE IF EXISTS `users`;

CREATE TABLE `users` (
  `user_id` int(11) NOT NULL AUTO_INCREMENT COMMENT '人员ID',
  `department_id` int(11) NOT NULL DEFAULT '0' COMMENT '部门ID',
  `user_name` char(50) DEFAULT NULL COMMENT '姓名',
  `user_code` char(50) NOT NULL COMMENT '员工号',
  `class` char(20) DEFAULT NULL COMMENT '民族',
  `sex` int(1) NOT NULL DEFAULT '0' COMMENT '性别（0保密1女2男）',
  `phone` char(20) DEFAULT NULL COMMENT '联系方式',
  `id_card` char(18) DEFAULT NULL COMMENT '身份证',
  `portrait_id` int(11) NOT NULL DEFAULT '0' COMMENT '头像ID',
  `update_time` timestamp NULL DEFAULT NULL COMMENT '更新时间',
  `delete` tinyint(1) NOT NULL DEFAULT '0' COMMENT '是否删除',
  PRIMARY KEY (`user_id`)
) ENGINE=InnoDB AUTO_INCREMENT=179 DEFAULT CHARSET=utf8;

/*Data for the table `users` */

insert  into `users`(`user_id`,`department_id`,`user_name`,`user_code`,`class`,`sex`,`phone`,`id_card`,`portrait_id`,`update_time`,`delete`) values (-1,1,'超级管理员','admin','汉',1,'','',0,'2019-01-16 22:47:03',0),(71,1,'肖勇','125553','汉族',2,'','522325197808260016',0,'2019-01-16 21:43:35',0),(72,1,'王兴林','108060','布依族',2,'','522322196203242815',0,'2019-01-16 21:43:35',0),(73,1,'蹇安俊','113110','汉族',2,'','522322197007169811',0,'2019-01-16 21:43:35',0),(74,1,'廖志刚','129865','苗族',2,'','522322197303200019',0,'2019-01-16 21:43:35',0),(75,1,'潘鸿雁','127748','汉族',1,'','522322197601290024',0,'2019-01-16 21:43:35',0),(76,1,'张昌武','103030','汉族',2,'','522323198312205410',0,'2019-01-16 21:43:35',0),(77,21,'白玉彪','112626','回族',2,'','522322197302280037',0,'2019-01-16 21:56:43',0),(78,21,'邵启俊','119018','汉族',2,'','522322196607281618',0,'2019-01-16 21:56:43',0),(79,21,'戴军','125418','彝族',2,'','522322196608171218',0,'2019-01-16 21:56:43',0),(80,21,'王东升','105919','汉族',2,'','522322197205262312',0,'2019-01-16 21:56:43',0),(81,21,'秦书荣','112049','汉族',2,'','522322197109040437',0,'2019-01-16 21:56:43',0),(82,21,'王开武','101748','布依族',2,'','522322197012160811',0,'2019-01-16 21:56:43',0),(83,21,'张凯俊','126351','汉族',2,'','522322198703261632',0,'2019-01-16 21:56:43',0),(84,22,'胡洪娟','130568','傣族',1,'','522324197901210025',0,'2019-01-16 22:12:00',0),(85,23,'吴国琪','121397','汉族',2,'','522322197602120019',0,'2019-01-16 22:13:02',0),(86,24,'杨栋森','114911','布依族',2,'','520111198012305411',0,'2019-01-16 22:15:42',0),(87,25,'宋虹霖','124060','黎族',2,'','522322198908050433',0,'2019-01-16 22:16:43',0),(88,25,'杨金林','130711','汉族',2,'','522322199011041211',0,'2019-01-16 22:16:43',0),(89,26,'周莹','104896','汉族',1,'','522428198610235228',0,'2019-01-16 22:17:40',0),(90,26,'吴骎','116669','汉族',1,'','522322199009250444',0,'2019-01-16 22:17:40',0),(91,27,'金山','116068','汉族',2,'','522322196710072873',0,'2019-01-16 22:19:30',0),(92,28,'李远清','114227','汉族',2,'','522328196308100037',0,'2019-01-16 22:20:50',0),(93,29,'陈荔','111553','汉族',1,'','522327198310050027',0,'2019-01-16 22:22:18',0),(94,29,'贺国慧','104942','汉族',1,'','522322197410250425',0,'2019-01-16 22:22:18',0),(95,29,'王恒','117523','布依族',1,'','522322199101010064',0,'2019-01-16 22:22:18',0),(96,29,'文雯','101047','彝族',1,'','522322198203312827',0,'2019-01-16 22:22:18',0),(97,30,'陈霞','125520','汉族',1,'','522322197504260042',0,'2019-01-16 22:23:20',0),(98,30,'周明会','117838','汉族',1,'','522322196602060023',0,'2019-01-16 22:23:20',0),(99,30,'李敦齐','124946','汉族',1,'','522322196811250069',0,'2019-01-16 22:23:20',0),(100,30,'陈天琼','101110','汉族',1,'','522322197412300027',0,'2019-01-16 22:23:20',0),(101,30,'陈春兰','102993','汉族',1,'','522322196505220080',0,'2019-01-16 22:23:20',0),(102,30,'马乾英','103922','汉族',1,'','522322197611090026',0,'2019-01-16 22:23:20',0),(103,30,'郑昌淑','122029','汉族',1,'','522322196811146042',0,'2019-01-16 22:23:20',0),(104,31,'陆妍','120622','布依族',1,'','522322197212070087',0,'2019-01-16 22:24:36',0),(105,31,'王良先','108846','汉族',1,'','522322196501251525',0,'2019-01-16 22:24:36',0),(106,31,'屠治静','119049','汉族',1,'','522322197612060021',0,'2019-01-16 22:24:36',0),(107,31,'马兴蓉','134090','回族',1,'','522322197102240022',0,'2019-01-16 22:24:36',0),(108,31,'余汝北','124303','布依族',1,'','522322197309101660',0,'2019-01-16 22:24:36',0),(109,32,'杨廷兰','133918','苗族',1,'','522322197412150428',0,'2019-01-16 22:25:50',0),(110,32,'张英','112321','彝族',1,'','522322198208212243',0,'2019-01-16 22:25:50',0),(111,32,'陈龙','131703','布依族',2,'','522321198201260414',0,'2019-01-16 22:25:50',0),(112,32,'班廷林','119243','苗族',2,'','522328198310043712',0,'2019-01-16 22:25:50',0),(113,33,'熊江莉','107842','汉族',1,'','522325196708170043',0,'2019-01-16 22:29:17',0),(114,33,'戴芳','126091','苗族',1,'','522322197711201029',0,'2019-01-16 22:29:17',0),(115,34,'张恩勇','121672','汉族',2,'','522322197910102218',0,'2019-01-16 22:30:29',0),(116,34,'李波','121225','汉族',2,'','522322199006142018',0,'2019-01-16 22:30:29',0),(117,34,'张权','116986','汉族',2,'','522322198509080010',0,'2019-01-16 22:30:29',0),(118,35,'黎高萍','121792','汉族',1,'','522321198209201283',0,'2019-01-16 22:31:45',0),(119,35,'高辉','126736','汉族',1,'','222401198008060620',0,'2019-01-16 22:31:45',0),(120,35,'吴应启','129051','苗族',2,'','520202198808026310',0,'2019-01-16 22:31:45',0),(121,35,'姚楠','122731','汉族',1,'','52232219860726004X',0,'2019-01-16 22:31:45',0),(122,36,'曾光飞','121857','汉族',2,'','522322197109232316',0,'2019-01-16 22:34:23',0),(123,36,'姜兴忠','114435','侗族',2,'','522322196111120036',0,'2019-01-16 22:34:23',0),(124,36,'戴端成','108273','汉族',2,'','522322196010191214',0,'2019-01-16 22:34:23',0),(125,36,'彭珍元','106628','汉族',2,'','520202198203152816',0,'2019-01-16 22:34:23',0),(126,36,'马学仁','101848','回族',2,'','522322196803182019',0,'2019-01-16 22:34:23',0),(127,36,'刘观福','125850','汉族',2,'','522322196310235012',0,'2019-01-16 22:34:23',0),(128,36,'张秀凡','120117','汉族',2,'','522322196309220577',0,'2019-01-16 22:34:23',0),(129,36,'周仕刚','122221','汉族',2,'','522322196510121212',0,'2019-01-16 22:34:23',0),(130,36,'严仕祥','120820','汉族',2,'','522322196403130818',0,'2019-01-16 22:34:23',0),(131,36,'张靖培','111072','汉族',2,'','522322197212100012',0,'2019-01-16 22:34:23',0),(132,36,'李大江','130742','汉族',2,'','522322197711251413',0,'2019-01-16 22:34:23',0),(133,37,'刘金炫','104897','苗族',2,'','52232219891204081X',0,'2019-01-16 22:35:48',0),(134,37,'杨文雁','130563','汉族',1,'','522322198503020068',0,'2019-01-16 22:35:48',0),(135,37,'代世勋','126598','汉族',2,'','522322198609101413',0,'2019-01-16 22:35:48',0),(136,37,'陈帅','124710','汉族',2,'','522425199206160039',0,'2019-01-16 22:35:48',0),(137,37,'杨林山','115039','汉族',2,'','522322198412180031',0,'2019-01-16 22:35:48',0),(138,37,'黄仕鹏','109386','布依族',2,'','522321199111104957',0,'2019-01-16 22:35:48',0),(139,38,'牟德贵','103713','汉族',2,'','522322197708110011',0,'2019-01-16 22:38:12',0),(140,38,'龙思伟','128249','汉族',2,'','522322198301062438',0,'2019-01-16 22:38:12',0),(141,39,'周再旺','116479','汉族',2,'','522322198509221039',0,'2019-01-16 22:40:02',0),(142,39,'谢龙','120208','汉族',2,'','522321198908146738',0,'2019-01-16 22:40:02',0),(143,39,'谭华阳','126610','汉族',2,'','522322198410154219',0,'2019-01-16 22:40:02',0),(144,39,'吴娅','125976','汉族',1,'','522323199110025424',0,'2019-01-16 22:40:02',0),(145,39,'游姣','134218','汉族',1,'','520121198603080026',0,'2019-01-16 22:40:02',0),(146,40,'郭继兰','116228','汉族',1,'','522322198611170020',0,'2019-01-16 22:41:55',0),(147,40,'赵丹','116400','汉族',1,'','52232219891224242X',0,'2019-01-16 22:41:55',0),(148,40,'黎朦','112348','汉族',1,'','522321199310310024',0,'2019-01-16 22:41:55',0),(149,40,'李应菊','118929','汉族',1,'','522322196606180065',0,'2019-01-16 22:41:55',0),(150,40,'岑梦姗','119331','布依族',1,'','522321199001155227',0,'2019-01-16 22:41:55',0),(151,40,'赵舒婷','138079','汉族',1,'','522321199406131223',0,'2019-01-16 22:41:55',0),(152,40,'杨林素','185262','回族',1,'','522328199203112422',0,'2019-01-16 22:41:55',0),(153,40,'屠国娇','139068','汉族',1,'','522322199306252841',0,'2019-01-16 22:41:55',0),(154,40,'向高焰','131683','汉族',1,'','522322198308030025',0,'2019-01-16 22:41:55',0),(155,40,'郑秀英','138786','汉族',1,'','520122199011171224',0,'2019-01-16 22:41:55',0),(156,40,'雷明阳','126798','汉族',1,'','52232119930706124X',0,'2019-01-16 22:41:55',0),(157,41,'陈强','120029','黎族',2,'','52232219870622233X',0,'2019-01-16 22:43:23',0),(158,41,'曾庆娥','109492','汉族',1,'','522122198607031828',0,'2019-01-16 22:43:23',0),(159,41,'周春','116671','汉族',2,'','522324198702161210',0,'2019-01-16 22:43:23',0),(160,41,'张兴宇','104392','汉族',2,'','52232219920214001X',0,'2019-01-16 22:43:23',0),(161,41,'彭隆庆','131607','汉族',2,'','522322198903040017',0,'2019-01-16 22:43:23',0),(162,41,'秦诗涛','104303','汉族',1,'','522322198804070042',0,'2019-01-16 22:43:23',0),(163,41,'王琼','125968','黎族',1,'','522322198306192020',0,'2019-01-16 22:43:23',0),(164,41,'龙成婕','114355','汉族',1,'','522322199503010024',0,'2019-01-16 22:43:23',0),(165,41,'余开祥','124006','布依族',2,'','522322199101130832',0,'2019-01-16 22:43:23',0),(166,42,'邹艳','126547','汉族',1,'','522322198711232444',0,'2019-01-16 22:45:07',0),(167,42,'雷芳','134107','汉族',1,'','522321198908084362',0,'2019-01-16 22:45:07',0),(168,42,'黄发','126276','汉族',2,'','522323199012283016',0,'2019-01-16 22:45:07',0),(169,42,'董莉','103040','布依族',1,'','522322198607301825',0,'2019-01-16 22:45:07',0),(170,42,'潘明佑','115022','布依族',2,'','522322198509073515',0,'2019-01-16 22:45:07',0),(171,42,'李堂梅','101763','汉族',1,'','522322197102270029',0,'2019-01-16 22:45:07',0),(172,42,'张炜','199837','回族',2,'','522323199011254432',0,'2019-01-16 22:45:07',0),(173,1,'测试人员--分管领导','9527001','汉',0,'18153101234','522623199712035142',0,'2019-01-17 00:08:16',1),(174,1,'测试人员--部门负责人','9527002','汉',0,'181562131562','522623199712045234',0,'2019-01-17 00:08:26',1),(175,1,'测试人员--业务员','9527003','汉',0,'181562347591','522645899651798526',0,'2019-01-17 00:08:43',1),(176,43,'测试人员--分管领导','9527001','汉',0,'1815312645','522623199712045234',0,'2019-01-17 00:10:53',0),(177,43,'测试人员--部门负责人','9527002','汉',0,'1814266875','522623199712045234',0,'2019-01-17 00:12:28',0),(178,43,'测试人员--工作员','9527003','汉',0,'18153106234','522623199712045234',0,'2019-01-17 00:16:19',0);

/*!40101 SET SQL_MODE=@OLD_SQL_MODE */;
/*!40014 SET FOREIGN_KEY_CHECKS=@OLD_FOREIGN_KEY_CHECKS */;
/*!40014 SET UNIQUE_CHECKS=@OLD_UNIQUE_CHECKS */;
/*!40111 SET SQL_NOTES=@OLD_SQL_NOTES */;
